REQ_ID,PRIORITY,GATE,ORIGIN,SOURCE_FAMILY,SOURCE_DOCUMENT,SOURCE_PATH,SOURCE_SECTION,SOURCE_HASH,CURRENT_REPOSITORY_HEAD,APPLICATION_RC_SOURCE_SHA,TARGET_SERVICE,API_ENDPOINT_OR_FAMILY,DB_TABLES,UI_ROUTE,TEST_GATE,CURRENT_STATUS,CODE_PATH,TEST_PATH,RUNTIME_EVIDENCE,BLOCKER,NEXT_ACTION,LEGACY_305_MAPPING
FIN-001,P0,LAUNCH_MANDATORY,FUNCTION_SPEC_V2,FUNCTION_SPEC_V2,????_???_??_??_???_v2.0_???.pdf,C:\Users\PC\Downloads\????_???_??_??_???_v2.0_???.pdf,5.  공통 데이터·계산·   서버 권위 규칙,F00630BD45D5CD19B3D6EC57BC1F0F8B407548D3086F4DA76CF55BDDF994A1F4,81691409da91ddc26b85da7eceb4d773ee82197d,80cc5cdfb0758478791b19196e2812e7fa6d671f,"api,db,mobile,admin","/api/v1/payroll,/api/v1/daily-budgets,/api/v1/variable-expenses,/api/v1/savings","payroll_plans,daily_budgets,fixed_expenses,variable_expenses,savings_plans,payroll_calculation_snapshots",,PHASE_VALIDATION_FIN,PARTIAL,services/api/src/routes/payroll.routes.ts; daily-budgets.routes.ts; variable-expenses.routes.ts; savings.routes.ts,scripts/audit/validate-phase-0-baseline.mjs; scripts/audit/validate-phase-2-database.mjs,DB layer enforces KRW integer columns through bigint/integer and financial constraints on payroll/budget/expense/savings tables; full server-authoritative API runtime remains outside Phase 2.,,Complete API runtime calculation verification in backend/finance phase.,10
FIN-002,P0,LAUNCH_MANDATORY,FUNCTION_SPEC_V2,FUNCTION_SPEC_V2,????_???_??_??_???_v2.0_???.pdf,C:\Users\PC\Downloads\????_???_??_??_???_v2.0_???.pdf,5.  공통 데이터·계산·   서버 권위 규칙,F00630BD45D5CD19B3D6EC57BC1F0F8B407548D3086F4DA76CF55BDDF994A1F4,34ff98d342acdacf125b2a6457ac4815947ee111,80cc5cdfb0758478791b19196e2812e7fa6d671f,"api,db,mobile,admin","/api/v1/payroll,/api/v1/daily-budgets,/api/v1/variable-expenses,/api/v1/savings","payroll_plans,daily_budgets,fixed_expenses,variable_expenses,savings_plans,payroll_calculation_snapshots",,PHASE_VALIDATION_FIN,PARTIAL,services/api/src/routes/payroll.routes.ts; daily-budgets.routes.ts; variable-expenses.routes.ts; savings.routes.ts,scripts/audit/validate-phase-0-baseline.mjs,Phase 0 does not execute runtime; see current public smoke/audit evidence where applicable.,,Use this canonical trace row as input to Phase 1/2 owner work; do not reduce target spec to current implementation.,11
FIN-003,P0,LAUNCH_MANDATORY,FUNCTION_SPEC_V2,FUNCTION_SPEC_V2,????_???_??_??_???_v2.0_???.pdf,C:\Users\PC\Downloads\????_???_??_??_???_v2.0_???.pdf,5.  공통 데이터·계산·   서버 권위 규칙,F00630BD45D5CD19B3D6EC57BC1F0F8B407548D3086F4DA76CF55BDDF994A1F4,34ff98d342acdacf125b2a6457ac4815947ee111,80cc5cdfb0758478791b19196e2812e7fa6d671f,"api,db,mobile,admin","/api/v1/payroll,/api/v1/daily-budgets,/api/v1/variable-expenses,/api/v1/savings","payroll_plans,daily_budgets,fixed_expenses,variable_expenses,savings_plans,payroll_calculation_snapshots",,PHASE_VALIDATION_FIN,PARTIAL,services/api/src/routes/payroll.routes.ts; daily-budgets.routes.ts; variable-expenses.routes.ts; savings.routes.ts,scripts/audit/validate-phase-0-baseline.mjs,Phase 0 does not execute runtime; see current public smoke/audit evidence where applicable.,,Use this canonical trace row as input to Phase 1/2 owner work; do not reduce target spec to current implementation.,NO_DIRECT_LEGACY_ROW
FIN-004,P0,LAUNCH_MANDATORY,FUNCTION_SPEC_V2,FUNCTION_SPEC_V2,????_???_??_??_???_v2.0_???.pdf,C:\Users\PC\Downloads\????_???_??_??_???_v2.0_???.pdf,5.  공통 데이터·계산·   서버 권위 규칙,F00630BD45D5CD19B3D6EC57BC1F0F8B407548D3086F4DA76CF55BDDF994A1F4,34ff98d342acdacf125b2a6457ac4815947ee111,80cc5cdfb0758478791b19196e2812e7fa6d671f,"api,db,mobile,admin","/api/v1/payroll,/api/v1/daily-budgets,/api/v1/variable-expenses,/api/v1/savings","payroll_plans,daily_budgets,fixed_expenses,variable_expenses,savings_plans,payroll_calculation_snapshots",,PHASE_VALIDATION_FIN,PARTIAL,services/api/src/routes/payroll.routes.ts; daily-budgets.routes.ts; variable-expenses.routes.ts; savings.routes.ts,scripts/audit/validate-phase-0-baseline.mjs,Phase 0 does not execute runtime; see current public smoke/audit evidence where applicable.,,Use this canonical trace row as input to Phase 1/2 owner work; do not reduce target spec to current implementation.,NO_DIRECT_LEGACY_ROW
FIN-005,P0,LAUNCH_MANDATORY,FUNCTION_SPEC_V2,FUNCTION_SPEC_V2,????_???_??_??_???_v2.0_???.pdf,C:\Users\PC\Downloads\????_???_??_??_???_v2.0_???.pdf,5.  공통 데이터·계산·   서버 권위 규칙,F00630BD45D5CD19B3D6EC57BC1F0F8B407548D3086F4DA76CF55BDDF994A1F4,34ff98d342acdacf125b2a6457ac4815947ee111,80cc5cdfb0758478791b19196e2812e7fa6d671f,"api,db,mobile,admin","/api/v1/payroll,/api/v1/daily-budgets,/api/v1/variable-expenses,/api/v1/savings","payroll_plans,daily_budgets,fixed_expenses,variable_expenses,savings_plans,payroll_calculation_snapshots",,PHASE_VALIDATION_FIN,PARTIAL,services/api/src/routes/payroll.routes.ts; daily-budgets.routes.ts; variable-expenses.routes.ts; savings.routes.ts,scripts/audit/validate-phase-0-baseline.mjs,Phase 0 does not execute runtime; see current public smoke/audit evidence where applicable.,,Use this canonical trace row as input to Phase 1/2 owner work; do not reduce target spec to current implementation.,NO_DIRECT_LEGACY_ROW
FIN-006,P0,LAUNCH_MANDATORY,FUNCTION_SPEC_V2,FUNCTION_SPEC_V2,????_???_??_??_???_v2.0_???.pdf,C:\Users\PC\Downloads\????_???_??_??_???_v2.0_???.pdf,5.  공통 데이터·계산·   서버 권위 규칙,F00630BD45D5CD19B3D6EC57BC1F0F8B407548D3086F4DA76CF55BDDF994A1F4,34ff98d342acdacf125b2a6457ac4815947ee111,80cc5cdfb0758478791b19196e2812e7fa6d671f,"api,db,mobile,admin","/api/v1/payroll,/api/v1/daily-budgets,/api/v1/variable-expenses,/api/v1/savings","payroll_plans,daily_budgets,fixed_expenses,variable_expenses,savings_plans,payroll_calculation_snapshots",,PHASE_VALIDATION_FIN,PARTIAL,services/api/src/routes/payroll.routes.ts; daily-budgets.routes.ts; variable-expenses.routes.ts; savings.routes.ts,scripts/audit/validate-phase-0-baseline.mjs,Phase 0 does not execute runtime; see current public smoke/audit evidence where applicable.,,Use this canonical trace row as input to Phase 1/2 owner work; do not reduce target spec to current implementation.,NO_DIRECT_LEGACY_ROW
FIN-007,P0,LAUNCH_MANDATORY,FUNCTION_SPEC_V2,FUNCTION_SPEC_V2,????_???_??_??_???_v2.0_???.pdf,C:\Users\PC\Downloads\????_???_??_??_???_v2.0_???.pdf,5.  공통 데이터·계산·   서버 권위 규칙,F00630BD45D5CD19B3D6EC57BC1F0F8B407548D3086F4DA76CF55BDDF994A1F4,34ff98d342acdacf125b2a6457ac4815947ee111,80cc5cdfb0758478791b19196e2812e7fa6d671f,"api,db,mobile,admin","/api/v1/payroll,/api/v1/daily-budgets,/api/v1/variable-expenses,/api/v1/savings","payroll_plans,daily_budgets,fixed_expenses,variable_expenses,savings_plans,payroll_calculation_snapshots",,PHASE_VALIDATION_FIN,PARTIAL,services/api/src/routes/payroll.routes.ts; daily-budgets.routes.ts; variable-expenses.routes.ts; savings.routes.ts,scripts/audit/validate-phase-0-baseline.mjs,Phase 0 does not execute runtime; see current public smoke/audit evidence where applicable.,,Use this canonical trace row as input to Phase 1/2 owner work; do not reduce target spec to current implementation.,NO_DIRECT_LEGACY_ROW
FIN-008,P0,LAUNCH_MANDATORY,FUNCTION_SPEC_V2,FUNCTION_SPEC_V2,????_???_??_??_???_v2.0_???.pdf,C:\Users\PC\Downloads\????_???_??_??_???_v2.0_???.pdf,5.  공통 데이터·계산·   서버 권위 규칙,F00630BD45D5CD19B3D6EC57BC1F0F8B407548D3086F4DA76CF55BDDF994A1F4,81691409da91ddc26b85da7eceb4d773ee82197d,80cc5cdfb0758478791b19196e2812e7fa6d671f,"api,db,mobile,admin","/api/v1/payroll,/api/v1/daily-budgets,/api/v1/variable-expenses,/api/v1/savings","payroll_plans,daily_budgets,fixed_expenses,variable_expenses,savings_plans,payroll_calculation_snapshots",,PHASE_VALIDATION_FIN,PARTIAL,services/api/src/routes/payroll.routes.ts; daily-budgets.routes.ts; variable-expenses.routes.ts; savings.routes.ts,scripts/audit/validate-phase-0-baseline.mjs; scripts/audit/validate-phase-2-database.mjs,"DB layer provides ownership, idempotency, duplicate XP, and refund/expense constraints; full deterministic recalculation runtime remains outside Phase 2.",,Complete API finance recalculation and event audit verification.,NO_DIRECT_LEGACY_ROW
FIN-009,P0,LAUNCH_MANDATORY,FUNCTION_SPEC_V2,FUNCTION_SPEC_V2,????_???_??_??_???_v2.0_???.pdf,C:\Users\PC\Downloads\????_???_??_??_???_v2.0_???.pdf,5.  공통 데이터·계산·   서버 권위 규칙,F00630BD45D5CD19B3D6EC57BC1F0F8B407548D3086F4DA76CF55BDDF994A1F4,34ff98d342acdacf125b2a6457ac4815947ee111,80cc5cdfb0758478791b19196e2812e7fa6d671f,"api,db,mobile,admin","/api/v1/payroll,/api/v1/daily-budgets,/api/v1/variable-expenses,/api/v1/savings","payroll_plans,daily_budgets,fixed_expenses,variable_expenses,savings_plans,payroll_calculation_snapshots",,PHASE_VALIDATION_FIN,PARTIAL,services/api/src/routes/payroll.routes.ts; daily-budgets.routes.ts; variable-expenses.routes.ts; savings.routes.ts,scripts/audit/validate-phase-0-baseline.mjs,Phase 0 does not execute runtime; see current public smoke/audit evidence where applicable.,,Use this canonical trace row as input to Phase 1/2 owner work; do not reduce target spec to current implementation.,NO_DIRECT_LEGACY_ROW
FIN-010,P0,LAUNCH_MANDATORY,FUNCTION_SPEC_V2,FUNCTION_SPEC_V2,????_???_??_??_???_v2.0_???.pdf,C:\Users\PC\Downloads\????_???_??_??_???_v2.0_???.pdf,5.  공통 데이터·계산·   서버 권위 규칙,F00630BD45D5CD19B3D6EC57BC1F0F8B407548D3086F4DA76CF55BDDF994A1F4,34ff98d342acdacf125b2a6457ac4815947ee111,80cc5cdfb0758478791b19196e2812e7fa6d671f,"api,db,mobile,admin","/api/v1/payroll,/api/v1/daily-budgets,/api/v1/variable-expenses,/api/v1/savings","payroll_plans,daily_budgets,fixed_expenses,variable_expenses,savings_plans,payroll_calculation_snapshots",,PHASE_VALIDATION_FIN,PARTIAL,services/api/src/routes/payroll.routes.ts; daily-budgets.routes.ts; variable-expenses.routes.ts; savings.routes.ts,scripts/audit/validate-phase-0-baseline.mjs,Phase 0 does not execute runtime; see current public smoke/audit evidence where applicable.,,Use this canonical trace row as input to Phase 1/2 owner work; do not reduce target spec to current implementation.,NO_DIRECT_LEGACY_ROW
AUTH-001,P0,LAUNCH_MANDATORY,FUNCTION_SPEC_V2,FUNCTION_SPEC_V2,????_???_??_??_???_v2.0_???.pdf,C:\Users\PC\Downloads\????_???_??_??_???_v2.0_???.pdf,6.1 인증·계정,F00630BD45D5CD19B3D6EC57BC1F0F8B407548D3086F4DA76CF55BDDF994A1F4,34ff98d342acdacf125b2a6457ac4815947ee111,80cc5cdfb0758478791b19196e2812e7fa6d671f,"api,db,mobile,admin",/api/v1/auth/*,"users,auth_credentials,auth_sessions,auth_email_verifications,auth_password_resets,auth_oauth_states,user_mfa_factors",apps/mobile/app/(auth)/*,PHASE_VALIDATION_AUTH,PARTIAL,services/api/src/routes/auth.routes.ts,scripts/audit/validate-phase-0-baseline.mjs,Phase 0 does not execute runtime; see current public smoke/audit evidence where applicable.,,Use this canonical trace row as input to Phase 1/2 owner work; do not reduce target spec to current implementation.,NO_DIRECT_LEGACY_ROW
AUTH-002,P0,LAUNCH_MANDATORY,FUNCTION_SPEC_V2,FUNCTION_SPEC_V2,????_???_??_??_???_v2.0_???.pdf,C:\Users\PC\Downloads\????_???_??_??_???_v2.0_???.pdf,6.1 인증·계정,F00630BD45D5CD19B3D6EC57BC1F0F8B407548D3086F4DA76CF55BDDF994A1F4,34ff98d342acdacf125b2a6457ac4815947ee111,80cc5cdfb0758478791b19196e2812e7fa6d671f,"api,db,mobile,admin",/api/v1/auth/*,"users,auth_credentials,auth_sessions,auth_email_verifications,auth_password_resets,auth_oauth_states,user_mfa_factors",apps/mobile/app/(auth)/*,PHASE_VALIDATION_AUTH,PARTIAL,services/api/src/routes/auth.routes.ts,scripts/audit/validate-phase-0-baseline.mjs,Phase 0 does not execute runtime; see current public smoke/audit evidence where applicable.,,Use this canonical trace row as input to Phase 1/2 owner work; do not reduce target spec to current implementation.,NO_DIRECT_LEGACY_ROW
AUTH-003,P0,LAUNCH_MANDATORY,FUNCTION_SPEC_V2,FUNCTION_SPEC_V2,????_???_??_??_???_v2.0_???.pdf,C:\Users\PC\Downloads\????_???_??_??_???_v2.0_???.pdf,6.1 인증·계정,F00630BD45D5CD19B3D6EC57BC1F0F8B407548D3086F4DA76CF55BDDF994A1F4,34ff98d342acdacf125b2a6457ac4815947ee111,80cc5cdfb0758478791b19196e2812e7fa6d671f,"api,db,mobile,admin",/api/v1/auth/*,"users,auth_credentials,auth_sessions,auth_email_verifications,auth_password_resets,auth_oauth_states,user_mfa_factors",apps/mobile/app/(auth)/*,PHASE_VALIDATION_AUTH,PARTIAL,services/api/src/routes/auth.routes.ts,scripts/audit/validate-phase-0-baseline.mjs,Phase 0 does not execute runtime; see current public smoke/audit evidence where applicable.,,Use this canonical trace row as input to Phase 1/2 owner work; do not reduce target spec to current implementation.,NO_DIRECT_LEGACY_ROW
AUTH-004,P1,LAUNCH_MANDATORY,FUNCTION_SPEC_V2,FUNCTION_SPEC_V2,????_???_??_??_???_v2.0_???.pdf,C:\Users\PC\Downloads\????_???_??_??_???_v2.0_???.pdf,6.1 인증·계정,F00630BD45D5CD19B3D6EC57BC1F0F8B407548D3086F4DA76CF55BDDF994A1F4,34ff98d342acdacf125b2a6457ac4815947ee111,80cc5cdfb0758478791b19196e2812e7fa6d671f,"api,db,mobile,admin",/api/v1/auth/*,"users,auth_credentials,auth_sessions,auth_email_verifications,auth_password_resets,auth_oauth_states,user_mfa_factors",apps/mobile/app/(auth)/*,PHASE_VALIDATION_AUTH,PARTIAL,services/api/src/routes/auth.routes.ts,scripts/audit/validate-phase-0-baseline.mjs,Phase 0 does not execute runtime; see current public smoke/audit evidence where applicable.,,Use this canonical trace row as input to Phase 1/2 owner work; do not reduce target spec to current implementation.,NO_DIRECT_LEGACY_ROW
AUTH-005,P1,LAUNCH_MANDATORY,FUNCTION_SPEC_V2,FUNCTION_SPEC_V2,????_???_??_??_???_v2.0_???.pdf,C:\Users\PC\Downloads\????_???_??_??_???_v2.0_???.pdf,6.1 인증·계정,F00630BD45D5CD19B3D6EC57BC1F0F8B407548D3086F4DA76CF55BDDF994A1F4,34ff98d342acdacf125b2a6457ac4815947ee111,80cc5cdfb0758478791b19196e2812e7fa6d671f,"api,db,mobile,admin",/api/v1/auth/*,"users,auth_credentials,auth_sessions,auth_email_verifications,auth_password_resets,auth_oauth_states,user_mfa_factors",apps/mobile/app/(auth)/*,PHASE_VALIDATION_AUTH,PARTIAL,services/api/src/routes/auth.routes.ts,scripts/audit/validate-phase-0-baseline.mjs,Phase 0 does not execute runtime; see current public smoke/audit evidence where applicable.,,Use this canonical trace row as input to Phase 1/2 owner work; do not reduce target spec to current implementation.,NO_DIRECT_LEGACY_ROW
AUTH-006,P1,LAUNCH_MANDATORY,FUNCTION_SPEC_V2,FUNCTION_SPEC_V2,????_???_??_??_???_v2.0_???.pdf,C:\Users\PC\Downloads\????_???_??_??_???_v2.0_???.pdf,6.1 인증·계정,F00630BD45D5CD19B3D6EC57BC1F0F8B407548D3086F4DA76CF55BDDF994A1F4,34ff98d342acdacf125b2a6457ac4815947ee111,80cc5cdfb0758478791b19196e2812e7fa6d671f,"api,db,mobile,admin",/api/v1/auth/*,"users,auth_credentials,auth_sessions,auth_email_verifications,auth_password_resets,auth_oauth_states,user_mfa_factors",apps/mobile/app/(auth)/*,PHASE_VALIDATION_AUTH,PARTIAL,services/api/src/routes/auth.routes.ts,scripts/audit/validate-phase-0-baseline.mjs,Phase 0 does not execute runtime; see current public smoke/audit evidence where applicable.,,Use this canonical trace row as input to Phase 1/2 owner work; do not reduce target spec to current implementation.,NO_DIRECT_LEGACY_ROW
AUTH-007,P1,LAUNCH_MANDATORY,FUNCTION_SPEC_V2,FUNCTION_SPEC_V2,????_???_??_??_???_v2.0_???.pdf,C:\Users\PC\Downloads\????_???_??_??_???_v2.0_???.pdf,6.1 인증·계정,F00630BD45D5CD19B3D6EC57BC1F0F8B407548D3086F4DA76CF55BDDF994A1F4,34ff98d342acdacf125b2a6457ac4815947ee111,80cc5cdfb0758478791b19196e2812e7fa6d671f,"api,db,mobile,admin",/api/v1/auth/*,"users,auth_credentials,auth_sessions,auth_email_verifications,auth_password_resets,auth_oauth_states,user_mfa_factors",apps/mobile/app/(auth)/*,PHASE_VALIDATION_AUTH,PARTIAL,services/api/src/routes/auth.routes.ts,scripts/audit/validate-phase-0-baseline.mjs,Phase 0 does not execute runtime; see current public smoke/audit evidence where applicable.,,Use this canonical trace row as input to Phase 1/2 owner work; do not reduce target spec to current implementation.,NO_DIRECT_LEGACY_ROW
AUTH-008,P0,LAUNCH_MANDATORY,FUNCTION_SPEC_V2,FUNCTION_SPEC_V2,????_???_??_??_???_v2.0_???.pdf,C:\Users\PC\Downloads\????_???_??_??_???_v2.0_???.pdf,6.1 인증·계정,F00630BD45D5CD19B3D6EC57BC1F0F8B407548D3086F4DA76CF55BDDF994A1F4,34ff98d342acdacf125b2a6457ac4815947ee111,80cc5cdfb0758478791b19196e2812e7fa6d671f,"api,db,mobile,admin",/api/v1/auth/*,"users,auth_credentials,auth_sessions,auth_email_verifications,auth_password_resets,auth_oauth_states,user_mfa_factors",apps/mobile/app/(auth)/*,PHASE_VALIDATION_AUTH,PARTIAL,services/api/src/routes/auth.routes.ts,scripts/audit/validate-phase-0-baseline.mjs,Phase 0 does not execute runtime; see current public smoke/audit evidence where applicable.,,Use this canonical trace row as input to Phase 1/2 owner work; do not reduce target spec to current implementation.,NO_DIRECT_LEGACY_ROW
AUTH-009,P1,LAUNCH_MANDATORY,FUNCTION_SPEC_V2,FUNCTION_SPEC_V2,????_???_??_??_???_v2.0_???.pdf,C:\Users\PC\Downloads\????_???_??_??_???_v2.0_???.pdf,6.1 인증·계정,F00630BD45D5CD19B3D6EC57BC1F0F8B407548D3086F4DA76CF55BDDF994A1F4,34ff98d342acdacf125b2a6457ac4815947ee111,80cc5cdfb0758478791b19196e2812e7fa6d671f,"api,db,mobile,admin",/api/v1/auth/*,"users,auth_credentials,auth_sessions,auth_email_verifications,auth_password_resets,auth_oauth_states,user_mfa_factors",apps/mobile/app/(auth)/*,PHASE_VALIDATION_AUTH,PARTIAL,services/api/src/routes/auth.routes.ts,scripts/audit/validate-phase-0-baseline.mjs,Phase 0 does not execute runtime; see current public smoke/audit evidence where applicable.,,Use this canonical trace row as input to Phase 1/2 owner work; do not reduce target spec to current implementation.,NO_DIRECT_LEGACY_ROW
AUTH-010,P1,LAUNCH_MANDATORY,FUNCTION_SPEC_V2,FUNCTION_SPEC_V2,????_???_??_??_???_v2.0_???.pdf,C:\Users\PC\Downloads\????_???_??_??_???_v2.0_???.pdf,6.1 인증·계정,F00630BD45D5CD19B3D6EC57BC1F0F8B407548D3086F4DA76CF55BDDF994A1F4,34ff98d342acdacf125b2a6457ac4815947ee111,80cc5cdfb0758478791b19196e2812e7fa6d671f,"api,db,mobile,admin",/api/v1/auth/*,"users,auth_credentials,auth_sessions,auth_email_verifications,auth_password_resets,auth_oauth_states,user_mfa_factors",apps/mobile/app/(auth)/*,PHASE_VALIDATION_AUTH,PARTIAL,services/api/src/routes/auth.routes.ts,scripts/audit/validate-phase-0-baseline.mjs,Phase 0 does not execute runtime; see current public smoke/audit evidence where applicable.,,Use this canonical trace row as input to Phase 1/2 owner work; do not reduce target spec to current implementation.,NO_DIRECT_LEGACY_ROW
AUTH-011,P1,LAUNCH_MANDATORY,FUNCTION_SPEC_V2,FUNCTION_SPEC_V2,????_???_??_??_???_v2.0_???.pdf,C:\Users\PC\Downloads\????_???_??_??_???_v2.0_???.pdf,6.1 인증·계정,F00630BD45D5CD19B3D6EC57BC1F0F8B407548D3086F4DA76CF55BDDF994A1F4,34ff98d342acdacf125b2a6457ac4815947ee111,80cc5cdfb0758478791b19196e2812e7fa6d671f,"api,db,mobile,admin",/api/v1/auth/*,"users,auth_credentials,auth_sessions,auth_email_verifications,auth_password_resets,auth_oauth_states,user_mfa_factors",apps/mobile/app/(auth)/*,PHASE_VALIDATION_AUTH,PARTIAL,services/api/src/routes/auth.routes.ts,scripts/audit/validate-phase-0-baseline.mjs,Phase 0 does not execute runtime; see current public smoke/audit evidence where applicable.,,Use this canonical trace row as input to Phase 1/2 owner work; do not reduce target spec to current implementation.,NO_DIRECT_LEGACY_ROW
AUTH-012,P1,LAUNCH_MANDATORY,FUNCTION_SPEC_V2,FUNCTION_SPEC_V2,????_???_??_??_???_v2.0_???.pdf,C:\Users\PC\Downloads\????_???_??_??_???_v2.0_???.pdf,6.1 인증·계정,F00630BD45D5CD19B3D6EC57BC1F0F8B407548D3086F4DA76CF55BDDF994A1F4,34ff98d342acdacf125b2a6457ac4815947ee111,80cc5cdfb0758478791b19196e2812e7fa6d671f,"api,db,mobile,admin",/api/v1/auth/*,"users,auth_credentials,auth_sessions,auth_email_verifications,auth_password_resets,auth_oauth_states,user_mfa_factors",apps/mobile/app/(auth)/*,PHASE_VALIDATION_AUTH,PARTIAL,services/api/src/routes/auth.routes.ts,scripts/audit/validate-phase-0-baseline.mjs,Phase 0 does not execute runtime; see current public smoke/audit evidence where applicable.,,Use this canonical trace row as input to Phase 1/2 owner work; do not reduce target spec to current implementation.,NO_DIRECT_LEGACY_ROW
PAY-001,P1,LAUNCH_MANDATORY,FUNCTION_SPEC_V2,FUNCTION_SPEC_V2,????_???_??_??_???_v2.0_???.pdf,C:\Users\PC\Downloads\????_???_??_??_???_v2.0_???.pdf,6.2 급여,F00630BD45D5CD19B3D6EC57BC1F0F8B407548D3086F4DA76CF55BDDF994A1F4,34ff98d342acdacf125b2a6457ac4815947ee111,80cc5cdfb0758478791b19196e2812e7fa6d671f,"api,db,mobile",/api/v1/payroll/*,"payroll_plans,payroll_calculation_snapshots",apps/mobile/app/(tabs)/salary/index.tsx,PHASE_VALIDATION_PAY,PARTIAL,services/api/src/routes/payroll.routes.ts,scripts/audit/validate-phase-0-baseline.mjs,Phase 0 does not execute runtime; see current public smoke/audit evidence where applicable.,,Use this canonical trace row as input to Phase 1/2 owner work; do not reduce target spec to current implementation.,NO_DIRECT_LEGACY_ROW
PAY-002,P1,LAUNCH_MANDATORY,FUNCTION_SPEC_V2,FUNCTION_SPEC_V2,????_???_??_??_???_v2.0_???.pdf,C:\Users\PC\Downloads\????_???_??_??_???_v2.0_???.pdf,6.2 급여,F00630BD45D5CD19B3D6EC57BC1F0F8B407548D3086F4DA76CF55BDDF994A1F4,34ff98d342acdacf125b2a6457ac4815947ee111,80cc5cdfb0758478791b19196e2812e7fa6d671f,"api,db,mobile",/api/v1/payroll/*,"payroll_plans,payroll_calculation_snapshots",apps/mobile/app/(tabs)/salary/index.tsx,PHASE_VALIDATION_PAY,PARTIAL,services/api/src/routes/payroll.routes.ts,scripts/audit/validate-phase-0-baseline.mjs,Phase 0 does not execute runtime; see current public smoke/audit evidence where applicable.,,Use this canonical trace row as input to Phase 1/2 owner work; do not reduce target spec to current implementation.,NO_DIRECT_LEGACY_ROW
PAY-003,P1,LAUNCH_MANDATORY,FUNCTION_SPEC_V2,FUNCTION_SPEC_V2,????_???_??_??_???_v2.0_???.pdf,C:\Users\PC\Downloads\????_???_??_??_???_v2.0_???.pdf,6.2 급여,F00630BD45D5CD19B3D6EC57BC1F0F8B407548D3086F4DA76CF55BDDF994A1F4,34ff98d342acdacf125b2a6457ac4815947ee111,80cc5cdfb0758478791b19196e2812e7fa6d671f,"api,db,mobile",/api/v1/payroll/*,"payroll_plans,payroll_calculation_snapshots",apps/mobile/app/(tabs)/salary/index.tsx,PHASE_VALIDATION_PAY,PARTIAL,services/api/src/routes/payroll.routes.ts,scripts/audit/validate-phase-0-baseline.mjs,Phase 0 does not execute runtime; see current public smoke/audit evidence where applicable.,,Use this canonical trace row as input to Phase 1/2 owner work; do not reduce target spec to current implementation.,NO_DIRECT_LEGACY_ROW
PAY-004,P0,LAUNCH_MANDATORY,FUNCTION_SPEC_V2,FUNCTION_SPEC_V2,????_???_??_??_???_v2.0_???.pdf,C:\Users\PC\Downloads\????_???_??_??_???_v2.0_???.pdf,6.2 급여,F00630BD45D5CD19B3D6EC57BC1F0F8B407548D3086F4DA76CF55BDDF994A1F4,34ff98d342acdacf125b2a6457ac4815947ee111,80cc5cdfb0758478791b19196e2812e7fa6d671f,"api,db,mobile",/api/v1/payroll/*,"payroll_plans,payroll_calculation_snapshots",apps/mobile/app/(tabs)/salary/index.tsx,PHASE_VALIDATION_PAY,PARTIAL,services/api/src/routes/payroll.routes.ts,scripts/audit/validate-phase-0-baseline.mjs,Phase 0 does not execute runtime; see current public smoke/audit evidence where applicable.,,Use this canonical trace row as input to Phase 1/2 owner work; do not reduce target spec to current implementation.,NO_DIRECT_LEGACY_ROW
PAY-005,P1,LAUNCH_MANDATORY,FUNCTION_SPEC_V2,FUNCTION_SPEC_V2,????_???_??_??_???_v2.0_???.pdf,C:\Users\PC\Downloads\????_???_??_??_???_v2.0_???.pdf,6.2 급여,F00630BD45D5CD19B3D6EC57BC1F0F8B407548D3086F4DA76CF55BDDF994A1F4,34ff98d342acdacf125b2a6457ac4815947ee111,80cc5cdfb0758478791b19196e2812e7fa6d671f,"api,db,mobile",/api/v1/payroll/*,"payroll_plans,payroll_calculation_snapshots",apps/mobile/app/(tabs)/salary/index.tsx,PHASE_VALIDATION_PAY,PARTIAL,services/api/src/routes/payroll.routes.ts,scripts/audit/validate-phase-0-baseline.mjs,Phase 0 does not execute runtime; see current public smoke/audit evidence where applicable.,,Use this canonical trace row as input to Phase 1/2 owner work; do not reduce target spec to current implementation.,NO_DIRECT_LEGACY_ROW
PAY-006,P1,LAUNCH_MANDATORY,FUNCTION_SPEC_V2,FUNCTION_SPEC_V2,????_???_??_??_???_v2.0_???.pdf,C:\Users\PC\Downloads\????_???_??_??_???_v2.0_???.pdf,6.2 급여,F00630BD45D5CD19B3D6EC57BC1F0F8B407548D3086F4DA76CF55BDDF994A1F4,34ff98d342acdacf125b2a6457ac4815947ee111,80cc5cdfb0758478791b19196e2812e7fa6d671f,"api,db,mobile",/api/v1/payroll/*,"payroll_plans,payroll_calculation_snapshots",apps/mobile/app/(tabs)/salary/index.tsx,PHASE_VALIDATION_PAY,PARTIAL,services/api/src/routes/payroll.routes.ts,scripts/audit/validate-phase-0-baseline.mjs,Phase 0 does not execute runtime; see current public smoke/audit evidence where applicable.,,Use this canonical trace row as input to Phase 1/2 owner work; do not reduce target spec to current implementation.,NO_DIRECT_LEGACY_ROW
PAY-007,P0,LAUNCH_MANDATORY,FUNCTION_SPEC_V2,FUNCTION_SPEC_V2,????_???_??_??_???_v2.0_???.pdf,C:\Users\PC\Downloads\????_???_??_??_???_v2.0_???.pdf,6.2 급여,F00630BD45D5CD19B3D6EC57BC1F0F8B407548D3086F4DA76CF55BDDF994A1F4,34ff98d342acdacf125b2a6457ac4815947ee111,80cc5cdfb0758478791b19196e2812e7fa6d671f,"api,db,mobile",/api/v1/payroll/*,"payroll_plans,payroll_calculation_snapshots",apps/mobile/app/(tabs)/salary/index.tsx,PHASE_VALIDATION_PAY,PARTIAL,services/api/src/routes/payroll.routes.ts,scripts/audit/validate-phase-0-baseline.mjs,Phase 0 does not execute runtime; see current public smoke/audit evidence where applicable.,,Use this canonical trace row as input to Phase 1/2 owner work; do not reduce target spec to current implementation.,NO_DIRECT_LEGACY_ROW
PAY-008,P1,LAUNCH_MANDATORY,FUNCTION_SPEC_V2,FUNCTION_SPEC_V2,????_???_??_??_???_v2.0_???.pdf,C:\Users\PC\Downloads\????_???_??_??_???_v2.0_???.pdf,6.2 급여,F00630BD45D5CD19B3D6EC57BC1F0F8B407548D3086F4DA76CF55BDDF994A1F4,34ff98d342acdacf125b2a6457ac4815947ee111,80cc5cdfb0758478791b19196e2812e7fa6d671f,"api,db,mobile",/api/v1/payroll/*,"payroll_plans,payroll_calculation_snapshots",apps/mobile/app/(tabs)/salary/index.tsx,PHASE_VALIDATION_PAY,PARTIAL,services/api/src/routes/payroll.routes.ts,scripts/audit/validate-phase-0-baseline.mjs,Phase 0 does not execute runtime; see current public smoke/audit evidence where applicable.,,Use this canonical trace row as input to Phase 1/2 owner work; do not reduce target spec to current implementation.,NO_DIRECT_LEGACY_ROW
PAY-009,P1,LAUNCH_MANDATORY,FUNCTION_SPEC_V2,FUNCTION_SPEC_V2,????_???_??_??_???_v2.0_???.pdf,C:\Users\PC\Downloads\????_???_??_??_???_v2.0_???.pdf,6.2 급여,F00630BD45D5CD19B3D6EC57BC1F0F8B407548D3086F4DA76CF55BDDF994A1F4,34ff98d342acdacf125b2a6457ac4815947ee111,80cc5cdfb0758478791b19196e2812e7fa6d671f,"api,db,mobile",/api/v1/payroll/*,"payroll_plans,payroll_calculation_snapshots",apps/mobile/app/(tabs)/salary/index.tsx,PHASE_VALIDATION_PAY,PARTIAL,services/api/src/routes/payroll.routes.ts,scripts/audit/validate-phase-0-baseline.mjs,Phase 0 does not execute runtime; see current public smoke/audit evidence where applicable.,,Use this canonical trace row as input to Phase 1/2 owner work; do not reduce target spec to current implementation.,NO_DIRECT_LEGACY_ROW
PAY-010,P1,LAUNCH_MANDATORY,FUNCTION_SPEC_V2,FUNCTION_SPEC_V2,????_???_??_??_???_v2.0_???.pdf,C:\Users\PC\Downloads\????_???_??_??_???_v2.0_???.pdf,6.2 급여,F00630BD45D5CD19B3D6EC57BC1F0F8B407548D3086F4DA76CF55BDDF994A1F4,34ff98d342acdacf125b2a6457ac4815947ee111,80cc5cdfb0758478791b19196e2812e7fa6d671f,"api,db,mobile",/api/v1/payroll/*,"payroll_plans,payroll_calculation_snapshots",apps/mobile/app/(tabs)/salary/index.tsx,PHASE_VALIDATION_PAY,PARTIAL,services/api/src/routes/payroll.routes.ts,scripts/audit/validate-phase-0-baseline.mjs,Phase 0 does not execute runtime; see current public smoke/audit evidence where applicable.,,Use this canonical trace row as input to Phase 1/2 owner work; do not reduce target spec to current implementation.,NO_DIRECT_LEGACY_ROW
PAY-011,P0,LAUNCH_MANDATORY,FUNCTION_SPEC_V2,FUNCTION_SPEC_V2,????_???_??_??_???_v2.0_???.pdf,C:\Users\PC\Downloads\????_???_??_??_???_v2.0_???.pdf,6.2 급여,F00630BD45D5CD19B3D6EC57BC1F0F8B407548D3086F4DA76CF55BDDF994A1F4,34ff98d342acdacf125b2a6457ac4815947ee111,80cc5cdfb0758478791b19196e2812e7fa6d671f,"api,db,mobile",/api/v1/payroll/*,"payroll_plans,payroll_calculation_snapshots",apps/mobile/app/(tabs)/salary/index.tsx,PHASE_VALIDATION_PAY,PARTIAL,services/api/src/routes/payroll.routes.ts,scripts/audit/validate-phase-0-baseline.mjs,Phase 0 does not execute runtime; see current public smoke/audit evidence where applicable.,,Use this canonical trace row as input to Phase 1/2 owner work; do not reduce target spec to current implementation.,NO_DIRECT_LEGACY_ROW
PAY-012,P1,LAUNCH_MANDATORY,FUNCTION_SPEC_V2,FUNCTION_SPEC_V2,????_???_??_??_???_v2.0_???.pdf,C:\Users\PC\Downloads\????_???_??_??_???_v2.0_???.pdf,6.2 급여,F00630BD45D5CD19B3D6EC57BC1F0F8B407548D3086F4DA76CF55BDDF994A1F4,34ff98d342acdacf125b2a6457ac4815947ee111,80cc5cdfb0758478791b19196e2812e7fa6d671f,"api,db,mobile",/api/v1/payroll/*,"payroll_plans,payroll_calculation_snapshots",apps/mobile/app/(tabs)/salary/index.tsx,PHASE_VALIDATION_PAY,PARTIAL,services/api/src/routes/payroll.routes.ts,scripts/audit/validate-phase-0-baseline.mjs,Phase 0 does not execute runtime; see current public smoke/audit evidence where applicable.,,Use this canonical trace row as input to Phase 1/2 owner work; do not reduce target spec to current implementation.,NO_DIRECT_LEGACY_ROW
HOME-001,P1,LAUNCH_MANDATORY,FUNCTION_SPEC_V2,FUNCTION_SPEC_V2,????_???_??_??_???_v2.0_???.pdf,C:\Users\PC\Downloads\????_???_??_??_???_v2.0_???.pdf,6.3  급여 홈,F00630BD45D5CD19B3D6EC57BC1F0F8B407548D3086F4DA76CF55BDDF994A1F4,34ff98d342acdacf125b2a6457ac4815947ee111,80cc5cdfb0758478791b19196e2812e7fa6d671f,"api,mobile",/api/v1/payroll/home,"payroll_plans,daily_budgets,variable_expenses,savings_plans",apps/mobile/app/(tabs)/salary/index.tsx,PHASE_VALIDATION_HOME,PARTIAL,services/api/src/routes/payroll.routes.ts; apps/mobile/app/(tabs)/salary/index.tsx,scripts/audit/validate-phase-0-baseline.mjs,Phase 0 does not execute runtime; see current public smoke/audit evidence where applicable.,,Use this canonical trace row as input to Phase 1/2 owner work; do not reduce target spec to current implementation.,NO_DIRECT_LEGACY_ROW
HOME-002,P1,LAUNCH_MANDATORY,FUNCTION_SPEC_V2,FUNCTION_SPEC_V2,????_???_??_??_???_v2.0_???.pdf,C:\Users\PC\Downloads\????_???_??_??_???_v2.0_???.pdf,6.3  급여 홈,F00630BD45D5CD19B3D6EC57BC1F0F8B407548D3086F4DA76CF55BDDF994A1F4,34ff98d342acdacf125b2a6457ac4815947ee111,80cc5cdfb0758478791b19196e2812e7fa6d671f,"api,mobile",/api/v1/payroll/home,"payroll_plans,daily_budgets,variable_expenses,savings_plans",apps/mobile/app/(tabs)/salary/index.tsx,PHASE_VALIDATION_HOME,PARTIAL,services/api/src/routes/payroll.routes.ts; apps/mobile/app/(tabs)/salary/index.tsx,scripts/audit/validate-phase-0-baseline.mjs,Phase 0 does not execute runtime; see current public smoke/audit evidence where applicable.,,Use this canonical trace row as input to Phase 1/2 owner work; do not reduce target spec to current implementation.,NO_DIRECT_LEGACY_ROW
HOME-003,P1,LAUNCH_MANDATORY,FUNCTION_SPEC_V2,FUNCTION_SPEC_V2,????_???_??_??_???_v2.0_???.pdf,C:\Users\PC\Downloads\????_???_??_??_???_v2.0_???.pdf,6.3  급여 홈,F00630BD45D5CD19B3D6EC57BC1F0F8B407548D3086F4DA76CF55BDDF994A1F4,34ff98d342acdacf125b2a6457ac4815947ee111,80cc5cdfb0758478791b19196e2812e7fa6d671f,"api,mobile",/api/v1/payroll/home,"payroll_plans,daily_budgets,variable_expenses,savings_plans",apps/mobile/app/(tabs)/salary/index.tsx,PHASE_VALIDATION_HOME,PARTIAL,services/api/src/routes/payroll.routes.ts; apps/mobile/app/(tabs)/salary/index.tsx,scripts/audit/validate-phase-0-baseline.mjs,Phase 0 does not execute runtime; see current public smoke/audit evidence where applicable.,,Use this canonical trace row as input to Phase 1/2 owner work; do not reduce target spec to current implementation.,NO_DIRECT_LEGACY_ROW
HOME-004,P1,LAUNCH_MANDATORY,FUNCTION_SPEC_V2,FUNCTION_SPEC_V2,????_???_??_??_???_v2.0_???.pdf,C:\Users\PC\Downloads\????_???_??_??_???_v2.0_???.pdf,6.3  급여 홈,F00630BD45D5CD19B3D6EC57BC1F0F8B407548D3086F4DA76CF55BDDF994A1F4,34ff98d342acdacf125b2a6457ac4815947ee111,80cc5cdfb0758478791b19196e2812e7fa6d671f,"api,mobile",/api/v1/payroll/home,"payroll_plans,daily_budgets,variable_expenses,savings_plans",apps/mobile/app/(tabs)/salary/index.tsx,PHASE_VALIDATION_HOME,PARTIAL,services/api/src/routes/payroll.routes.ts; apps/mobile/app/(tabs)/salary/index.tsx,scripts/audit/validate-phase-0-baseline.mjs,Phase 0 does not execute runtime; see current public smoke/audit evidence where applicable.,,Use this canonical trace row as input to Phase 1/2 owner work; do not reduce target spec to current implementation.,NO_DIRECT_LEGACY_ROW
HOME-005,P1,LAUNCH_MANDATORY,FUNCTION_SPEC_V2,FUNCTION_SPEC_V2,????_???_??_??_???_v2.0_???.pdf,C:\Users\PC\Downloads\????_???_??_??_???_v2.0_???.pdf,6.3  급여 홈,F00630BD45D5CD19B3D6EC57BC1F0F8B407548D3086F4DA76CF55BDDF994A1F4,34ff98d342acdacf125b2a6457ac4815947ee111,80cc5cdfb0758478791b19196e2812e7fa6d671f,"api,mobile",/api/v1/payroll/home,"payroll_plans,daily_budgets,variable_expenses,savings_plans",apps/mobile/app/(tabs)/salary/index.tsx,PHASE_VALIDATION_HOME,PARTIAL,services/api/src/routes/payroll.routes.ts; apps/mobile/app/(tabs)/salary/index.tsx,scripts/audit/validate-phase-0-baseline.mjs,Phase 0 does not execute runtime; see current public smoke/audit evidence where applicable.,,Use this canonical trace row as input to Phase 1/2 owner work; do not reduce target spec to current implementation.,NO_DIRECT_LEGACY_ROW
HOME-006,P1,LAUNCH_MANDATORY,FUNCTION_SPEC_V2,FUNCTION_SPEC_V2,????_???_??_??_???_v2.0_???.pdf,C:\Users\PC\Downloads\????_???_??_??_???_v2.0_???.pdf,6.3  급여 홈,F00630BD45D5CD19B3D6EC57BC1F0F8B407548D3086F4DA76CF55BDDF994A1F4,34ff98d342acdacf125b2a6457ac4815947ee111,80cc5cdfb0758478791b19196e2812e7fa6d671f,"api,mobile",/api/v1/payroll/home,"payroll_plans,daily_budgets,variable_expenses,savings_plans",apps/mobile/app/(tabs)/salary/index.tsx,PHASE_VALIDATION_HOME,PARTIAL,services/api/src/routes/payroll.routes.ts; apps/mobile/app/(tabs)/salary/index.tsx,scripts/audit/validate-phase-0-baseline.mjs,Phase 0 does not execute runtime; see current public smoke/audit evidence where applicable.,,Use this canonical trace row as input to Phase 1/2 owner work; do not reduce target spec to current implementation.,NO_DIRECT_LEGACY_ROW
BUD-001,P1,LAUNCH_MANDATORY,FUNCTION_SPEC_V2,FUNCTION_SPEC_V2,????_???_??_??_???_v2.0_???.pdf,C:\Users\PC\Downloads\????_???_??_??_???_v2.0_???.pdf,6.4 계획·일일예산,F00630BD45D5CD19B3D6EC57BC1F0F8B407548D3086F4DA76CF55BDDF994A1F4,34ff98d342acdacf125b2a6457ac4815947ee111,80cc5cdfb0758478791b19196e2812e7fa6d671f,"api,db,mobile",/api/v1/daily-budgets/*,daily_budgets,apps/mobile/app/(tabs)/plan/index.tsx,PHASE_VALIDATION_BUD,PARTIAL,services/api/src/routes/daily-budgets.routes.ts,scripts/audit/validate-phase-0-baseline.mjs,Phase 0 does not execute runtime; see current public smoke/audit evidence where applicable.,,Use this canonical trace row as input to Phase 1/2 owner work; do not reduce target spec to current implementation.,NO_DIRECT_LEGACY_ROW
BUD-002,P1,LAUNCH_MANDATORY,FUNCTION_SPEC_V2,FUNCTION_SPEC_V2,????_???_??_??_???_v2.0_???.pdf,C:\Users\PC\Downloads\????_???_??_??_???_v2.0_???.pdf,6.4 계획·일일예산,F00630BD45D5CD19B3D6EC57BC1F0F8B407548D3086F4DA76CF55BDDF994A1F4,34ff98d342acdacf125b2a6457ac4815947ee111,80cc5cdfb0758478791b19196e2812e7fa6d671f,"api,db,mobile",/api/v1/daily-budgets/*,daily_budgets,apps/mobile/app/(tabs)/plan/index.tsx,PHASE_VALIDATION_BUD,PARTIAL,services/api/src/routes/daily-budgets.routes.ts,scripts/audit/validate-phase-0-baseline.mjs,Phase 0 does not execute runtime; see current public smoke/audit evidence where applicable.,,Use this canonical trace row as input to Phase 1/2 owner work; do not reduce target spec to current implementation.,NO_DIRECT_LEGACY_ROW
BUD-003,P0,LAUNCH_MANDATORY,FUNCTION_SPEC_V2,FUNCTION_SPEC_V2,????_???_??_??_???_v2.0_???.pdf,C:\Users\PC\Downloads\????_???_??_??_???_v2.0_???.pdf,6.4 계획·일일예산,F00630BD45D5CD19B3D6EC57BC1F0F8B407548D3086F4DA76CF55BDDF994A1F4,34ff98d342acdacf125b2a6457ac4815947ee111,80cc5cdfb0758478791b19196e2812e7fa6d671f,"api,db,mobile",/api/v1/daily-budgets/*,daily_budgets,apps/mobile/app/(tabs)/plan/index.tsx,PHASE_VALIDATION_BUD,PARTIAL,services/api/src/routes/daily-budgets.routes.ts,scripts/audit/validate-phase-0-baseline.mjs,Phase 0 does not execute runtime; see current public smoke/audit evidence where applicable.,,Use this canonical trace row as input to Phase 1/2 owner work; do not reduce target spec to current implementation.,NO_DIRECT_LEGACY_ROW
BUD-004,P1,LAUNCH_MANDATORY,FUNCTION_SPEC_V2,FUNCTION_SPEC_V2,????_???_??_??_???_v2.0_???.pdf,C:\Users\PC\Downloads\????_???_??_??_???_v2.0_???.pdf,6.4 계획·일일예산,F00630BD45D5CD19B3D6EC57BC1F0F8B407548D3086F4DA76CF55BDDF994A1F4,34ff98d342acdacf125b2a6457ac4815947ee111,80cc5cdfb0758478791b19196e2812e7fa6d671f,"api,db,mobile",/api/v1/daily-budgets/*,daily_budgets,apps/mobile/app/(tabs)/plan/index.tsx,PHASE_VALIDATION_BUD,PARTIAL,services/api/src/routes/daily-budgets.routes.ts,scripts/audit/validate-phase-0-baseline.mjs,Phase 0 does not execute runtime; see current public smoke/audit evidence where applicable.,,Use this canonical trace row as input to Phase 1/2 owner work; do not reduce target spec to current implementation.,NO_DIRECT_LEGACY_ROW
BUD-005,P0,LAUNCH_MANDATORY,FUNCTION_SPEC_V2,FUNCTION_SPEC_V2,????_???_??_??_???_v2.0_???.pdf,C:\Users\PC\Downloads\????_???_??_??_???_v2.0_???.pdf,6.4 계획·일일예산,F00630BD45D5CD19B3D6EC57BC1F0F8B407548D3086F4DA76CF55BDDF994A1F4,34ff98d342acdacf125b2a6457ac4815947ee111,80cc5cdfb0758478791b19196e2812e7fa6d671f,"api,db,mobile",/api/v1/daily-budgets/*,daily_budgets,apps/mobile/app/(tabs)/plan/index.tsx,PHASE_VALIDATION_BUD,PARTIAL,services/api/src/routes/daily-budgets.routes.ts,scripts/audit/validate-phase-0-baseline.mjs,Phase 0 does not execute runtime; see current public smoke/audit evidence where applicable.,,Use this canonical trace row as input to Phase 1/2 owner work; do not reduce target spec to current implementation.,NO_DIRECT_LEGACY_ROW
BUD-006,P1,LAUNCH_MANDATORY,FUNCTION_SPEC_V2,FUNCTION_SPEC_V2,????_???_??_??_???_v2.0_???.pdf,C:\Users\PC\Downloads\????_???_??_??_???_v2.0_???.pdf,6.4 계획·일일예산,F00630BD45D5CD19B3D6EC57BC1F0F8B407548D3086F4DA76CF55BDDF994A1F4,34ff98d342acdacf125b2a6457ac4815947ee111,80cc5cdfb0758478791b19196e2812e7fa6d671f,"api,db,mobile",/api/v1/daily-budgets/*,daily_budgets,apps/mobile/app/(tabs)/plan/index.tsx,PHASE_VALIDATION_BUD,PARTIAL,services/api/src/routes/daily-budgets.routes.ts,scripts/audit/validate-phase-0-baseline.mjs,Phase 0 does not execute runtime; see current public smoke/audit evidence where applicable.,,Use this canonical trace row as input to Phase 1/2 owner work; do not reduce target spec to current implementation.,NO_DIRECT_LEGACY_ROW
BUD-007,P1,LAUNCH_MANDATORY,FUNCTION_SPEC_V2,FUNCTION_SPEC_V2,????_???_??_??_???_v2.0_???.pdf,C:\Users\PC\Downloads\????_???_??_??_???_v2.0_???.pdf,6.4 계획·일일예산,F00630BD45D5CD19B3D6EC57BC1F0F8B407548D3086F4DA76CF55BDDF994A1F4,34ff98d342acdacf125b2a6457ac4815947ee111,80cc5cdfb0758478791b19196e2812e7fa6d671f,"api,db,mobile",/api/v1/daily-budgets/*,daily_budgets,apps/mobile/app/(tabs)/plan/index.tsx,PHASE_VALIDATION_BUD,PARTIAL,services/api/src/routes/daily-budgets.routes.ts,scripts/audit/validate-phase-0-baseline.mjs,Phase 0 does not execute runtime; see current public smoke/audit evidence where applicable.,,Use this canonical trace row as input to Phase 1/2 owner work; do not reduce target spec to current implementation.,NO_DIRECT_LEGACY_ROW
BUD-008,P1,LAUNCH_MANDATORY,FUNCTION_SPEC_V2,FUNCTION_SPEC_V2,????_???_??_??_???_v2.0_???.pdf,C:\Users\PC\Downloads\????_???_??_??_???_v2.0_???.pdf,6.4 계획·일일예산,F00630BD45D5CD19B3D6EC57BC1F0F8B407548D3086F4DA76CF55BDDF994A1F4,34ff98d342acdacf125b2a6457ac4815947ee111,80cc5cdfb0758478791b19196e2812e7fa6d671f,"api,db,mobile",/api/v1/daily-budgets/*,daily_budgets,apps/mobile/app/(tabs)/plan/index.tsx,PHASE_VALIDATION_BUD,PARTIAL,services/api/src/routes/daily-budgets.routes.ts,scripts/audit/validate-phase-0-baseline.mjs,Phase 0 does not execute runtime; see current public smoke/audit evidence where applicable.,,Use this canonical trace row as input to Phase 1/2 owner work; do not reduce target spec to current implementation.,NO_DIRECT_LEGACY_ROW
BUD-009,P1,LAUNCH_MANDATORY,FUNCTION_SPEC_V2,FUNCTION_SPEC_V2,????_???_??_??_???_v2.0_???.pdf,C:\Users\PC\Downloads\????_???_??_??_???_v2.0_???.pdf,6.4 계획·일일예산,F00630BD45D5CD19B3D6EC57BC1F0F8B407548D3086F4DA76CF55BDDF994A1F4,34ff98d342acdacf125b2a6457ac4815947ee111,80cc5cdfb0758478791b19196e2812e7fa6d671f,"api,db,mobile",/api/v1/daily-budgets/*,daily_budgets,apps/mobile/app/(tabs)/plan/index.tsx,PHASE_VALIDATION_BUD,PARTIAL,services/api/src/routes/daily-budgets.routes.ts,scripts/audit/validate-phase-0-baseline.mjs,Phase 0 does not execute runtime; see current public smoke/audit evidence where applicable.,,Use this canonical trace row as input to Phase 1/2 owner work; do not reduce target spec to current implementation.,NO_DIRECT_LEGACY_ROW
BUD-010,P0,LAUNCH_MANDATORY,FUNCTION_SPEC_V2,FUNCTION_SPEC_V2,????_???_??_??_???_v2.0_???.pdf,C:\Users\PC\Downloads\????_???_??_??_???_v2.0_???.pdf,6.4 계획·일일예산,F00630BD45D5CD19B3D6EC57BC1F0F8B407548D3086F4DA76CF55BDDF994A1F4,34ff98d342acdacf125b2a6457ac4815947ee111,80cc5cdfb0758478791b19196e2812e7fa6d671f,"api,db,mobile",/api/v1/daily-budgets/*,daily_budgets,apps/mobile/app/(tabs)/plan/index.tsx,PHASE_VALIDATION_BUD,PARTIAL,services/api/src/routes/daily-budgets.routes.ts,scripts/audit/validate-phase-0-baseline.mjs,Phase 0 does not execute runtime; see current public smoke/audit evidence where applicable.,,Use this canonical trace row as input to Phase 1/2 owner work; do not reduce target spec to current implementation.,NO_DIRECT_LEGACY_ROW
EXP-001,P1,LAUNCH_MANDATORY,FUNCTION_SPEC_V2,FUNCTION_SPEC_V2,????_???_??_??_???_v2.0_???.pdf,C:\Users\PC\Downloads\????_???_??_??_???_v2.0_???.pdf,6.5 지출,F00630BD45D5CD19B3D6EC57BC1F0F8B407548D3086F4DA76CF55BDDF994A1F4,34ff98d342acdacf125b2a6457ac4815947ee111,80cc5cdfb0758478791b19196e2812e7fa6d671f,"api,db,mobile","/api/v1/fixed-expenses/*,/api/v1/variable-expenses/*","fixed_expenses,variable_expenses",apps/mobile plan/salary expense flows,PHASE_VALIDATION_EXP,PARTIAL,services/api/src/routes/fixed-expenses.routes.ts; variable-expenses.routes.ts,scripts/audit/validate-phase-0-baseline.mjs,Phase 0 does not execute runtime; see current public smoke/audit evidence where applicable.,,Use this canonical trace row as input to Phase 1/2 owner work; do not reduce target spec to current implementation.,NO_DIRECT_LEGACY_ROW
EXP-002,P1,LAUNCH_MANDATORY,FUNCTION_SPEC_V2,FUNCTION_SPEC_V2,????_???_??_??_???_v2.0_???.pdf,C:\Users\PC\Downloads\????_???_??_??_???_v2.0_???.pdf,6.5 지출,F00630BD45D5CD19B3D6EC57BC1F0F8B407548D3086F4DA76CF55BDDF994A1F4,34ff98d342acdacf125b2a6457ac4815947ee111,80cc5cdfb0758478791b19196e2812e7fa6d671f,"api,db,mobile","/api/v1/fixed-expenses/*,/api/v1/variable-expenses/*","fixed_expenses,variable_expenses",apps/mobile plan/salary expense flows,PHASE_VALIDATION_EXP,PARTIAL,services/api/src/routes/fixed-expenses.routes.ts; variable-expenses.routes.ts,scripts/audit/validate-phase-0-baseline.mjs,Phase 0 does not execute runtime; see current public smoke/audit evidence where applicable.,,Use this canonical trace row as input to Phase 1/2 owner work; do not reduce target spec to current implementation.,NO_DIRECT_LEGACY_ROW
EXP-003,P1,LAUNCH_MANDATORY,FUNCTION_SPEC_V2,FUNCTION_SPEC_V2,????_???_??_??_???_v2.0_???.pdf,C:\Users\PC\Downloads\????_???_??_??_???_v2.0_???.pdf,6.5 지출,F00630BD45D5CD19B3D6EC57BC1F0F8B407548D3086F4DA76CF55BDDF994A1F4,34ff98d342acdacf125b2a6457ac4815947ee111,80cc5cdfb0758478791b19196e2812e7fa6d671f,"api,db,mobile","/api/v1/fixed-expenses/*,/api/v1/variable-expenses/*","fixed_expenses,variable_expenses",apps/mobile plan/salary expense flows,PHASE_VALIDATION_EXP,PARTIAL,services/api/src/routes/fixed-expenses.routes.ts; variable-expenses.routes.ts,scripts/audit/validate-phase-0-baseline.mjs,Phase 0 does not execute runtime; see current public smoke/audit evidence where applicable.,,Use this canonical trace row as input to Phase 1/2 owner work; do not reduce target spec to current implementation.,NO_DIRECT_LEGACY_ROW
EXP-004,P1,LAUNCH_MANDATORY,FUNCTION_SPEC_V2,FUNCTION_SPEC_V2,????_???_??_??_???_v2.0_???.pdf,C:\Users\PC\Downloads\????_???_??_??_???_v2.0_???.pdf,6.5 지출,F00630BD45D5CD19B3D6EC57BC1F0F8B407548D3086F4DA76CF55BDDF994A1F4,34ff98d342acdacf125b2a6457ac4815947ee111,80cc5cdfb0758478791b19196e2812e7fa6d671f,"api,db,mobile","/api/v1/fixed-expenses/*,/api/v1/variable-expenses/*","fixed_expenses,variable_expenses",apps/mobile plan/salary expense flows,PHASE_VALIDATION_EXP,PARTIAL,services/api/src/routes/fixed-expenses.routes.ts; variable-expenses.routes.ts,scripts/audit/validate-phase-0-baseline.mjs,Phase 0 does not execute runtime; see current public smoke/audit evidence where applicable.,,Use this canonical trace row as input to Phase 1/2 owner work; do not reduce target spec to current implementation.,NO_DIRECT_LEGACY_ROW
EXP-005,P0,LAUNCH_MANDATORY,FUNCTION_SPEC_V2,FUNCTION_SPEC_V2,????_???_??_??_???_v2.0_???.pdf,C:\Users\PC\Downloads\????_???_??_??_???_v2.0_???.pdf,6.5 지출,F00630BD45D5CD19B3D6EC57BC1F0F8B407548D3086F4DA76CF55BDDF994A1F4,34ff98d342acdacf125b2a6457ac4815947ee111,80cc5cdfb0758478791b19196e2812e7fa6d671f,"api,db,mobile","/api/v1/fixed-expenses/*,/api/v1/variable-expenses/*","fixed_expenses,variable_expenses",apps/mobile plan/salary expense flows,PHASE_VALIDATION_EXP,PARTIAL,services/api/src/routes/fixed-expenses.routes.ts; variable-expenses.routes.ts,scripts/audit/validate-phase-0-baseline.mjs,Phase 0 does not execute runtime; see current public smoke/audit evidence where applicable.,,Use this canonical trace row as input to Phase 1/2 owner work; do not reduce target spec to current implementation.,NO_DIRECT_LEGACY_ROW
EXP-006,P0,LAUNCH_MANDATORY,FUNCTION_SPEC_V2,FUNCTION_SPEC_V2,????_???_??_??_???_v2.0_???.pdf,C:\Users\PC\Downloads\????_???_??_??_???_v2.0_???.pdf,6.5 지출,F00630BD45D5CD19B3D6EC57BC1F0F8B407548D3086F4DA76CF55BDDF994A1F4,34ff98d342acdacf125b2a6457ac4815947ee111,80cc5cdfb0758478791b19196e2812e7fa6d671f,"api,db,mobile","/api/v1/fixed-expenses/*,/api/v1/variable-expenses/*","fixed_expenses,variable_expenses",apps/mobile plan/salary expense flows,PHASE_VALIDATION_EXP,PARTIAL,services/api/src/routes/fixed-expenses.routes.ts; variable-expenses.routes.ts,scripts/audit/validate-phase-0-baseline.mjs,Phase 0 does not execute runtime; see current public smoke/audit evidence where applicable.,,Use this canonical trace row as input to Phase 1/2 owner work; do not reduce target spec to current implementation.,NO_DIRECT_LEGACY_ROW
EXP-007,P1,LAUNCH_MANDATORY,FUNCTION_SPEC_V2,FUNCTION_SPEC_V2,????_???_??_??_???_v2.0_???.pdf,C:\Users\PC\Downloads\????_???_??_??_???_v2.0_???.pdf,6.5 지출,F00630BD45D5CD19B3D6EC57BC1F0F8B407548D3086F4DA76CF55BDDF994A1F4,34ff98d342acdacf125b2a6457ac4815947ee111,80cc5cdfb0758478791b19196e2812e7fa6d671f,"api,db,mobile","/api/v1/fixed-expenses/*,/api/v1/variable-expenses/*","fixed_expenses,variable_expenses",apps/mobile plan/salary expense flows,PHASE_VALIDATION_EXP,PARTIAL,services/api/src/routes/fixed-expenses.routes.ts; variable-expenses.routes.ts,scripts/audit/validate-phase-0-baseline.mjs,Phase 0 does not execute runtime; see current public smoke/audit evidence where applicable.,,Use this canonical trace row as input to Phase 1/2 owner work; do not reduce target spec to current implementation.,NO_DIRECT_LEGACY_ROW
EXP-008,P1,LAUNCH_MANDATORY,FUNCTION_SPEC_V2,FUNCTION_SPEC_V2,????_???_??_??_???_v2.0_???.pdf,C:\Users\PC\Downloads\????_???_??_??_???_v2.0_???.pdf,6.5 지출,F00630BD45D5CD19B3D6EC57BC1F0F8B407548D3086F4DA76CF55BDDF994A1F4,34ff98d342acdacf125b2a6457ac4815947ee111,80cc5cdfb0758478791b19196e2812e7fa6d671f,"api,db,mobile","/api/v1/fixed-expenses/*,/api/v1/variable-expenses/*","fixed_expenses,variable_expenses",apps/mobile plan/salary expense flows,PHASE_VALIDATION_EXP,PARTIAL,services/api/src/routes/fixed-expenses.routes.ts; variable-expenses.routes.ts,scripts/audit/validate-phase-0-baseline.mjs,Phase 0 does not execute runtime; see current public smoke/audit evidence where applicable.,,Use this canonical trace row as input to Phase 1/2 owner work; do not reduce target spec to current implementation.,NO_DIRECT_LEGACY_ROW
EXP-009,P1,LAUNCH_MANDATORY,FUNCTION_SPEC_V2,FUNCTION_SPEC_V2,????_???_??_??_???_v2.0_???.pdf,C:\Users\PC\Downloads\????_???_??_??_???_v2.0_???.pdf,6.5 지출,F00630BD45D5CD19B3D6EC57BC1F0F8B407548D3086F4DA76CF55BDDF994A1F4,34ff98d342acdacf125b2a6457ac4815947ee111,80cc5cdfb0758478791b19196e2812e7fa6d671f,"api,db,mobile","/api/v1/fixed-expenses/*,/api/v1/variable-expenses/*","fixed_expenses,variable_expenses",apps/mobile plan/salary expense flows,PHASE_VALIDATION_EXP,PARTIAL,services/api/src/routes/fixed-expenses.routes.ts; variable-expenses.routes.ts,scripts/audit/validate-phase-0-baseline.mjs,Phase 0 does not execute runtime; see current public smoke/audit evidence where applicable.,,Use this canonical trace row as input to Phase 1/2 owner work; do not reduce target spec to current implementation.,NO_DIRECT_LEGACY_ROW
EXP-010,P0,LAUNCH_MANDATORY,FUNCTION_SPEC_V2,FUNCTION_SPEC_V2,????_???_??_??_???_v2.0_???.pdf,C:\Users\PC\Downloads\????_???_??_??_???_v2.0_???.pdf,6.5 지출,F00630BD45D5CD19B3D6EC57BC1F0F8B407548D3086F4DA76CF55BDDF994A1F4,34ff98d342acdacf125b2a6457ac4815947ee111,80cc5cdfb0758478791b19196e2812e7fa6d671f,"api,db,mobile","/api/v1/fixed-expenses/*,/api/v1/variable-expenses/*","fixed_expenses,variable_expenses",apps/mobile plan/salary expense flows,PHASE_VALIDATION_EXP,PARTIAL,services/api/src/routes/fixed-expenses.routes.ts; variable-expenses.routes.ts,scripts/audit/validate-phase-0-baseline.mjs,Phase 0 does not execute runtime; see current public smoke/audit evidence where applicable.,,Use this canonical trace row as input to Phase 1/2 owner work; do not reduce target spec to current implementation.,NO_DIRECT_LEGACY_ROW
EXP-011,P1,LAUNCH_MANDATORY,FUNCTION_SPEC_V2,FUNCTION_SPEC_V2,????_???_??_??_???_v2.0_???.pdf,C:\Users\PC\Downloads\????_???_??_??_???_v2.0_???.pdf,6.5 지출,F00630BD45D5CD19B3D6EC57BC1F0F8B407548D3086F4DA76CF55BDDF994A1F4,34ff98d342acdacf125b2a6457ac4815947ee111,80cc5cdfb0758478791b19196e2812e7fa6d671f,"api,db,mobile","/api/v1/fixed-expenses/*,/api/v1/variable-expenses/*","fixed_expenses,variable_expenses",apps/mobile plan/salary expense flows,PHASE_VALIDATION_EXP,PARTIAL,services/api/src/routes/fixed-expenses.routes.ts; variable-expenses.routes.ts,scripts/audit/validate-phase-0-baseline.mjs,Phase 0 does not execute runtime; see current public smoke/audit evidence where applicable.,,Use this canonical trace row as input to Phase 1/2 owner work; do not reduce target spec to current implementation.,NO_DIRECT_LEGACY_ROW
EXP-012,P1,LAUNCH_MANDATORY,FUNCTION_SPEC_V2,FUNCTION_SPEC_V2,????_???_??_??_???_v2.0_???.pdf,C:\Users\PC\Downloads\????_???_??_??_???_v2.0_???.pdf,6.5 지출,F00630BD45D5CD19B3D6EC57BC1F0F8B407548D3086F4DA76CF55BDDF994A1F4,34ff98d342acdacf125b2a6457ac4815947ee111,80cc5cdfb0758478791b19196e2812e7fa6d671f,"api,db,mobile","/api/v1/fixed-expenses/*,/api/v1/variable-expenses/*","fixed_expenses,variable_expenses",apps/mobile plan/salary expense flows,PHASE_VALIDATION_EXP,PARTIAL,services/api/src/routes/fixed-expenses.routes.ts; variable-expenses.routes.ts,scripts/audit/validate-phase-0-baseline.mjs,Phase 0 does not execute runtime; see current public smoke/audit evidence where applicable.,,Use this canonical trace row as input to Phase 1/2 owner work; do not reduce target spec to current implementation.,NO_DIRECT_LEGACY_ROW
SAV-001,P1,LAUNCH_MANDATORY,FUNCTION_SPEC_V2,FUNCTION_SPEC_V2,????_???_??_??_???_v2.0_???.pdf,C:\Users\PC\Downloads\????_???_??_??_???_v2.0_???.pdf,6.6 저축,F00630BD45D5CD19B3D6EC57BC1F0F8B407548D3086F4DA76CF55BDDF994A1F4,34ff98d342acdacf125b2a6457ac4815947ee111,80cc5cdfb0758478791b19196e2812e7fa6d671f,"api,db,mobile",/api/v1/savings/*,savings_plans,apps/mobile savings surface,PHASE_VALIDATION_SAV,PARTIAL,services/api/src/routes/savings.routes.ts,scripts/audit/validate-phase-0-baseline.mjs,Phase 0 does not execute runtime; see current public smoke/audit evidence where applicable.,,Use this canonical trace row as input to Phase 1/2 owner work; do not reduce target spec to current implementation.,NO_DIRECT_LEGACY_ROW
SAV-002,P1,LAUNCH_MANDATORY,FUNCTION_SPEC_V2,FUNCTION_SPEC_V2,????_???_??_??_???_v2.0_???.pdf,C:\Users\PC\Downloads\????_???_??_??_???_v2.0_???.pdf,6.6 저축,F00630BD45D5CD19B3D6EC57BC1F0F8B407548D3086F4DA76CF55BDDF994A1F4,34ff98d342acdacf125b2a6457ac4815947ee111,80cc5cdfb0758478791b19196e2812e7fa6d671f,"api,db,mobile",/api/v1/savings/*,savings_plans,apps/mobile savings surface,PHASE_VALIDATION_SAV,PARTIAL,services/api/src/routes/savings.routes.ts,scripts/audit/validate-phase-0-baseline.mjs,Phase 0 does not execute runtime; see current public smoke/audit evidence where applicable.,,Use this canonical trace row as input to Phase 1/2 owner work; do not reduce target spec to current implementation.,NO_DIRECT_LEGACY_ROW
SAV-003,P1,LAUNCH_MANDATORY,FUNCTION_SPEC_V2,FUNCTION_SPEC_V2,????_???_??_??_???_v2.0_???.pdf,C:\Users\PC\Downloads\????_???_??_??_???_v2.0_???.pdf,6.6 저축,F00630BD45D5CD19B3D6EC57BC1F0F8B407548D3086F4DA76CF55BDDF994A1F4,34ff98d342acdacf125b2a6457ac4815947ee111,80cc5cdfb0758478791b19196e2812e7fa6d671f,"api,db,mobile",/api/v1/savings/*,savings_plans,apps/mobile savings surface,PHASE_VALIDATION_SAV,PARTIAL,services/api/src/routes/savings.routes.ts,scripts/audit/validate-phase-0-baseline.mjs,Phase 0 does not execute runtime; see current public smoke/audit evidence where applicable.,,Use this canonical trace row as input to Phase 1/2 owner work; do not reduce target spec to current implementation.,NO_DIRECT_LEGACY_ROW
SAV-004,P1,LAUNCH_MANDATORY,FUNCTION_SPEC_V2,FUNCTION_SPEC_V2,????_???_??_??_???_v2.0_???.pdf,C:\Users\PC\Downloads\????_???_??_??_???_v2.0_???.pdf,6.6 저축,F00630BD45D5CD19B3D6EC57BC1F0F8B407548D3086F4DA76CF55BDDF994A1F4,34ff98d342acdacf125b2a6457ac4815947ee111,80cc5cdfb0758478791b19196e2812e7fa6d671f,"api,db,mobile",/api/v1/savings/*,savings_plans,apps/mobile savings surface,PHASE_VALIDATION_SAV,PARTIAL,services/api/src/routes/savings.routes.ts,scripts/audit/validate-phase-0-baseline.mjs,Phase 0 does not execute runtime; see current public smoke/audit evidence where applicable.,,Use this canonical trace row as input to Phase 1/2 owner work; do not reduce target spec to current implementation.,NO_DIRECT_LEGACY_ROW
SAV-005,P1,LAUNCH_MANDATORY,FUNCTION_SPEC_V2,FUNCTION_SPEC_V2,????_???_??_??_???_v2.0_???.pdf,C:\Users\PC\Downloads\????_???_??_??_???_v2.0_???.pdf,6.6 저축,F00630BD45D5CD19B3D6EC57BC1F0F8B407548D3086F4DA76CF55BDDF994A1F4,34ff98d342acdacf125b2a6457ac4815947ee111,80cc5cdfb0758478791b19196e2812e7fa6d671f,"api,db,mobile",/api/v1/savings/*,savings_plans,apps/mobile savings surface,PHASE_VALIDATION_SAV,PARTIAL,services/api/src/routes/savings.routes.ts,scripts/audit/validate-phase-0-baseline.mjs,Phase 0 does not execute runtime; see current public smoke/audit evidence where applicable.,,Use this canonical trace row as input to Phase 1/2 owner work; do not reduce target spec to current implementation.,NO_DIRECT_LEGACY_ROW
SAV-006,P1,LAUNCH_MANDATORY,FUNCTION_SPEC_V2,FUNCTION_SPEC_V2,????_???_??_??_???_v2.0_???.pdf,C:\Users\PC\Downloads\????_???_??_??_???_v2.0_???.pdf,6.6 저축,F00630BD45D5CD19B3D6EC57BC1F0F8B407548D3086F4DA76CF55BDDF994A1F4,34ff98d342acdacf125b2a6457ac4815947ee111,80cc5cdfb0758478791b19196e2812e7fa6d671f,"api,db,mobile",/api/v1/savings/*,savings_plans,apps/mobile savings surface,PHASE_VALIDATION_SAV,PARTIAL,services/api/src/routes/savings.routes.ts,scripts/audit/validate-phase-0-baseline.mjs,Phase 0 does not execute runtime; see current public smoke/audit evidence where applicable.,,Use this canonical trace row as input to Phase 1/2 owner work; do not reduce target spec to current implementation.,NO_DIRECT_LEGACY_ROW
SAV-007,P1,LAUNCH_MANDATORY,FUNCTION_SPEC_V2,FUNCTION_SPEC_V2,????_???_??_??_???_v2.0_???.pdf,C:\Users\PC\Downloads\????_???_??_??_???_v2.0_???.pdf,6.6 저축,F00630BD45D5CD19B3D6EC57BC1F0F8B407548D3086F4DA76CF55BDDF994A1F4,34ff98d342acdacf125b2a6457ac4815947ee111,80cc5cdfb0758478791b19196e2812e7fa6d671f,"api,db,mobile",/api/v1/savings/*,savings_plans,apps/mobile savings surface,PHASE_VALIDATION_SAV,PARTIAL,services/api/src/routes/savings.routes.ts,scripts/audit/validate-phase-0-baseline.mjs,Phase 0 does not execute runtime; see current public smoke/audit evidence where applicable.,,Use this canonical trace row as input to Phase 1/2 owner work; do not reduce target spec to current implementation.,NO_DIRECT_LEGACY_ROW
SAV-008,P1,LAUNCH_MANDATORY,FUNCTION_SPEC_V2,FUNCTION_SPEC_V2,????_???_??_??_???_v2.0_???.pdf,C:\Users\PC\Downloads\????_???_??_??_???_v2.0_???.pdf,6.6 저축,F00630BD45D5CD19B3D6EC57BC1F0F8B407548D3086F4DA76CF55BDDF994A1F4,34ff98d342acdacf125b2a6457ac4815947ee111,80cc5cdfb0758478791b19196e2812e7fa6d671f,"api,db,mobile",/api/v1/savings/*,savings_plans,apps/mobile savings surface,PHASE_VALIDATION_SAV,PARTIAL,services/api/src/routes/savings.routes.ts,scripts/audit/validate-phase-0-baseline.mjs,Phase 0 does not execute runtime; see current public smoke/audit evidence where applicable.,,Use this canonical trace row as input to Phase 1/2 owner work; do not reduce target spec to current implementation.,NO_DIRECT_LEGACY_ROW
NOTI-001,P1,LAUNCH_MANDATORY,FUNCTION_SPEC_V2,FUNCTION_SPEC_V2,????_???_??_??_???_v2.0_???.pdf,C:\Users\PC\Downloads\????_???_??_??_???_v2.0_???.pdf,6.7 알림,F00630BD45D5CD19B3D6EC57BC1F0F8B407548D3086F4DA76CF55BDDF994A1F4,34ff98d342acdacf125b2a6457ac4815947ee111,80cc5cdfb0758478791b19196e2812e7fa6d671f,"api,notifications,scheduler,mobile","/api/v1/notifications/*,scheduled events","notifications,notification_deliveries,user_devices",apps/mobile/app/notifications/*,PHASE_VALIDATION_NOTI,PARTIAL,services/api/src/routes/notifications.routes.ts; services/notifications; services/scheduler,scripts/audit/validate-phase-0-baseline.mjs,Phase 0 does not execute runtime; see current public smoke/audit evidence where applicable.,,Use this canonical trace row as input to Phase 1/2 owner work; do not reduce target spec to current implementation.,15
NOTI-002,P1,LAUNCH_MANDATORY,FUNCTION_SPEC_V2,FUNCTION_SPEC_V2,????_???_??_??_???_v2.0_???.pdf,C:\Users\PC\Downloads\????_???_??_??_???_v2.0_???.pdf,6.7 알림,F00630BD45D5CD19B3D6EC57BC1F0F8B407548D3086F4DA76CF55BDDF994A1F4,34ff98d342acdacf125b2a6457ac4815947ee111,80cc5cdfb0758478791b19196e2812e7fa6d671f,"api,notifications,scheduler,mobile","/api/v1/notifications/*,scheduled events","notifications,notification_deliveries,user_devices",apps/mobile/app/notifications/*,PHASE_VALIDATION_NOTI,PARTIAL,services/api/src/routes/notifications.routes.ts; services/notifications; services/scheduler,scripts/audit/validate-phase-0-baseline.mjs,Phase 0 does not execute runtime; see current public smoke/audit evidence where applicable.,,Use this canonical trace row as input to Phase 1/2 owner work; do not reduce target spec to current implementation.,NO_DIRECT_LEGACY_ROW
NOTI-003,P1,LAUNCH_MANDATORY,FUNCTION_SPEC_V2,FUNCTION_SPEC_V2,????_???_??_??_???_v2.0_???.pdf,C:\Users\PC\Downloads\????_???_??_??_???_v2.0_???.pdf,6.7 알림,F00630BD45D5CD19B3D6EC57BC1F0F8B407548D3086F4DA76CF55BDDF994A1F4,34ff98d342acdacf125b2a6457ac4815947ee111,80cc5cdfb0758478791b19196e2812e7fa6d671f,"api,notifications,scheduler,mobile","/api/v1/notifications/*,scheduled events","notifications,notification_deliveries,user_devices",apps/mobile/app/notifications/*,PHASE_VALIDATION_NOTI,PARTIAL,services/api/src/routes/notifications.routes.ts; services/notifications; services/scheduler,scripts/audit/validate-phase-0-baseline.mjs,Phase 0 does not execute runtime; see current public smoke/audit evidence where applicable.,,Use this canonical trace row as input to Phase 1/2 owner work; do not reduce target spec to current implementation.,NO_DIRECT_LEGACY_ROW
NOTI-004,P1,LAUNCH_MANDATORY,FUNCTION_SPEC_V2,FUNCTION_SPEC_V2,????_???_??_??_???_v2.0_???.pdf,C:\Users\PC\Downloads\????_???_??_??_???_v2.0_???.pdf,6.7 알림,F00630BD45D5CD19B3D6EC57BC1F0F8B407548D3086F4DA76CF55BDDF994A1F4,34ff98d342acdacf125b2a6457ac4815947ee111,80cc5cdfb0758478791b19196e2812e7fa6d671f,"api,notifications,scheduler,mobile","/api/v1/notifications/*,scheduled events","notifications,notification_deliveries,user_devices",apps/mobile/app/notifications/*,PHASE_VALIDATION_NOTI,PARTIAL,services/api/src/routes/notifications.routes.ts; services/notifications; services/scheduler,scripts/audit/validate-phase-0-baseline.mjs,Phase 0 does not execute runtime; see current public smoke/audit evidence where applicable.,,Use this canonical trace row as input to Phase 1/2 owner work; do not reduce target spec to current implementation.,NO_DIRECT_LEGACY_ROW
NOTI-005,P1,LAUNCH_MANDATORY,FUNCTION_SPEC_V2,FUNCTION_SPEC_V2,????_???_??_??_???_v2.0_???.pdf,C:\Users\PC\Downloads\????_???_??_??_???_v2.0_???.pdf,6.7 알림,F00630BD45D5CD19B3D6EC57BC1F0F8B407548D3086F4DA76CF55BDDF994A1F4,34ff98d342acdacf125b2a6457ac4815947ee111,80cc5cdfb0758478791b19196e2812e7fa6d671f,"api,notifications,scheduler,mobile","/api/v1/notifications/*,scheduled events","notifications,notification_deliveries,user_devices",apps/mobile/app/notifications/*,PHASE_VALIDATION_NOTI,PARTIAL,services/api/src/routes/notifications.routes.ts; services/notifications; services/scheduler,scripts/audit/validate-phase-0-baseline.mjs,Phase 0 does not execute runtime; see current public smoke/audit evidence where applicable.,,Use this canonical trace row as input to Phase 1/2 owner work; do not reduce target spec to current implementation.,NO_DIRECT_LEGACY_ROW
NOTI-006,P1,LAUNCH_MANDATORY,FUNCTION_SPEC_V2,FUNCTION_SPEC_V2,????_???_??_??_???_v2.0_???.pdf,C:\Users\PC\Downloads\????_???_??_??_???_v2.0_???.pdf,6.7 알림,F00630BD45D5CD19B3D6EC57BC1F0F8B407548D3086F4DA76CF55BDDF994A1F4,34ff98d342acdacf125b2a6457ac4815947ee111,80cc5cdfb0758478791b19196e2812e7fa6d671f,"api,notifications,scheduler,mobile","/api/v1/notifications/*,scheduled events","notifications,notification_deliveries,user_devices",apps/mobile/app/notifications/*,PHASE_VALIDATION_NOTI,PARTIAL,services/api/src/routes/notifications.routes.ts; services/notifications; services/scheduler,scripts/audit/validate-phase-0-baseline.mjs,Phase 0 does not execute runtime; see current public smoke/audit evidence where applicable.,,Use this canonical trace row as input to Phase 1/2 owner work; do not reduce target spec to current implementation.,NO_DIRECT_LEGACY_ROW
NOTI-007,P1,LAUNCH_MANDATORY,FUNCTION_SPEC_V2,FUNCTION_SPEC_V2,????_???_??_??_???_v2.0_???.pdf,C:\Users\PC\Downloads\????_???_??_??_???_v2.0_???.pdf,6.7 알림,F00630BD45D5CD19B3D6EC57BC1F0F8B407548D3086F4DA76CF55BDDF994A1F4,34ff98d342acdacf125b2a6457ac4815947ee111,80cc5cdfb0758478791b19196e2812e7fa6d671f,"api,notifications,scheduler,mobile","/api/v1/notifications/*,scheduled events","notifications,notification_deliveries,user_devices",apps/mobile/app/notifications/*,PHASE_VALIDATION_NOTI,PARTIAL,services/api/src/routes/notifications.routes.ts; services/notifications; services/scheduler,scripts/audit/validate-phase-0-baseline.mjs,Phase 0 does not execute runtime; see current public smoke/audit evidence where applicable.,,Use this canonical trace row as input to Phase 1/2 owner work; do not reduce target spec to current implementation.,NO_DIRECT_LEGACY_ROW
NOTI-008,P1,LAUNCH_MANDATORY,FUNCTION_SPEC_V2,FUNCTION_SPEC_V2,????_???_??_??_???_v2.0_???.pdf,C:\Users\PC\Downloads\????_???_??_??_???_v2.0_???.pdf,6.7 알림,F00630BD45D5CD19B3D6EC57BC1F0F8B407548D3086F4DA76CF55BDDF994A1F4,34ff98d342acdacf125b2a6457ac4815947ee111,80cc5cdfb0758478791b19196e2812e7fa6d671f,"api,notifications,scheduler,mobile","/api/v1/notifications/*,scheduled events","notifications,notification_deliveries,user_devices",apps/mobile/app/notifications/*,PHASE_VALIDATION_NOTI,PARTIAL,services/api/src/routes/notifications.routes.ts; services/notifications; services/scheduler,scripts/audit/validate-phase-0-baseline.mjs,Phase 0 does not execute runtime; see current public smoke/audit evidence where applicable.,,Use this canonical trace row as input to Phase 1/2 owner work; do not reduce target spec to current implementation.,NO_DIRECT_LEGACY_ROW
NOTI-009,P1,LAUNCH_MANDATORY,FUNCTION_SPEC_V2,FUNCTION_SPEC_V2,????_???_??_??_???_v2.0_???.pdf,C:\Users\PC\Downloads\????_???_??_??_???_v2.0_???.pdf,6.7 알림,F00630BD45D5CD19B3D6EC57BC1F0F8B407548D3086F4DA76CF55BDDF994A1F4,34ff98d342acdacf125b2a6457ac4815947ee111,80cc5cdfb0758478791b19196e2812e7fa6d671f,"api,notifications,scheduler,mobile","/api/v1/notifications/*,scheduled events","notifications,notification_deliveries,user_devices",apps/mobile/app/notifications/*,PHASE_VALIDATION_NOTI,PARTIAL,services/api/src/routes/notifications.routes.ts; services/notifications; services/scheduler,scripts/audit/validate-phase-0-baseline.mjs,Phase 0 does not execute runtime; see current public smoke/audit evidence where applicable.,,Use this canonical trace row as input to Phase 1/2 owner work; do not reduce target spec to current implementation.,NO_DIRECT_LEGACY_ROW
NOTI-010,P1,LAUNCH_MANDATORY,FUNCTION_SPEC_V2,FUNCTION_SPEC_V2,????_???_??_??_???_v2.0_???.pdf,C:\Users\PC\Downloads\????_???_??_??_???_v2.0_???.pdf,6.7 알림,F00630BD45D5CD19B3D6EC57BC1F0F8B407548D3086F4DA76CF55BDDF994A1F4,34ff98d342acdacf125b2a6457ac4815947ee111,80cc5cdfb0758478791b19196e2812e7fa6d671f,"api,notifications,scheduler,mobile","/api/v1/notifications/*,scheduled events","notifications,notification_deliveries,user_devices",apps/mobile/app/notifications/*,PHASE_VALIDATION_NOTI,PARTIAL,services/api/src/routes/notifications.routes.ts; services/notifications; services/scheduler,scripts/audit/validate-phase-0-baseline.mjs,Phase 0 does not execute runtime; see current public smoke/audit evidence where applicable.,,Use this canonical trace row as input to Phase 1/2 owner work; do not reduce target spec to current implementation.,NO_DIRECT_LEGACY_ROW
LV-001,P1,LAUNCH_MANDATORY,FUNCTION_SPEC_V2,FUNCTION_SPEC_V2,????_???_??_??_???_v2.0_???.pdf,C:\Users\PC\Downloads\????_???_??_??_???_v2.0_???.pdf,6.8 LV UP,F00630BD45D5CD19B3D6EC57BC1F0F8B407548D3086F4DA76CF55BDDF994A1F4,34ff98d342acdacf125b2a6457ac4815947ee111,80cc5cdfb0758478791b19196e2812e7fa6d671f,"api,db,mobile,admin",/api/v1/growth/*,"growth_tasks,growth_task_completions,user_growth_stats,growth_content_items,user_level_content_progress",apps/mobile/app/(tabs)/level/index.tsx,PHASE_VALIDATION_LV,PARTIAL,services/api/src/routes/growth.routes.ts,scripts/audit/validate-phase-0-baseline.mjs,Phase 0 does not execute runtime; see current public smoke/audit evidence where applicable.,,Use this canonical trace row as input to Phase 1/2 owner work; do not reduce target spec to current implementation.,16
LV-002,P1,LAUNCH_MANDATORY,FUNCTION_SPEC_V2,FUNCTION_SPEC_V2,????_???_??_??_???_v2.0_???.pdf,C:\Users\PC\Downloads\????_???_??_??_???_v2.0_???.pdf,6.8 LV UP,F00630BD45D5CD19B3D6EC57BC1F0F8B407548D3086F4DA76CF55BDDF994A1F4,34ff98d342acdacf125b2a6457ac4815947ee111,80cc5cdfb0758478791b19196e2812e7fa6d671f,"api,db,mobile,admin",/api/v1/growth/*,"growth_tasks,growth_task_completions,user_growth_stats,growth_content_items,user_level_content_progress",apps/mobile/app/(tabs)/level/index.tsx,PHASE_VALIDATION_LV,PARTIAL,services/api/src/routes/growth.routes.ts,scripts/audit/validate-phase-0-baseline.mjs,Phase 0 does not execute runtime; see current public smoke/audit evidence where applicable.,,Use this canonical trace row as input to Phase 1/2 owner work; do not reduce target spec to current implementation.,NO_DIRECT_LEGACY_ROW
LV-003,P1,LAUNCH_MANDATORY,FUNCTION_SPEC_V2,FUNCTION_SPEC_V2,????_???_??_??_???_v2.0_???.pdf,C:\Users\PC\Downloads\????_???_??_??_???_v2.0_???.pdf,6.8 LV UP,F00630BD45D5CD19B3D6EC57BC1F0F8B407548D3086F4DA76CF55BDDF994A1F4,34ff98d342acdacf125b2a6457ac4815947ee111,80cc5cdfb0758478791b19196e2812e7fa6d671f,"api,db,mobile,admin",/api/v1/growth/*,"growth_tasks,growth_task_completions,user_growth_stats,growth_content_items,user_level_content_progress",apps/mobile/app/(tabs)/level/index.tsx,PHASE_VALIDATION_LV,PARTIAL,services/api/src/routes/growth.routes.ts,scripts/audit/validate-phase-0-baseline.mjs,Phase 0 does not execute runtime; see current public smoke/audit evidence where applicable.,,Use this canonical trace row as input to Phase 1/2 owner work; do not reduce target spec to current implementation.,NO_DIRECT_LEGACY_ROW
LV-004,P1,LAUNCH_MANDATORY,FUNCTION_SPEC_V2,FUNCTION_SPEC_V2,????_???_??_??_???_v2.0_???.pdf,C:\Users\PC\Downloads\????_???_??_??_???_v2.0_???.pdf,6.8 LV UP,F00630BD45D5CD19B3D6EC57BC1F0F8B407548D3086F4DA76CF55BDDF994A1F4,34ff98d342acdacf125b2a6457ac4815947ee111,80cc5cdfb0758478791b19196e2812e7fa6d671f,"api,db,mobile,admin",/api/v1/growth/*,"growth_tasks,growth_task_completions,user_growth_stats,growth_content_items,user_level_content_progress",apps/mobile/app/(tabs)/level/index.tsx,PHASE_VALIDATION_LV,PARTIAL,services/api/src/routes/growth.routes.ts,scripts/audit/validate-phase-0-baseline.mjs,Phase 0 does not execute runtime; see current public smoke/audit evidence where applicable.,,Use this canonical trace row as input to Phase 1/2 owner work; do not reduce target spec to current implementation.,NO_DIRECT_LEGACY_ROW
LV-005,P1,LAUNCH_MANDATORY,FUNCTION_SPEC_V2,FUNCTION_SPEC_V2,????_???_??_??_???_v2.0_???.pdf,C:\Users\PC\Downloads\????_???_??_??_???_v2.0_???.pdf,6.8 LV UP,F00630BD45D5CD19B3D6EC57BC1F0F8B407548D3086F4DA76CF55BDDF994A1F4,34ff98d342acdacf125b2a6457ac4815947ee111,80cc5cdfb0758478791b19196e2812e7fa6d671f,"api,db,mobile,admin",/api/v1/growth/*,"growth_tasks,growth_task_completions,user_growth_stats,growth_content_items,user_level_content_progress",apps/mobile/app/(tabs)/level/index.tsx,PHASE_VALIDATION_LV,PARTIAL,services/api/src/routes/growth.routes.ts,scripts/audit/validate-phase-0-baseline.mjs,Phase 0 does not execute runtime; see current public smoke/audit evidence where applicable.,,Use this canonical trace row as input to Phase 1/2 owner work; do not reduce target spec to current implementation.,NO_DIRECT_LEGACY_ROW
LV-006,P1,LAUNCH_MANDATORY,FUNCTION_SPEC_V2,FUNCTION_SPEC_V2,????_???_??_??_???_v2.0_???.pdf,C:\Users\PC\Downloads\????_???_??_??_???_v2.0_???.pdf,6.8 LV UP,F00630BD45D5CD19B3D6EC57BC1F0F8B407548D3086F4DA76CF55BDDF994A1F4,34ff98d342acdacf125b2a6457ac4815947ee111,80cc5cdfb0758478791b19196e2812e7fa6d671f,"api,db,mobile,admin",/api/v1/growth/*,"growth_tasks,growth_task_completions,user_growth_stats,growth_content_items,user_level_content_progress",apps/mobile/app/(tabs)/level/index.tsx,PHASE_VALIDATION_LV,PARTIAL,services/api/src/routes/growth.routes.ts,scripts/audit/validate-phase-0-baseline.mjs,Phase 0 does not execute runtime; see current public smoke/audit evidence where applicable.,,Use this canonical trace row as input to Phase 1/2 owner work; do not reduce target spec to current implementation.,NO_DIRECT_LEGACY_ROW
LV-007,P1,LAUNCH_MANDATORY,FUNCTION_SPEC_V2,FUNCTION_SPEC_V2,????_???_??_??_???_v2.0_???.pdf,C:\Users\PC\Downloads\????_???_??_??_???_v2.0_???.pdf,6.8 LV UP,F00630BD45D5CD19B3D6EC57BC1F0F8B407548D3086F4DA76CF55BDDF994A1F4,34ff98d342acdacf125b2a6457ac4815947ee111,80cc5cdfb0758478791b19196e2812e7fa6d671f,"api,db,mobile,admin",/api/v1/growth/*,"growth_tasks,growth_task_completions,user_growth_stats,growth_content_items,user_level_content_progress",apps/mobile/app/(tabs)/level/index.tsx,PHASE_VALIDATION_LV,PARTIAL,services/api/src/routes/growth.routes.ts,scripts/audit/validate-phase-0-baseline.mjs,Phase 0 does not execute runtime; see current public smoke/audit evidence where applicable.,,Use this canonical trace row as input to Phase 1/2 owner work; do not reduce target spec to current implementation.,NO_DIRECT_LEGACY_ROW
LV-008,P1,LAUNCH_MANDATORY,FUNCTION_SPEC_V2,FUNCTION_SPEC_V2,????_???_??_??_???_v2.0_???.pdf,C:\Users\PC\Downloads\????_???_??_??_???_v2.0_???.pdf,6.8 LV UP,F00630BD45D5CD19B3D6EC57BC1F0F8B407548D3086F4DA76CF55BDDF994A1F4,34ff98d342acdacf125b2a6457ac4815947ee111,80cc5cdfb0758478791b19196e2812e7fa6d671f,"api,db,mobile,admin",/api/v1/growth/*,"growth_tasks,growth_task_completions,user_growth_stats,growth_content_items,user_level_content_progress",apps/mobile/app/(tabs)/level/index.tsx,PHASE_VALIDATION_LV,PARTIAL,services/api/src/routes/growth.routes.ts,scripts/audit/validate-phase-0-baseline.mjs,Phase 0 does not execute runtime; see current public smoke/audit evidence where applicable.,,Use this canonical trace row as input to Phase 1/2 owner work; do not reduce target spec to current implementation.,NO_DIRECT_LEGACY_ROW
LV-009,P1,LAUNCH_MANDATORY,FUNCTION_SPEC_V2,FUNCTION_SPEC_V2,????_???_??_??_???_v2.0_???.pdf,C:\Users\PC\Downloads\????_???_??_??_???_v2.0_???.pdf,6.8 LV UP,F00630BD45D5CD19B3D6EC57BC1F0F8B407548D3086F4DA76CF55BDDF994A1F4,34ff98d342acdacf125b2a6457ac4815947ee111,80cc5cdfb0758478791b19196e2812e7fa6d671f,"api,db,mobile,admin",/api/v1/growth/*,"growth_tasks,growth_task_completions,user_growth_stats,growth_content_items,user_level_content_progress",apps/mobile/app/(tabs)/level/index.tsx,PHASE_VALIDATION_LV,PARTIAL,services/api/src/routes/growth.routes.ts,scripts/audit/validate-phase-0-baseline.mjs,Phase 0 does not execute runtime; see current public smoke/audit evidence where applicable.,,Use this canonical trace row as input to Phase 1/2 owner work; do not reduce target spec to current implementation.,NO_DIRECT_LEGACY_ROW
LV-010,P1,LAUNCH_MANDATORY,FUNCTION_SPEC_V2,FUNCTION_SPEC_V2,????_???_??_??_???_v2.0_???.pdf,C:\Users\PC\Downloads\????_???_??_??_???_v2.0_???.pdf,6.8 LV UP,F00630BD45D5CD19B3D6EC57BC1F0F8B407548D3086F4DA76CF55BDDF994A1F4,34ff98d342acdacf125b2a6457ac4815947ee111,80cc5cdfb0758478791b19196e2812e7fa6d671f,"api,db,mobile,admin",/api/v1/growth/*,"growth_tasks,growth_task_completions,user_growth_stats,growth_content_items,user_level_content_progress",apps/mobile/app/(tabs)/level/index.tsx,PHASE_VALIDATION_LV,PARTIAL,services/api/src/routes/growth.routes.ts,scripts/audit/validate-phase-0-baseline.mjs,Phase 0 does not execute runtime; see current public smoke/audit evidence where applicable.,,Use this canonical trace row as input to Phase 1/2 owner work; do not reduce target spec to current implementation.,NO_DIRECT_LEGACY_ROW
COM-001,P1,LAUNCH_MANDATORY,FUNCTION_SPEC_V2,FUNCTION_SPEC_V2,????_???_??_??_???_v2.0_???.pdf,C:\Users\PC\Downloads\????_???_??_??_???_v2.0_???.pdf,6.9 커뮤니티,F00630BD45D5CD19B3D6EC57BC1F0F8B407548D3086F4DA76CF55BDDF994A1F4,34ff98d342acdacf125b2a6457ac4815947ee111,80cc5cdfb0758478791b19196e2812e7fa6d671f,"api,db,mobile,admin",/api/v1/community/*,"community_posts,community_comments,community_reactions,community_reports,attachments",apps/mobile/app/(tabs)/community/index.tsx,PHASE_VALIDATION_COM,PARTIAL,services/api/src/routes/community.routes.ts,scripts/audit/validate-phase-0-baseline.mjs,Phase 0 does not execute runtime; see current public smoke/audit evidence where applicable.,,Use this canonical trace row as input to Phase 1/2 owner work; do not reduce target spec to current implementation.,NO_DIRECT_LEGACY_ROW
COM-002,P1,LAUNCH_MANDATORY,FUNCTION_SPEC_V2,FUNCTION_SPEC_V2,????_???_??_??_???_v2.0_???.pdf,C:\Users\PC\Downloads\????_???_??_??_???_v2.0_???.pdf,6.9 커뮤니티,F00630BD45D5CD19B3D6EC57BC1F0F8B407548D3086F4DA76CF55BDDF994A1F4,34ff98d342acdacf125b2a6457ac4815947ee111,80cc5cdfb0758478791b19196e2812e7fa6d671f,"api,db,mobile,admin",/api/v1/community/*,"community_posts,community_comments,community_reactions,community_reports,attachments",apps/mobile/app/(tabs)/community/index.tsx,PHASE_VALIDATION_COM,PARTIAL,services/api/src/routes/community.routes.ts,scripts/audit/validate-phase-0-baseline.mjs,Phase 0 does not execute runtime; see current public smoke/audit evidence where applicable.,,Use this canonical trace row as input to Phase 1/2 owner work; do not reduce target spec to current implementation.,NO_DIRECT_LEGACY_ROW
COM-003,P1,LAUNCH_MANDATORY,FUNCTION_SPEC_V2,FUNCTION_SPEC_V2,????_???_??_??_???_v2.0_???.pdf,C:\Users\PC\Downloads\????_???_??_??_???_v2.0_???.pdf,6.9 커뮤니티,F00630BD45D5CD19B3D6EC57BC1F0F8B407548D3086F4DA76CF55BDDF994A1F4,34ff98d342acdacf125b2a6457ac4815947ee111,80cc5cdfb0758478791b19196e2812e7fa6d671f,"api,db,mobile,admin",/api/v1/community/*,"community_posts,community_comments,community_reactions,community_reports,attachments",apps/mobile/app/(tabs)/community/index.tsx,PHASE_VALIDATION_COM,PARTIAL,services/api/src/routes/community.routes.ts,scripts/audit/validate-phase-0-baseline.mjs,Phase 0 does not execute runtime; see current public smoke/audit evidence where applicable.,,Use this canonical trace row as input to Phase 1/2 owner work; do not reduce target spec to current implementation.,NO_DIRECT_LEGACY_ROW
COM-004,P1,LAUNCH_MANDATORY,FUNCTION_SPEC_V2,FUNCTION_SPEC_V2,????_???_??_??_???_v2.0_???.pdf,C:\Users\PC\Downloads\????_???_??_??_???_v2.0_???.pdf,6.9 커뮤니티,F00630BD45D5CD19B3D6EC57BC1F0F8B407548D3086F4DA76CF55BDDF994A1F4,34ff98d342acdacf125b2a6457ac4815947ee111,80cc5cdfb0758478791b19196e2812e7fa6d671f,"api,db,mobile,admin",/api/v1/community/*,"community_posts,community_comments,community_reactions,community_reports,attachments",apps/mobile/app/(tabs)/community/index.tsx,PHASE_VALIDATION_COM,PARTIAL,services/api/src/routes/community.routes.ts,scripts/audit/validate-phase-0-baseline.mjs,Phase 0 does not execute runtime; see current public smoke/audit evidence where applicable.,,Use this canonical trace row as input to Phase 1/2 owner work; do not reduce target spec to current implementation.,NO_DIRECT_LEGACY_ROW
COM-005,P1,LAUNCH_MANDATORY,FUNCTION_SPEC_V2,FUNCTION_SPEC_V2,????_???_??_??_???_v2.0_???.pdf,C:\Users\PC\Downloads\????_???_??_??_???_v2.0_???.pdf,6.9 커뮤니티,F00630BD45D5CD19B3D6EC57BC1F0F8B407548D3086F4DA76CF55BDDF994A1F4,34ff98d342acdacf125b2a6457ac4815947ee111,80cc5cdfb0758478791b19196e2812e7fa6d671f,"api,db,mobile,admin",/api/v1/community/*,"community_posts,community_comments,community_reactions,community_reports,attachments",apps/mobile/app/(tabs)/community/index.tsx,PHASE_VALIDATION_COM,PARTIAL,services/api/src/routes/community.routes.ts,scripts/audit/validate-phase-0-baseline.mjs,Phase 0 does not execute runtime; see current public smoke/audit evidence where applicable.,,Use this canonical trace row as input to Phase 1/2 owner work; do not reduce target spec to current implementation.,NO_DIRECT_LEGACY_ROW
COM-006,P1,LAUNCH_MANDATORY,FUNCTION_SPEC_V2,FUNCTION_SPEC_V2,????_???_??_??_???_v2.0_???.pdf,C:\Users\PC\Downloads\????_???_??_??_???_v2.0_???.pdf,6.9 커뮤니티,F00630BD45D5CD19B3D6EC57BC1F0F8B407548D3086F4DA76CF55BDDF994A1F4,34ff98d342acdacf125b2a6457ac4815947ee111,80cc5cdfb0758478791b19196e2812e7fa6d671f,"api,db,mobile,admin",/api/v1/community/*,"community_posts,community_comments,community_reactions,community_reports,attachments",apps/mobile/app/(tabs)/community/index.tsx,PHASE_VALIDATION_COM,PARTIAL,services/api/src/routes/community.routes.ts,scripts/audit/validate-phase-0-baseline.mjs,Phase 0 does not execute runtime; see current public smoke/audit evidence where applicable.,,Use this canonical trace row as input to Phase 1/2 owner work; do not reduce target spec to current implementation.,NO_DIRECT_LEGACY_ROW
COM-007,P1,LAUNCH_MANDATORY,FUNCTION_SPEC_V2,FUNCTION_SPEC_V2,????_???_??_??_???_v2.0_???.pdf,C:\Users\PC\Downloads\????_???_??_??_???_v2.0_???.pdf,6.9 커뮤니티,F00630BD45D5CD19B3D6EC57BC1F0F8B407548D3086F4DA76CF55BDDF994A1F4,34ff98d342acdacf125b2a6457ac4815947ee111,80cc5cdfb0758478791b19196e2812e7fa6d671f,"api,db,mobile,admin",/api/v1/community/*,"community_posts,community_comments,community_reactions,community_reports,attachments",apps/mobile/app/(tabs)/community/index.tsx,PHASE_VALIDATION_COM,PARTIAL,services/api/src/routes/community.routes.ts,scripts/audit/validate-phase-0-baseline.mjs,Phase 0 does not execute runtime; see current public smoke/audit evidence where applicable.,,Use this canonical trace row as input to Phase 1/2 owner work; do not reduce target spec to current implementation.,NO_DIRECT_LEGACY_ROW
COM-008,P1,LAUNCH_MANDATORY,FUNCTION_SPEC_V2,FUNCTION_SPEC_V2,????_???_??_??_???_v2.0_???.pdf,C:\Users\PC\Downloads\????_???_??_??_???_v2.0_???.pdf,6.9 커뮤니티,F00630BD45D5CD19B3D6EC57BC1F0F8B407548D3086F4DA76CF55BDDF994A1F4,34ff98d342acdacf125b2a6457ac4815947ee111,80cc5cdfb0758478791b19196e2812e7fa6d671f,"api,db,mobile,admin",/api/v1/community/*,"community_posts,community_comments,community_reactions,community_reports,attachments",apps/mobile/app/(tabs)/community/index.tsx,PHASE_VALIDATION_COM,PARTIAL,services/api/src/routes/community.routes.ts,scripts/audit/validate-phase-0-baseline.mjs,Phase 0 does not execute runtime; see current public smoke/audit evidence where applicable.,,Use this canonical trace row as input to Phase 1/2 owner work; do not reduce target spec to current implementation.,NO_DIRECT_LEGACY_ROW
COM-009,P1,LAUNCH_MANDATORY,FUNCTION_SPEC_V2,FUNCTION_SPEC_V2,????_???_??_??_???_v2.0_???.pdf,C:\Users\PC\Downloads\????_???_??_??_???_v2.0_???.pdf,6.9 커뮤니티,F00630BD45D5CD19B3D6EC57BC1F0F8B407548D3086F4DA76CF55BDDF994A1F4,34ff98d342acdacf125b2a6457ac4815947ee111,80cc5cdfb0758478791b19196e2812e7fa6d671f,"api,db,mobile,admin",/api/v1/community/*,"community_posts,community_comments,community_reactions,community_reports,attachments",apps/mobile/app/(tabs)/community/index.tsx,PHASE_VALIDATION_COM,PARTIAL,services/api/src/routes/community.routes.ts,scripts/audit/validate-phase-0-baseline.mjs,Phase 0 does not execute runtime; see current public smoke/audit evidence where applicable.,,Use this canonical trace row as input to Phase 1/2 owner work; do not reduce target spec to current implementation.,NO_DIRECT_LEGACY_ROW
COM-010,P1,LAUNCH_MANDATORY,FUNCTION_SPEC_V2,FUNCTION_SPEC_V2,????_???_??_??_???_v2.0_???.pdf,C:\Users\PC\Downloads\????_???_??_??_???_v2.0_???.pdf,6.9 커뮤니티,F00630BD45D5CD19B3D6EC57BC1F0F8B407548D3086F4DA76CF55BDDF994A1F4,34ff98d342acdacf125b2a6457ac4815947ee111,80cc5cdfb0758478791b19196e2812e7fa6d671f,"api,db,mobile,admin",/api/v1/community/*,"community_posts,community_comments,community_reactions,community_reports,attachments",apps/mobile/app/(tabs)/community/index.tsx,PHASE_VALIDATION_COM,PARTIAL,services/api/src/routes/community.routes.ts,scripts/audit/validate-phase-0-baseline.mjs,Phase 0 does not execute runtime; see current public smoke/audit evidence where applicable.,,Use this canonical trace row as input to Phase 1/2 owner work; do not reduce target spec to current implementation.,NO_DIRECT_LEGACY_ROW
COM-011,P1,LAUNCH_MANDATORY,FUNCTION_SPEC_V2,FUNCTION_SPEC_V2,????_???_??_??_???_v2.0_???.pdf,C:\Users\PC\Downloads\????_???_??_??_???_v2.0_???.pdf,6.9 커뮤니티,F00630BD45D5CD19B3D6EC57BC1F0F8B407548D3086F4DA76CF55BDDF994A1F4,34ff98d342acdacf125b2a6457ac4815947ee111,80cc5cdfb0758478791b19196e2812e7fa6d671f,"api,db,mobile,admin",/api/v1/community/*,"community_posts,community_comments,community_reactions,community_reports,attachments",apps/mobile/app/(tabs)/community/index.tsx,PHASE_VALIDATION_COM,PARTIAL,services/api/src/routes/community.routes.ts,scripts/audit/validate-phase-0-baseline.mjs,Phase 0 does not execute runtime; see current public smoke/audit evidence where applicable.,,Use this canonical trace row as input to Phase 1/2 owner work; do not reduce target spec to current implementation.,NO_DIRECT_LEGACY_ROW
COM-012,P1,LAUNCH_MANDATORY,FUNCTION_SPEC_V2,FUNCTION_SPEC_V2,????_???_??_??_???_v2.0_???.pdf,C:\Users\PC\Downloads\????_???_??_??_???_v2.0_???.pdf,6.9 커뮤니티,F00630BD45D5CD19B3D6EC57BC1F0F8B407548D3086F4DA76CF55BDDF994A1F4,34ff98d342acdacf125b2a6457ac4815947ee111,80cc5cdfb0758478791b19196e2812e7fa6d671f,"api,db,mobile,admin",/api/v1/community/*,"community_posts,community_comments,community_reactions,community_reports,attachments",apps/mobile/app/(tabs)/community/index.tsx,PHASE_VALIDATION_COM,PARTIAL,services/api/src/routes/community.routes.ts,scripts/audit/validate-phase-0-baseline.mjs,Phase 0 does not execute runtime; see current public smoke/audit evidence where applicable.,,Use this canonical trace row as input to Phase 1/2 owner work; do not reduce target spec to current implementation.,NO_DIRECT_LEGACY_ROW
WRITE-001,P1,LAUNCH_MANDATORY,FUNCTION_SPEC_V2,FUNCTION_SPEC_V2,????_???_??_??_???_v2.0_???.pdf,C:\Users\PC\Downloads\????_???_??_??_???_v2.0_???.pdf,6.10 글쓰기,F00630BD45D5CD19B3D6EC57BC1F0F8B407548D3086F4DA76CF55BDDF994A1F4,34ff98d342acdacf125b2a6457ac4815947ee111,80cc5cdfb0758478791b19196e2812e7fa6d671f,"api,db,mobile,uploads","/api/v1/community/posts,/api/v1/uploads/*","community_posts,attachments",apps/mobile/app/community/write.tsx,PHASE_VALIDATION_WRITE,PARTIAL,apps/mobile/app/community/write.tsx; services/api/src/routes/uploads.routes.ts,scripts/audit/validate-phase-0-baseline.mjs,Phase 0 does not execute runtime; see current public smoke/audit evidence where applicable.,,Use this canonical trace row as input to Phase 1/2 owner work; do not reduce target spec to current implementation.,NO_DIRECT_LEGACY_ROW
WRITE-002,P1,LAUNCH_MANDATORY,FUNCTION_SPEC_V2,FUNCTION_SPEC_V2,????_???_??_??_???_v2.0_???.pdf,C:\Users\PC\Downloads\????_???_??_??_???_v2.0_???.pdf,6.10 글쓰기,F00630BD45D5CD19B3D6EC57BC1F0F8B407548D3086F4DA76CF55BDDF994A1F4,34ff98d342acdacf125b2a6457ac4815947ee111,80cc5cdfb0758478791b19196e2812e7fa6d671f,"api,db,mobile,uploads","/api/v1/community/posts,/api/v1/uploads/*","community_posts,attachments",apps/mobile/app/community/write.tsx,PHASE_VALIDATION_WRITE,PARTIAL,apps/mobile/app/community/write.tsx; services/api/src/routes/uploads.routes.ts,scripts/audit/validate-phase-0-baseline.mjs,Phase 0 does not execute runtime; see current public smoke/audit evidence where applicable.,,Use this canonical trace row as input to Phase 1/2 owner work; do not reduce target spec to current implementation.,NO_DIRECT_LEGACY_ROW
WRITE-003,P1,LAUNCH_MANDATORY,FUNCTION_SPEC_V2,FUNCTION_SPEC_V2,????_???_??_??_???_v2.0_???.pdf,C:\Users\PC\Downloads\????_???_??_??_???_v2.0_???.pdf,6.10 글쓰기,F00630BD45D5CD19B3D6EC57BC1F0F8B407548D3086F4DA76CF55BDDF994A1F4,34ff98d342acdacf125b2a6457ac4815947ee111,80cc5cdfb0758478791b19196e2812e7fa6d671f,"api,db,mobile,uploads","/api/v1/community/posts,/api/v1/uploads/*","community_posts,attachments",apps/mobile/app/community/write.tsx,PHASE_VALIDATION_WRITE,PARTIAL,apps/mobile/app/community/write.tsx; services/api/src/routes/uploads.routes.ts,scripts/audit/validate-phase-0-baseline.mjs,Phase 0 does not execute runtime; see current public smoke/audit evidence where applicable.,,Use this canonical trace row as input to Phase 1/2 owner work; do not reduce target spec to current implementation.,NO_DIRECT_LEGACY_ROW
WRITE-004,P1,LAUNCH_MANDATORY,FUNCTION_SPEC_V2,FUNCTION_SPEC_V2,????_???_??_??_???_v2.0_???.pdf,C:\Users\PC\Downloads\????_???_??_??_???_v2.0_???.pdf,6.10 글쓰기,F00630BD45D5CD19B3D6EC57BC1F0F8B407548D3086F4DA76CF55BDDF994A1F4,34ff98d342acdacf125b2a6457ac4815947ee111,80cc5cdfb0758478791b19196e2812e7fa6d671f,"api,db,mobile,uploads","/api/v1/community/posts,/api/v1/uploads/*","community_posts,attachments",apps/mobile/app/community/write.tsx,PHASE_VALIDATION_WRITE,PARTIAL,apps/mobile/app/community/write.tsx; services/api/src/routes/uploads.routes.ts,scripts/audit/validate-phase-0-baseline.mjs,Phase 0 does not execute runtime; see current public smoke/audit evidence where applicable.,,Use this canonical trace row as input to Phase 1/2 owner work; do not reduce target spec to current implementation.,NO_DIRECT_LEGACY_ROW
WRITE-005,P1,LAUNCH_MANDATORY,FUNCTION_SPEC_V2,FUNCTION_SPEC_V2,????_???_??_??_???_v2.0_???.pdf,C:\Users\PC\Downloads\????_???_??_??_???_v2.0_???.pdf,6.10 글쓰기,F00630BD45D5CD19B3D6EC57BC1F0F8B407548D3086F4DA76CF55BDDF994A1F4,34ff98d342acdacf125b2a6457ac4815947ee111,80cc5cdfb0758478791b19196e2812e7fa6d671f,"api,db,mobile,uploads","/api/v1/community/posts,/api/v1/uploads/*","community_posts,attachments",apps/mobile/app/community/write.tsx,PHASE_VALIDATION_WRITE,PARTIAL,apps/mobile/app/community/write.tsx; services/api/src/routes/uploads.routes.ts,scripts/audit/validate-phase-0-baseline.mjs,Phase 0 does not execute runtime; see current public smoke/audit evidence where applicable.,,Use this canonical trace row as input to Phase 1/2 owner work; do not reduce target spec to current implementation.,NO_DIRECT_LEGACY_ROW
WRITE-006,P1,LAUNCH_MANDATORY,FUNCTION_SPEC_V2,FUNCTION_SPEC_V2,????_???_??_??_???_v2.0_???.pdf,C:\Users\PC\Downloads\????_???_??_??_???_v2.0_???.pdf,6.10 글쓰기,F00630BD45D5CD19B3D6EC57BC1F0F8B407548D3086F4DA76CF55BDDF994A1F4,34ff98d342acdacf125b2a6457ac4815947ee111,80cc5cdfb0758478791b19196e2812e7fa6d671f,"api,db,mobile,uploads","/api/v1/community/posts,/api/v1/uploads/*","community_posts,attachments",apps/mobile/app/community/write.tsx,PHASE_VALIDATION_WRITE,PARTIAL,apps/mobile/app/community/write.tsx; services/api/src/routes/uploads.routes.ts,scripts/audit/validate-phase-0-baseline.mjs,Phase 0 does not execute runtime; see current public smoke/audit evidence where applicable.,,Use this canonical trace row as input to Phase 1/2 owner work; do not reduce target spec to current implementation.,NO_DIRECT_LEGACY_ROW
PROF-001,P1,LAUNCH_MANDATORY,FUNCTION_SPEC_V2,FUNCTION_SPEC_V2,????_???_??_??_???_v2.0_???.pdf,C:\Users\PC\Downloads\????_???_??_??_???_v2.0_???.pdf,6.11 마이페이지,F00630BD45D5CD19B3D6EC57BC1F0F8B407548D3086F4DA76CF55BDDF994A1F4,34ff98d342acdacf125b2a6457ac4815947ee111,80cc5cdfb0758478791b19196e2812e7fa6d671f,"api,db,mobile",/api/v1/users/*,"user_profiles,user_settings,user_consents,user_support_tickets,user_privacy_exports,user_withdrawal_requests",apps/mobile/app/profile/*,PHASE_VALIDATION_PROF,PARTIAL,services/api/src/routes/users.routes.ts; apps/mobile/app/profile,scripts/audit/validate-phase-0-baseline.mjs,Phase 0 does not execute runtime; see current public smoke/audit evidence where applicable.,,Use this canonical trace row as input to Phase 1/2 owner work; do not reduce target spec to current implementation.,NO_DIRECT_LEGACY_ROW
PROF-002,P1,LAUNCH_MANDATORY,FUNCTION_SPEC_V2,FUNCTION_SPEC_V2,????_???_??_??_???_v2.0_???.pdf,C:\Users\PC\Downloads\????_???_??_??_???_v2.0_???.pdf,6.11 마이페이지,F00630BD45D5CD19B3D6EC57BC1F0F8B407548D3086F4DA76CF55BDDF994A1F4,34ff98d342acdacf125b2a6457ac4815947ee111,80cc5cdfb0758478791b19196e2812e7fa6d671f,"api,db,mobile",/api/v1/users/*,"user_profiles,user_settings,user_consents,user_support_tickets,user_privacy_exports,user_withdrawal_requests",apps/mobile/app/profile/*,PHASE_VALIDATION_PROF,PARTIAL,services/api/src/routes/users.routes.ts; apps/mobile/app/profile,scripts/audit/validate-phase-0-baseline.mjs,Phase 0 does not execute runtime; see current public smoke/audit evidence where applicable.,,Use this canonical trace row as input to Phase 1/2 owner work; do not reduce target spec to current implementation.,NO_DIRECT_LEGACY_ROW
PROF-003,P1,LAUNCH_MANDATORY,FUNCTION_SPEC_V2,FUNCTION_SPEC_V2,????_???_??_??_???_v2.0_???.pdf,C:\Users\PC\Downloads\????_???_??_??_???_v2.0_???.pdf,6.11 마이페이지,F00630BD45D5CD19B3D6EC57BC1F0F8B407548D3086F4DA76CF55BDDF994A1F4,34ff98d342acdacf125b2a6457ac4815947ee111,80cc5cdfb0758478791b19196e2812e7fa6d671f,"api,db,mobile",/api/v1/users/*,"user_profiles,user_settings,user_consents,user_support_tickets,user_privacy_exports,user_withdrawal_requests",apps/mobile/app/profile/*,PHASE_VALIDATION_PROF,PARTIAL,services/api/src/routes/users.routes.ts; apps/mobile/app/profile,scripts/audit/validate-phase-0-baseline.mjs,Phase 0 does not execute runtime; see current public smoke/audit evidence where applicable.,,Use this canonical trace row as input to Phase 1/2 owner work; do not reduce target spec to current implementation.,NO_DIRECT_LEGACY_ROW
PROF-004,P1,LAUNCH_MANDATORY,FUNCTION_SPEC_V2,FUNCTION_SPEC_V2,????_???_??_??_???_v2.0_???.pdf,C:\Users\PC\Downloads\????_???_??_??_???_v2.0_???.pdf,6.11 마이페이지,F00630BD45D5CD19B3D6EC57BC1F0F8B407548D3086F4DA76CF55BDDF994A1F4,34ff98d342acdacf125b2a6457ac4815947ee111,80cc5cdfb0758478791b19196e2812e7fa6d671f,"api,db,mobile",/api/v1/users/*,"user_profiles,user_settings,user_consents,user_support_tickets,user_privacy_exports,user_withdrawal_requests",apps/mobile/app/profile/*,PHASE_VALIDATION_PROF,PARTIAL,services/api/src/routes/users.routes.ts; apps/mobile/app/profile,scripts/audit/validate-phase-0-baseline.mjs,Phase 0 does not execute runtime; see current public smoke/audit evidence where applicable.,,Use this canonical trace row as input to Phase 1/2 owner work; do not reduce target spec to current implementation.,NO_DIRECT_LEGACY_ROW
PROF-005,P1,LAUNCH_MANDATORY,FUNCTION_SPEC_V2,FUNCTION_SPEC_V2,????_???_??_??_???_v2.0_???.pdf,C:\Users\PC\Downloads\????_???_??_??_???_v2.0_???.pdf,6.11 마이페이지,F00630BD45D5CD19B3D6EC57BC1F0F8B407548D3086F4DA76CF55BDDF994A1F4,34ff98d342acdacf125b2a6457ac4815947ee111,80cc5cdfb0758478791b19196e2812e7fa6d671f,"api,db,mobile",/api/v1/users/*,"user_profiles,user_settings,user_consents,user_support_tickets,user_privacy_exports,user_withdrawal_requests",apps/mobile/app/profile/*,PHASE_VALIDATION_PROF,PARTIAL,services/api/src/routes/users.routes.ts; apps/mobile/app/profile,scripts/audit/validate-phase-0-baseline.mjs,Phase 0 does not execute runtime; see current public smoke/audit evidence where applicable.,,Use this canonical trace row as input to Phase 1/2 owner work; do not reduce target spec to current implementation.,NO_DIRECT_LEGACY_ROW
PROF-006,P1,LAUNCH_MANDATORY,FUNCTION_SPEC_V2,FUNCTION_SPEC_V2,????_???_??_??_???_v2.0_???.pdf,C:\Users\PC\Downloads\????_???_??_??_???_v2.0_???.pdf,6.11 마이페이지,F00630BD45D5CD19B3D6EC57BC1F0F8B407548D3086F4DA76CF55BDDF994A1F4,34ff98d342acdacf125b2a6457ac4815947ee111,80cc5cdfb0758478791b19196e2812e7fa6d671f,"api,db,mobile",/api/v1/users/*,"user_profiles,user_settings,user_consents,user_support_tickets,user_privacy_exports,user_withdrawal_requests",apps/mobile/app/profile/*,PHASE_VALIDATION_PROF,PARTIAL,services/api/src/routes/users.routes.ts; apps/mobile/app/profile,scripts/audit/validate-phase-0-baseline.mjs,Phase 0 does not execute runtime; see current public smoke/audit evidence where applicable.,,Use this canonical trace row as input to Phase 1/2 owner work; do not reduce target spec to current implementation.,NO_DIRECT_LEGACY_ROW
PROF-007,P1,LAUNCH_MANDATORY,FUNCTION_SPEC_V2,FUNCTION_SPEC_V2,????_???_??_??_???_v2.0_???.pdf,C:\Users\PC\Downloads\????_???_??_??_???_v2.0_???.pdf,6.11 마이페이지,F00630BD45D5CD19B3D6EC57BC1F0F8B407548D3086F4DA76CF55BDDF994A1F4,34ff98d342acdacf125b2a6457ac4815947ee111,80cc5cdfb0758478791b19196e2812e7fa6d671f,"api,db,mobile",/api/v1/users/*,"user_profiles,user_settings,user_consents,user_support_tickets,user_privacy_exports,user_withdrawal_requests",apps/mobile/app/profile/*,PHASE_VALIDATION_PROF,PARTIAL,services/api/src/routes/users.routes.ts; apps/mobile/app/profile,scripts/audit/validate-phase-0-baseline.mjs,Phase 0 does not execute runtime; see current public smoke/audit evidence where applicable.,,Use this canonical trace row as input to Phase 1/2 owner work; do not reduce target spec to current implementation.,NO_DIRECT_LEGACY_ROW
PROF-008,P1,LAUNCH_MANDATORY,FUNCTION_SPEC_V2,FUNCTION_SPEC_V2,????_???_??_??_???_v2.0_???.pdf,C:\Users\PC\Downloads\????_???_??_??_???_v2.0_???.pdf,6.11 마이페이지,F00630BD45D5CD19B3D6EC57BC1F0F8B407548D3086F4DA76CF55BDDF994A1F4,34ff98d342acdacf125b2a6457ac4815947ee111,80cc5cdfb0758478791b19196e2812e7fa6d671f,"api,db,mobile",/api/v1/users/*,"user_profiles,user_settings,user_consents,user_support_tickets,user_privacy_exports,user_withdrawal_requests",apps/mobile/app/profile/*,PHASE_VALIDATION_PROF,PARTIAL,services/api/src/routes/users.routes.ts; apps/mobile/app/profile,scripts/audit/validate-phase-0-baseline.mjs,Phase 0 does not execute runtime; see current public smoke/audit evidence where applicable.,,Use this canonical trace row as input to Phase 1/2 owner work; do not reduce target spec to current implementation.,NO_DIRECT_LEGACY_ROW
PROF-009,P1,LAUNCH_MANDATORY,FUNCTION_SPEC_V2,FUNCTION_SPEC_V2,????_???_??_??_???_v2.0_???.pdf,C:\Users\PC\Downloads\????_???_??_??_???_v2.0_???.pdf,6.11 마이페이지,F00630BD45D5CD19B3D6EC57BC1F0F8B407548D3086F4DA76CF55BDDF994A1F4,34ff98d342acdacf125b2a6457ac4815947ee111,80cc5cdfb0758478791b19196e2812e7fa6d671f,"api,db,mobile",/api/v1/users/*,"user_profiles,user_settings,user_consents,user_support_tickets,user_privacy_exports,user_withdrawal_requests",apps/mobile/app/profile/*,PHASE_VALIDATION_PROF,PARTIAL,services/api/src/routes/users.routes.ts; apps/mobile/app/profile,scripts/audit/validate-phase-0-baseline.mjs,Phase 0 does not execute runtime; see current public smoke/audit evidence where applicable.,,Use this canonical trace row as input to Phase 1/2 owner work; do not reduce target spec to current implementation.,NO_DIRECT_LEGACY_ROW
PROF-010,P1,LAUNCH_MANDATORY,FUNCTION_SPEC_V2,FUNCTION_SPEC_V2,????_???_??_??_???_v2.0_???.pdf,C:\Users\PC\Downloads\????_???_??_??_???_v2.0_???.pdf,6.11 마이페이지,F00630BD45D5CD19B3D6EC57BC1F0F8B407548D3086F4DA76CF55BDDF994A1F4,34ff98d342acdacf125b2a6457ac4815947ee111,80cc5cdfb0758478791b19196e2812e7fa6d671f,"api,db,mobile",/api/v1/users/*,"user_profiles,user_settings,user_consents,user_support_tickets,user_privacy_exports,user_withdrawal_requests",apps/mobile/app/profile/*,PHASE_VALIDATION_PROF,PARTIAL,services/api/src/routes/users.routes.ts; apps/mobile/app/profile,scripts/audit/validate-phase-0-baseline.mjs,Phase 0 does not execute runtime; see current public smoke/audit evidence where applicable.,,Use this canonical trace row as input to Phase 1/2 owner work; do not reduce target spec to current implementation.,NO_DIRECT_LEGACY_ROW
ADMIN-001,P1,LAUNCH_MANDATORY,FUNCTION_SPEC_V2,FUNCTION_SPEC_V2,????_???_??_??_???_v2.0_???.pdf,C:\Users\PC\Downloads\????_???_??_??_???_v2.0_???.pdf,6.12 관리자,F00630BD45D5CD19B3D6EC57BC1F0F8B407548D3086F4DA76CF55BDDF994A1F4,34ff98d342acdacf125b2a6457ac4815947ee111,80cc5cdfb0758478791b19196e2812e7fa6d671f,"api,db,admin",/admin/api/v1/*,"admin_roles,admin_role_members,admin_audit_logs,notices,ad_campaigns,ad_events,growth_*",apps/admin,PHASE_VALIDATION_ADMIN,PARTIAL,services/api/src/routes/admin.routes.ts; apps/admin,scripts/audit/validate-phase-0-baseline.mjs,Phase 0 does not execute runtime; see current public smoke/audit evidence where applicable.,,Use this canonical trace row as input to Phase 1/2 owner work; do not reduce target spec to current implementation.,18
ADMIN-002,P1,LAUNCH_MANDATORY,FUNCTION_SPEC_V2,FUNCTION_SPEC_V2,????_???_??_??_???_v2.0_???.pdf,C:\Users\PC\Downloads\????_???_??_??_???_v2.0_???.pdf,6.12 관리자,F00630BD45D5CD19B3D6EC57BC1F0F8B407548D3086F4DA76CF55BDDF994A1F4,34ff98d342acdacf125b2a6457ac4815947ee111,80cc5cdfb0758478791b19196e2812e7fa6d671f,"api,db,admin",/admin/api/v1/*,"admin_roles,admin_role_members,admin_audit_logs,notices,ad_campaigns,ad_events,growth_*",apps/admin,PHASE_VALIDATION_ADMIN,PARTIAL,services/api/src/routes/admin.routes.ts; apps/admin,scripts/audit/validate-phase-0-baseline.mjs,Phase 0 does not execute runtime; see current public smoke/audit evidence where applicable.,,Use this canonical trace row as input to Phase 1/2 owner work; do not reduce target spec to current implementation.,NO_DIRECT_LEGACY_ROW
ADMIN-003,P1,LAUNCH_MANDATORY,FUNCTION_SPEC_V2,FUNCTION_SPEC_V2,????_???_??_??_???_v2.0_???.pdf,C:\Users\PC\Downloads\????_???_??_??_???_v2.0_???.pdf,6.12 관리자,F00630BD45D5CD19B3D6EC57BC1F0F8B407548D3086F4DA76CF55BDDF994A1F4,34ff98d342acdacf125b2a6457ac4815947ee111,80cc5cdfb0758478791b19196e2812e7fa6d671f,"api,db,admin",/admin/api/v1/*,"admin_roles,admin_role_members,admin_audit_logs,notices,ad_campaigns,ad_events,growth_*",apps/admin,PHASE_VALIDATION_ADMIN,PARTIAL,services/api/src/routes/admin.routes.ts; apps/admin,scripts/audit/validate-phase-0-baseline.mjs,Phase 0 does not execute runtime; see current public smoke/audit evidence where applicable.,,Use this canonical trace row as input to Phase 1/2 owner work; do not reduce target spec to current implementation.,NO_DIRECT_LEGACY_ROW
ADMIN-004,P1,LAUNCH_MANDATORY,FUNCTION_SPEC_V2,FUNCTION_SPEC_V2,????_???_??_??_???_v2.0_???.pdf,C:\Users\PC\Downloads\????_???_??_??_???_v2.0_???.pdf,6.12 관리자,F00630BD45D5CD19B3D6EC57BC1F0F8B407548D3086F4DA76CF55BDDF994A1F4,34ff98d342acdacf125b2a6457ac4815947ee111,80cc5cdfb0758478791b19196e2812e7fa6d671f,"api,db,admin",/admin/api/v1/*,"admin_roles,admin_role_members,admin_audit_logs,notices,ad_campaigns,ad_events,growth_*",apps/admin,PHASE_VALIDATION_ADMIN,PARTIAL,services/api/src/routes/admin.routes.ts; apps/admin,scripts/audit/validate-phase-0-baseline.mjs,Phase 0 does not execute runtime; see current public smoke/audit evidence where applicable.,,Use this canonical trace row as input to Phase 1/2 owner work; do not reduce target spec to current implementation.,NO_DIRECT_LEGACY_ROW
ADMIN-005,P1,LAUNCH_MANDATORY,FUNCTION_SPEC_V2,FUNCTION_SPEC_V2,????_???_??_??_???_v2.0_???.pdf,C:\Users\PC\Downloads\????_???_??_??_???_v2.0_???.pdf,6.12 관리자,F00630BD45D5CD19B3D6EC57BC1F0F8B407548D3086F4DA76CF55BDDF994A1F4,34ff98d342acdacf125b2a6457ac4815947ee111,80cc5cdfb0758478791b19196e2812e7fa6d671f,"api,db,admin",/admin/api/v1/*,"admin_roles,admin_role_members,admin_audit_logs,notices,ad_campaigns,ad_events,growth_*",apps/admin,PHASE_VALIDATION_ADMIN,PARTIAL,services/api/src/routes/admin.routes.ts; apps/admin,scripts/audit/validate-phase-0-baseline.mjs,Phase 0 does not execute runtime; see current public smoke/audit evidence where applicable.,,Use this canonical trace row as input to Phase 1/2 owner work; do not reduce target spec to current implementation.,NO_DIRECT_LEGACY_ROW
ADMIN-006,P1,LAUNCH_MANDATORY,FUNCTION_SPEC_V2,FUNCTION_SPEC_V2,????_???_??_??_???_v2.0_???.pdf,C:\Users\PC\Downloads\????_???_??_??_???_v2.0_???.pdf,6.12 관리자,F00630BD45D5CD19B3D6EC57BC1F0F8B407548D3086F4DA76CF55BDDF994A1F4,34ff98d342acdacf125b2a6457ac4815947ee111,80cc5cdfb0758478791b19196e2812e7fa6d671f,"api,db,admin",/admin/api/v1/*,"admin_roles,admin_role_members,admin_audit_logs,notices,ad_campaigns,ad_events,growth_*",apps/admin,PHASE_VALIDATION_ADMIN,PARTIAL,services/api/src/routes/admin.routes.ts; apps/admin,scripts/audit/validate-phase-0-baseline.mjs,Phase 0 does not execute runtime; see current public smoke/audit evidence where applicable.,,Use this canonical trace row as input to Phase 1/2 owner work; do not reduce target spec to current implementation.,NO_DIRECT_LEGACY_ROW
ADMIN-007,P1,LAUNCH_MANDATORY,FUNCTION_SPEC_V2,FUNCTION_SPEC_V2,????_???_??_??_???_v2.0_???.pdf,C:\Users\PC\Downloads\????_???_??_??_???_v2.0_???.pdf,6.12 관리자,F00630BD45D5CD19B3D6EC57BC1F0F8B407548D3086F4DA76CF55BDDF994A1F4,34ff98d342acdacf125b2a6457ac4815947ee111,80cc5cdfb0758478791b19196e2812e7fa6d671f,"api,db,admin",/admin/api/v1/*,"admin_roles,admin_role_members,admin_audit_logs,notices,ad_campaigns,ad_events,growth_*",apps/admin,PHASE_VALIDATION_ADMIN,PARTIAL,services/api/src/routes/admin.routes.ts; apps/admin,scripts/audit/validate-phase-0-baseline.mjs,Phase 0 does not execute runtime; see current public smoke/audit evidence where applicable.,,Use this canonical trace row as input to Phase 1/2 owner work; do not reduce target spec to current implementation.,NO_DIRECT_LEGACY_ROW
ADMIN-008,P1,LAUNCH_MANDATORY,FUNCTION_SPEC_V2,FUNCTION_SPEC_V2,????_???_??_??_???_v2.0_???.pdf,C:\Users\PC\Downloads\????_???_??_??_???_v2.0_???.pdf,6.12 관리자,F00630BD45D5CD19B3D6EC57BC1F0F8B407548D3086F4DA76CF55BDDF994A1F4,34ff98d342acdacf125b2a6457ac4815947ee111,80cc5cdfb0758478791b19196e2812e7fa6d671f,"api,db,admin",/admin/api/v1/*,"admin_roles,admin_role_members,admin_audit_logs,notices,ad_campaigns,ad_events,growth_*",apps/admin,PHASE_VALIDATION_ADMIN,PARTIAL,services/api/src/routes/admin.routes.ts; apps/admin,scripts/audit/validate-phase-0-baseline.mjs,Phase 0 does not execute runtime; see current public smoke/audit evidence where applicable.,,Use this canonical trace row as input to Phase 1/2 owner work; do not reduce target spec to current implementation.,NO_DIRECT_LEGACY_ROW
ADMIN-009,P1,LAUNCH_MANDATORY,FUNCTION_SPEC_V2,FUNCTION_SPEC_V2,????_???_??_??_???_v2.0_???.pdf,C:\Users\PC\Downloads\????_???_??_??_???_v2.0_???.pdf,6.12 관리자,F00630BD45D5CD19B3D6EC57BC1F0F8B407548D3086F4DA76CF55BDDF994A1F4,34ff98d342acdacf125b2a6457ac4815947ee111,80cc5cdfb0758478791b19196e2812e7fa6d671f,"api,db,admin",/admin/api/v1/*,"admin_roles,admin_role_members,admin_audit_logs,notices,ad_campaigns,ad_events,growth_*",apps/admin,PHASE_VALIDATION_ADMIN,PARTIAL,services/api/src/routes/admin.routes.ts; apps/admin,scripts/audit/validate-phase-0-baseline.mjs,Phase 0 does not execute runtime; see current public smoke/audit evidence where applicable.,,Use this canonical trace row as input to Phase 1/2 owner work; do not reduce target spec to current implementation.,NO_DIRECT_LEGACY_ROW
ADMIN-010,P1,LAUNCH_MANDATORY,FUNCTION_SPEC_V2,FUNCTION_SPEC_V2,????_???_??_??_???_v2.0_???.pdf,C:\Users\PC\Downloads\????_???_??_??_???_v2.0_???.pdf,6.12 관리자,F00630BD45D5CD19B3D6EC57BC1F0F8B407548D3086F4DA76CF55BDDF994A1F4,34ff98d342acdacf125b2a6457ac4815947ee111,80cc5cdfb0758478791b19196e2812e7fa6d671f,"api,db,admin",/admin/api/v1/*,"admin_roles,admin_role_members,admin_audit_logs,notices,ad_campaigns,ad_events,growth_*",apps/admin,PHASE_VALIDATION_ADMIN,PARTIAL,services/api/src/routes/admin.routes.ts; apps/admin,scripts/audit/validate-phase-0-baseline.mjs,Phase 0 does not execute runtime; see current public smoke/audit evidence where applicable.,,Use this canonical trace row as input to Phase 1/2 owner work; do not reduce target spec to current implementation.,NO_DIRECT_LEGACY_ROW
ADMIN-011,P0,LAUNCH_MANDATORY,FUNCTION_SPEC_V2,FUNCTION_SPEC_V2,????_???_??_??_???_v2.0_???.pdf,C:\Users\PC\Downloads\????_???_??_??_???_v2.0_???.pdf,6.12 관리자,F00630BD45D5CD19B3D6EC57BC1F0F8B407548D3086F4DA76CF55BDDF994A1F4,34ff98d342acdacf125b2a6457ac4815947ee111,80cc5cdfb0758478791b19196e2812e7fa6d671f,"api,db,admin",/admin/api/v1/*,"admin_roles,admin_role_members,admin_audit_logs,notices,ad_campaigns,ad_events,growth_*",apps/admin,PHASE_VALIDATION_ADMIN,PARTIAL,services/api/src/routes/admin.routes.ts; apps/admin,scripts/audit/validate-phase-0-baseline.mjs,Phase 0 does not execute runtime; see current public smoke/audit evidence where applicable.,,Use this canonical trace row as input to Phase 1/2 owner work; do not reduce target spec to current implementation.,NO_DIRECT_LEGACY_ROW
ADMIN-012,P0,LAUNCH_MANDATORY,FUNCTION_SPEC_V2,FUNCTION_SPEC_V2,????_???_??_??_???_v2.0_???.pdf,C:\Users\PC\Downloads\????_???_??_??_???_v2.0_???.pdf,6.12 관리자,F00630BD45D5CD19B3D6EC57BC1F0F8B407548D3086F4DA76CF55BDDF994A1F4,34ff98d342acdacf125b2a6457ac4815947ee111,80cc5cdfb0758478791b19196e2812e7fa6d671f,"api,db,admin",/admin/api/v1/*,"admin_roles,admin_role_members,admin_audit_logs,notices,ad_campaigns,ad_events,growth_*",apps/admin,PHASE_VALIDATION_ADMIN,PARTIAL,services/api/src/routes/admin.routes.ts; apps/admin,scripts/audit/validate-phase-0-baseline.mjs,Phase 0 does not execute runtime; see current public smoke/audit evidence where applicable.,,Use this canonical trace row as input to Phase 1/2 owner work; do not reduce target spec to current implementation.,NO_DIRECT_LEGACY_ROW
ADMIN-013,P0,LAUNCH_MANDATORY,FUNCTION_SPEC_V2,FUNCTION_SPEC_V2,????_???_??_??_???_v2.0_???.pdf,C:\Users\PC\Downloads\????_???_??_??_???_v2.0_???.pdf,6.12 관리자,F00630BD45D5CD19B3D6EC57BC1F0F8B407548D3086F4DA76CF55BDDF994A1F4,34ff98d342acdacf125b2a6457ac4815947ee111,80cc5cdfb0758478791b19196e2812e7fa6d671f,"api,db,admin",/admin/api/v1/*,"admin_roles,admin_role_members,admin_audit_logs,notices,ad_campaigns,ad_events,growth_*",apps/admin,PHASE_VALIDATION_ADMIN,PARTIAL,services/api/src/routes/admin.routes.ts; apps/admin,scripts/audit/validate-phase-0-baseline.mjs,Phase 0 does not execute runtime; see current public smoke/audit evidence where applicable.,,Use this canonical trace row as input to Phase 1/2 owner work; do not reduce target spec to current implementation.,NO_DIRECT_LEGACY_ROW
ADMIN-014,P1,LAUNCH_MANDATORY,FUNCTION_SPEC_V2,FUNCTION_SPEC_V2,????_???_??_??_???_v2.0_???.pdf,C:\Users\PC\Downloads\????_???_??_??_???_v2.0_???.pdf,6.12 관리자,F00630BD45D5CD19B3D6EC57BC1F0F8B407548D3086F4DA76CF55BDDF994A1F4,34ff98d342acdacf125b2a6457ac4815947ee111,80cc5cdfb0758478791b19196e2812e7fa6d671f,"api,db,admin",/admin/api/v1/*,"admin_roles,admin_role_members,admin_audit_logs,notices,ad_campaigns,ad_events,growth_*",apps/admin,PHASE_VALIDATION_ADMIN,PARTIAL,services/api/src/routes/admin.routes.ts; apps/admin,scripts/audit/validate-phase-0-baseline.mjs,Phase 0 does not execute runtime; see current public smoke/audit evidence where applicable.,,Use this canonical trace row as input to Phase 1/2 owner work; do not reduce target spec to current implementation.,NO_DIRECT_LEGACY_ROW
ADMIN-015,P1,LAUNCH_MANDATORY,FUNCTION_SPEC_V2,FUNCTION_SPEC_V2,????_???_??_??_???_v2.0_???.pdf,C:\Users\PC\Downloads\????_???_??_??_???_v2.0_???.pdf,6.12 관리자,F00630BD45D5CD19B3D6EC57BC1F0F8B407548D3086F4DA76CF55BDDF994A1F4,34ff98d342acdacf125b2a6457ac4815947ee111,80cc5cdfb0758478791b19196e2812e7fa6d671f,"api,db,admin",/admin/api/v1/*,"admin_roles,admin_role_members,admin_audit_logs,notices,ad_campaigns,ad_events,growth_*",apps/admin,PHASE_VALIDATION_ADMIN,PARTIAL,services/api/src/routes/admin.routes.ts; apps/admin,scripts/audit/validate-phase-0-baseline.mjs,Phase 0 does not execute runtime; see current public smoke/audit evidence where applicable.,,Use this canonical trace row as input to Phase 1/2 owner work; do not reduce target spec to current implementation.,NO_DIRECT_LEGACY_ROW
ADS-001,P1,LAUNCH_MANDATORY,FUNCTION_SPEC_V2,FUNCTION_SPEC_V2,????_???_??_??_???_v2.0_???.pdf,C:\Users\PC\Downloads\????_???_??_??_???_v2.0_???.pdf,6.13 광고·제휴,F00630BD45D5CD19B3D6EC57BC1F0F8B407548D3086F4DA76CF55BDDF994A1F4,34ff98d342acdacf125b2a6457ac4815947ee111,80cc5cdfb0758478791b19196e2812e7fa6d671f,"api,db,admin,mobile",/admin/api/v1/ads/*,"ad_campaigns,ad_events,partner_accounts",apps/admin ads surfaces; mobile ad slots,PHASE_VALIDATION_ADS,PARTIAL,services/api/src/routes/admin.routes.ts; docs/codex/05_PRIVACY_ADS_SECURITY.md,scripts/audit/validate-phase-0-baseline.mjs,Phase 0 does not execute runtime; see current public smoke/audit evidence where applicable.,,Use this canonical trace row as input to Phase 1/2 owner work; do not reduce target spec to current implementation.,19
ADS-002,P1,LAUNCH_MANDATORY,FUNCTION_SPEC_V2,FUNCTION_SPEC_V2,????_???_??_??_???_v2.0_???.pdf,C:\Users\PC\Downloads\????_???_??_??_???_v2.0_???.pdf,6.13 광고·제휴,F00630BD45D5CD19B3D6EC57BC1F0F8B407548D3086F4DA76CF55BDDF994A1F4,34ff98d342acdacf125b2a6457ac4815947ee111,80cc5cdfb0758478791b19196e2812e7fa6d671f,"api,db,admin,mobile",/admin/api/v1/ads/*,"ad_campaigns,ad_events,partner_accounts",apps/admin ads surfaces; mobile ad slots,PHASE_VALIDATION_ADS,PARTIAL,services/api/src/routes/admin.routes.ts; docs/codex/05_PRIVACY_ADS_SECURITY.md,scripts/audit/validate-phase-0-baseline.mjs,Phase 0 does not execute runtime; see current public smoke/audit evidence where applicable.,,Use this canonical trace row as input to Phase 1/2 owner work; do not reduce target spec to current implementation.,NO_DIRECT_LEGACY_ROW
ADS-003,P1,LAUNCH_MANDATORY,FUNCTION_SPEC_V2,FUNCTION_SPEC_V2,????_???_??_??_???_v2.0_???.pdf,C:\Users\PC\Downloads\????_???_??_??_???_v2.0_???.pdf,6.13 광고·제휴,F00630BD45D5CD19B3D6EC57BC1F0F8B407548D3086F4DA76CF55BDDF994A1F4,34ff98d342acdacf125b2a6457ac4815947ee111,80cc5cdfb0758478791b19196e2812e7fa6d671f,"api,db,admin,mobile",/admin/api/v1/ads/*,"ad_campaigns,ad_events,partner_accounts",apps/admin ads surfaces; mobile ad slots,PHASE_VALIDATION_ADS,PARTIAL,services/api/src/routes/admin.routes.ts; docs/codex/05_PRIVACY_ADS_SECURITY.md,scripts/audit/validate-phase-0-baseline.mjs,Phase 0 does not execute runtime; see current public smoke/audit evidence where applicable.,,Use this canonical trace row as input to Phase 1/2 owner work; do not reduce target spec to current implementation.,NO_DIRECT_LEGACY_ROW
ADS-004,P1,LAUNCH_MANDATORY,FUNCTION_SPEC_V2,FUNCTION_SPEC_V2,????_???_??_??_???_v2.0_???.pdf,C:\Users\PC\Downloads\????_???_??_??_???_v2.0_???.pdf,6.13 광고·제휴,F00630BD45D5CD19B3D6EC57BC1F0F8B407548D3086F4DA76CF55BDDF994A1F4,34ff98d342acdacf125b2a6457ac4815947ee111,80cc5cdfb0758478791b19196e2812e7fa6d671f,"api,db,admin,mobile",/admin/api/v1/ads/*,"ad_campaigns,ad_events,partner_accounts",apps/admin ads surfaces; mobile ad slots,PHASE_VALIDATION_ADS,PARTIAL,services/api/src/routes/admin.routes.ts; docs/codex/05_PRIVACY_ADS_SECURITY.md,scripts/audit/validate-phase-0-baseline.mjs,Phase 0 does not execute runtime; see current public smoke/audit evidence where applicable.,,Use this canonical trace row as input to Phase 1/2 owner work; do not reduce target spec to current implementation.,NO_DIRECT_LEGACY_ROW
ADS-005,P1,LAUNCH_MANDATORY,FUNCTION_SPEC_V2,FUNCTION_SPEC_V2,????_???_??_??_???_v2.0_???.pdf,C:\Users\PC\Downloads\????_???_??_??_???_v2.0_???.pdf,6.13 광고·제휴,F00630BD45D5CD19B3D6EC57BC1F0F8B407548D3086F4DA76CF55BDDF994A1F4,34ff98d342acdacf125b2a6457ac4815947ee111,80cc5cdfb0758478791b19196e2812e7fa6d671f,"api,db,admin,mobile",/admin/api/v1/ads/*,"ad_campaigns,ad_events,partner_accounts",apps/admin ads surfaces; mobile ad slots,PHASE_VALIDATION_ADS,PARTIAL,services/api/src/routes/admin.routes.ts; docs/codex/05_PRIVACY_ADS_SECURITY.md,scripts/audit/validate-phase-0-baseline.mjs,Phase 0 does not execute runtime; see current public smoke/audit evidence where applicable.,,Use this canonical trace row as input to Phase 1/2 owner work; do not reduce target spec to current implementation.,NO_DIRECT_LEGACY_ROW
ADS-006,P1,LAUNCH_MANDATORY,FUNCTION_SPEC_V2,FUNCTION_SPEC_V2,????_???_??_??_???_v2.0_???.pdf,C:\Users\PC\Downloads\????_???_??_??_???_v2.0_???.pdf,6.13 광고·제휴,F00630BD45D5CD19B3D6EC57BC1F0F8B407548D3086F4DA76CF55BDDF994A1F4,34ff98d342acdacf125b2a6457ac4815947ee111,80cc5cdfb0758478791b19196e2812e7fa6d671f,"api,db,admin,mobile",/admin/api/v1/ads/*,"ad_campaigns,ad_events,partner_accounts",apps/admin ads surfaces; mobile ad slots,PHASE_VALIDATION_ADS,PARTIAL,services/api/src/routes/admin.routes.ts; docs/codex/05_PRIVACY_ADS_SECURITY.md,scripts/audit/validate-phase-0-baseline.mjs,Phase 0 does not execute runtime; see current public smoke/audit evidence where applicable.,,Use this canonical trace row as input to Phase 1/2 owner work; do not reduce target spec to current implementation.,NO_DIRECT_LEGACY_ROW
ADS-007,P1,LAUNCH_MANDATORY,FUNCTION_SPEC_V2,FUNCTION_SPEC_V2,????_???_??_??_???_v2.0_???.pdf,C:\Users\PC\Downloads\????_???_??_??_???_v2.0_???.pdf,6.13 광고·제휴,F00630BD45D5CD19B3D6EC57BC1F0F8B407548D3086F4DA76CF55BDDF994A1F4,34ff98d342acdacf125b2a6457ac4815947ee111,80cc5cdfb0758478791b19196e2812e7fa6d671f,"api,db,admin,mobile",/admin/api/v1/ads/*,"ad_campaigns,ad_events,partner_accounts",apps/admin ads surfaces; mobile ad slots,PHASE_VALIDATION_ADS,PARTIAL,services/api/src/routes/admin.routes.ts; docs/codex/05_PRIVACY_ADS_SECURITY.md,scripts/audit/validate-phase-0-baseline.mjs,Phase 0 does not execute runtime; see current public smoke/audit evidence where applicable.,,Use this canonical trace row as input to Phase 1/2 owner work; do not reduce target spec to current implementation.,NO_DIRECT_LEGACY_ROW
ADS-008,P1,LAUNCH_MANDATORY,FUNCTION_SPEC_V2,FUNCTION_SPEC_V2,????_???_??_??_???_v2.0_???.pdf,C:\Users\PC\Downloads\????_???_??_??_???_v2.0_???.pdf,6.13 광고·제휴,F00630BD45D5CD19B3D6EC57BC1F0F8B407548D3086F4DA76CF55BDDF994A1F4,34ff98d342acdacf125b2a6457ac4815947ee111,80cc5cdfb0758478791b19196e2812e7fa6d671f,"api,db,admin,mobile",/admin/api/v1/ads/*,"ad_campaigns,ad_events,partner_accounts",apps/admin ads surfaces; mobile ad slots,PHASE_VALIDATION_ADS,PARTIAL,services/api/src/routes/admin.routes.ts; docs/codex/05_PRIVACY_ADS_SECURITY.md,scripts/audit/validate-phase-0-baseline.mjs,Phase 0 does not execute runtime; see current public smoke/audit evidence where applicable.,,Use this canonical trace row as input to Phase 1/2 owner work; do not reduce target spec to current implementation.,NO_DIRECT_LEGACY_ROW
ADS-009,P1,LAUNCH_MANDATORY,FUNCTION_SPEC_V2,FUNCTION_SPEC_V2,????_???_??_??_???_v2.0_???.pdf,C:\Users\PC\Downloads\????_???_??_??_???_v2.0_???.pdf,6.13 광고·제휴,F00630BD45D5CD19B3D6EC57BC1F0F8B407548D3086F4DA76CF55BDDF994A1F4,34ff98d342acdacf125b2a6457ac4815947ee111,80cc5cdfb0758478791b19196e2812e7fa6d671f,"api,db,admin,mobile",/admin/api/v1/ads/*,"ad_campaigns,ad_events,partner_accounts",apps/admin ads surfaces; mobile ad slots,PHASE_VALIDATION_ADS,PARTIAL,services/api/src/routes/admin.routes.ts; docs/codex/05_PRIVACY_ADS_SECURITY.md,scripts/audit/validate-phase-0-baseline.mjs,Phase 0 does not execute runtime; see current public smoke/audit evidence where applicable.,,Use this canonical trace row as input to Phase 1/2 owner work; do not reduce target spec to current implementation.,NO_DIRECT_LEGACY_ROW
ADS-010,P1,LAUNCH_MANDATORY,FUNCTION_SPEC_V2,FUNCTION_SPEC_V2,????_???_??_??_???_v2.0_???.pdf,C:\Users\PC\Downloads\????_???_??_??_???_v2.0_???.pdf,6.13 광고·제휴,F00630BD45D5CD19B3D6EC57BC1F0F8B407548D3086F4DA76CF55BDDF994A1F4,34ff98d342acdacf125b2a6457ac4815947ee111,80cc5cdfb0758478791b19196e2812e7fa6d671f,"api,db,admin,mobile",/admin/api/v1/ads/*,"ad_campaigns,ad_events,partner_accounts",apps/admin ads surfaces; mobile ad slots,PHASE_VALIDATION_ADS,PARTIAL,services/api/src/routes/admin.routes.ts; docs/codex/05_PRIVACY_ADS_SECURITY.md,scripts/audit/validate-phase-0-baseline.mjs,Phase 0 does not execute runtime; see current public smoke/audit evidence where applicable.,,Use this canonical trace row as input to Phase 1/2 owner work; do not reduce target spec to current implementation.,NO_DIRECT_LEGACY_ROW
OPS-001,P1,LAUNCH_MANDATORY,FUNCTION_SPEC_V2,FUNCTION_SPEC_V2,????_???_??_??_???_v2.0_???.pdf,C:\Users\PC\Downloads\????_???_??_??_???_v2.0_???.pdf,6.14 운영,F00630BD45D5CD19B3D6EC57BC1F0F8B407548D3086F4DA76CF55BDDF994A1F4,34ff98d342acdacf125b2a6457ac4815947ee111,80cc5cdfb0758478791b19196e2812e7fa6d671f,"cloudflare,api,notifications,scheduler,queues","/health,/ready,scheduled events,queues","operational_incidents,notifications,notification_deliveries",,PHASE_VALIDATION_OPS,PARTIAL,services/api; services/notifications; services/scheduler; wrangler configs,scripts/audit/validate-phase-0-baseline.mjs,Phase 0 does not execute runtime; see current public smoke/audit evidence where applicable.,,Use this canonical trace row as input to Phase 1/2 owner work; do not reduce target spec to current implementation.,NO_DIRECT_LEGACY_ROW
OPS-002,P1,LAUNCH_MANDATORY,FUNCTION_SPEC_V2,FUNCTION_SPEC_V2,????_???_??_??_???_v2.0_???.pdf,C:\Users\PC\Downloads\????_???_??_??_???_v2.0_???.pdf,6.14 운영,F00630BD45D5CD19B3D6EC57BC1F0F8B407548D3086F4DA76CF55BDDF994A1F4,34ff98d342acdacf125b2a6457ac4815947ee111,80cc5cdfb0758478791b19196e2812e7fa6d671f,"cloudflare,api,notifications,scheduler,queues","/health,/ready,scheduled events,queues","operational_incidents,notifications,notification_deliveries",,PHASE_VALIDATION_OPS,PARTIAL,services/api; services/notifications; services/scheduler; wrangler configs,scripts/audit/validate-phase-0-baseline.mjs,Phase 0 does not execute runtime; see current public smoke/audit evidence where applicable.,,Use this canonical trace row as input to Phase 1/2 owner work; do not reduce target spec to current implementation.,NO_DIRECT_LEGACY_ROW
OPS-003,P1,LAUNCH_MANDATORY,FUNCTION_SPEC_V2,FUNCTION_SPEC_V2,????_???_??_??_???_v2.0_???.pdf,C:\Users\PC\Downloads\????_???_??_??_???_v2.0_???.pdf,6.14 운영,F00630BD45D5CD19B3D6EC57BC1F0F8B407548D3086F4DA76CF55BDDF994A1F4,34ff98d342acdacf125b2a6457ac4815947ee111,80cc5cdfb0758478791b19196e2812e7fa6d671f,"cloudflare,api,notifications,scheduler,queues","/health,/ready,scheduled events,queues","operational_incidents,notifications,notification_deliveries",,PHASE_VALIDATION_OPS,PARTIAL,services/api; services/notifications; services/scheduler; wrangler configs,scripts/audit/validate-phase-0-baseline.mjs,Phase 0 does not execute runtime; see current public smoke/audit evidence where applicable.,,Use this canonical trace row as input to Phase 1/2 owner work; do not reduce target spec to current implementation.,NO_DIRECT_LEGACY_ROW
OPS-004,P1,LAUNCH_MANDATORY,FUNCTION_SPEC_V2,FUNCTION_SPEC_V2,????_???_??_??_???_v2.0_???.pdf,C:\Users\PC\Downloads\????_???_??_??_???_v2.0_???.pdf,6.14 운영,F00630BD45D5CD19B3D6EC57BC1F0F8B407548D3086F4DA76CF55BDDF994A1F4,34ff98d342acdacf125b2a6457ac4815947ee111,80cc5cdfb0758478791b19196e2812e7fa6d671f,"cloudflare,api,notifications,scheduler,queues","/health,/ready,scheduled events,queues","operational_incidents,notifications,notification_deliveries",,PHASE_VALIDATION_OPS,PARTIAL,services/api; services/notifications; services/scheduler; wrangler configs,scripts/audit/validate-phase-0-baseline.mjs,Phase 0 does not execute runtime; see current public smoke/audit evidence where applicable.,,Use this canonical trace row as input to Phase 1/2 owner work; do not reduce target spec to current implementation.,NO_DIRECT_LEGACY_ROW
OPS-005,P1,LAUNCH_MANDATORY,FUNCTION_SPEC_V2,FUNCTION_SPEC_V2,????_???_??_??_???_v2.0_???.pdf,C:\Users\PC\Downloads\????_???_??_??_???_v2.0_???.pdf,6.14 운영,F00630BD45D5CD19B3D6EC57BC1F0F8B407548D3086F4DA76CF55BDDF994A1F4,34ff98d342acdacf125b2a6457ac4815947ee111,80cc5cdfb0758478791b19196e2812e7fa6d671f,"cloudflare,api,notifications,scheduler,queues","/health,/ready,scheduled events,queues","operational_incidents,notifications,notification_deliveries",,PHASE_VALIDATION_OPS,PARTIAL,services/api; services/notifications; services/scheduler; wrangler configs,scripts/audit/validate-phase-0-baseline.mjs,Phase 0 does not execute runtime; see current public smoke/audit evidence where applicable.,,Use this canonical trace row as input to Phase 1/2 owner work; do not reduce target spec to current implementation.,NO_DIRECT_LEGACY_ROW
OPS-006,P1,LAUNCH_MANDATORY,FUNCTION_SPEC_V2,FUNCTION_SPEC_V2,????_???_??_??_???_v2.0_???.pdf,C:\Users\PC\Downloads\????_???_??_??_???_v2.0_???.pdf,6.14 운영,F00630BD45D5CD19B3D6EC57BC1F0F8B407548D3086F4DA76CF55BDDF994A1F4,34ff98d342acdacf125b2a6457ac4815947ee111,80cc5cdfb0758478791b19196e2812e7fa6d671f,"cloudflare,api,notifications,scheduler,queues","/health,/ready,scheduled events,queues","operational_incidents,notifications,notification_deliveries",,PHASE_VALIDATION_OPS,PARTIAL,services/api; services/notifications; services/scheduler; wrangler configs,scripts/audit/validate-phase-0-baseline.mjs,Phase 0 does not execute runtime; see current public smoke/audit evidence where applicable.,,Use this canonical trace row as input to Phase 1/2 owner work; do not reduce target spec to current implementation.,NO_DIRECT_LEGACY_ROW
OPS-007,P1,LAUNCH_MANDATORY,FUNCTION_SPEC_V2,FUNCTION_SPEC_V2,????_???_??_??_???_v2.0_???.pdf,C:\Users\PC\Downloads\????_???_??_??_???_v2.0_???.pdf,6.14 운영,F00630BD45D5CD19B3D6EC57BC1F0F8B407548D3086F4DA76CF55BDDF994A1F4,34ff98d342acdacf125b2a6457ac4815947ee111,80cc5cdfb0758478791b19196e2812e7fa6d671f,"cloudflare,api,notifications,scheduler,queues","/health,/ready,scheduled events,queues","operational_incidents,notifications,notification_deliveries",,PHASE_VALIDATION_OPS,PARTIAL,services/api; services/notifications; services/scheduler; wrangler configs,scripts/audit/validate-phase-0-baseline.mjs,Phase 0 does not execute runtime; see current public smoke/audit evidence where applicable.,,Use this canonical trace row as input to Phase 1/2 owner work; do not reduce target spec to current implementation.,NO_DIRECT_LEGACY_ROW
OPS-008,P1,LAUNCH_MANDATORY,FUNCTION_SPEC_V2,FUNCTION_SPEC_V2,????_???_??_??_???_v2.0_???.pdf,C:\Users\PC\Downloads\????_???_??_??_???_v2.0_???.pdf,6.14 운영,F00630BD45D5CD19B3D6EC57BC1F0F8B407548D3086F4DA76CF55BDDF994A1F4,34ff98d342acdacf125b2a6457ac4815947ee111,80cc5cdfb0758478791b19196e2812e7fa6d671f,"cloudflare,api,notifications,scheduler,queues","/health,/ready,scheduled events,queues","operational_incidents,notifications,notification_deliveries",,PHASE_VALIDATION_OPS,PARTIAL,services/api; services/notifications; services/scheduler; wrangler configs,scripts/audit/validate-phase-0-baseline.mjs,Phase 0 does not execute runtime; see current public smoke/audit evidence where applicable.,,Use this canonical trace row as input to Phase 1/2 owner work; do not reduce target spec to current implementation.,NO_DIRECT_LEGACY_ROW
OPS-009,P1,LAUNCH_MANDATORY,FUNCTION_SPEC_V2,FUNCTION_SPEC_V2,????_???_??_??_???_v2.0_???.pdf,C:\Users\PC\Downloads\????_???_??_??_???_v2.0_???.pdf,6.14 운영,F00630BD45D5CD19B3D6EC57BC1F0F8B407548D3086F4DA76CF55BDDF994A1F4,34ff98d342acdacf125b2a6457ac4815947ee111,80cc5cdfb0758478791b19196e2812e7fa6d671f,"cloudflare,api,notifications,scheduler,queues","/health,/ready,scheduled events,queues","operational_incidents,notifications,notification_deliveries",,PHASE_VALIDATION_OPS,PARTIAL,services/api; services/notifications; services/scheduler; wrangler configs,scripts/audit/validate-phase-0-baseline.mjs,Phase 0 does not execute runtime; see current public smoke/audit evidence where applicable.,,Use this canonical trace row as input to Phase 1/2 owner work; do not reduce target spec to current implementation.,NO_DIRECT_LEGACY_ROW
OPS-010,P1,LAUNCH_MANDATORY,FUNCTION_SPEC_V2,FUNCTION_SPEC_V2,????_???_??_??_???_v2.0_???.pdf,C:\Users\PC\Downloads\????_???_??_??_???_v2.0_???.pdf,6.14 운영,F00630BD45D5CD19B3D6EC57BC1F0F8B407548D3086F4DA76CF55BDDF994A1F4,34ff98d342acdacf125b2a6457ac4815947ee111,80cc5cdfb0758478791b19196e2812e7fa6d671f,"cloudflare,api,notifications,scheduler,queues","/health,/ready,scheduled events,queues","operational_incidents,notifications,notification_deliveries",,PHASE_VALIDATION_OPS,PARTIAL,services/api; services/notifications; services/scheduler; wrangler configs,scripts/audit/validate-phase-0-baseline.mjs,Phase 0 does not execute runtime; see current public smoke/audit evidence where applicable.,,Use this canonical trace row as input to Phase 1/2 owner work; do not reduce target spec to current implementation.,NO_DIRECT_LEGACY_ROW
OPS-011,P1,LAUNCH_MANDATORY,FUNCTION_SPEC_V2,FUNCTION_SPEC_V2,????_???_??_??_???_v2.0_???.pdf,C:\Users\PC\Downloads\????_???_??_??_???_v2.0_???.pdf,6.14 운영,F00630BD45D5CD19B3D6EC57BC1F0F8B407548D3086F4DA76CF55BDDF994A1F4,34ff98d342acdacf125b2a6457ac4815947ee111,80cc5cdfb0758478791b19196e2812e7fa6d671f,"cloudflare,api,notifications,scheduler,queues","/health,/ready,scheduled events,queues","operational_incidents,notifications,notification_deliveries",,PHASE_VALIDATION_OPS,PARTIAL,services/api; services/notifications; services/scheduler; wrangler configs,scripts/audit/validate-phase-0-baseline.mjs,Phase 0 does not execute runtime; see current public smoke/audit evidence where applicable.,,Use this canonical trace row as input to Phase 1/2 owner work; do not reduce target spec to current implementation.,NO_DIRECT_LEGACY_ROW
OPS-012,P1,LAUNCH_MANDATORY,FUNCTION_SPEC_V2,FUNCTION_SPEC_V2,????_???_??_??_???_v2.0_???.pdf,C:\Users\PC\Downloads\????_???_??_??_???_v2.0_???.pdf,6.14 운영,F00630BD45D5CD19B3D6EC57BC1F0F8B407548D3086F4DA76CF55BDDF994A1F4,34ff98d342acdacf125b2a6457ac4815947ee111,80cc5cdfb0758478791b19196e2812e7fa6d671f,"cloudflare,api,notifications,scheduler,queues","/health,/ready,scheduled events,queues","operational_incidents,notifications,notification_deliveries",,PHASE_VALIDATION_OPS,PARTIAL,services/api; services/notifications; services/scheduler; wrangler configs,scripts/audit/validate-phase-0-baseline.mjs,Phase 0 does not execute runtime; see current public smoke/audit evidence where applicable.,,Use this canonical trace row as input to Phase 1/2 owner work; do not reduce target spec to current implementation.,NO_DIRECT_LEGACY_ROW
DB-001,P1,LAUNCH_MANDATORY,FUNCTION_SPEC_V2,FUNCTION_SPEC_V2,????_???_??_??_???_v2.0_???.pdf,C:\Users\PC\Downloads\????_???_??_??_???_v2.0_???.pdf,6.15 DB,F00630BD45D5CD19B3D6EC57BC1F0F8B407548D3086F4DA76CF55BDDF994A1F4,81691409da91ddc26b85da7eceb4d773ee82197d,80cc5cdfb0758478791b19196e2812e7fa6d671f,"database,migrations,api",N/A,41 static schema tables,,PHASE_VALIDATION_DB,PASS,database/migrations; packages/db/src/schema,scripts/audit/validate-phase-0-baseline.mjs; scripts/audit/validate-phase-2-database.mjs,"Live Neon staging, SQL migrations, and packages/db canonicalProductionTableNames now agree on 41 physical runtime tables; 72 static DbTableSpec exports reconciled separately with UNKNOWN=0.",Live DB confirmation is Phase 2; Phase 0 records static repo baseline only.,Keep STATIC_SCHEMA_72_RECONCILIATION.csv and canonicalProductionTableNames synchronized when schema evolves.,NO_DIRECT_LEGACY_ROW
DB-002,P1,LAUNCH_MANDATORY,FUNCTION_SPEC_V2,FUNCTION_SPEC_V2,????_???_??_??_???_v2.0_???.pdf,C:\Users\PC\Downloads\????_???_??_??_???_v2.0_???.pdf,6.15 DB,F00630BD45D5CD19B3D6EC57BC1F0F8B407548D3086F4DA76CF55BDDF994A1F4,81691409da91ddc26b85da7eceb4d773ee82197d,80cc5cdfb0758478791b19196e2812e7fa6d671f,"database,migrations,api",N/A,41 static schema tables,,PHASE_VALIDATION_DB,PASS,database/migrations; packages/db/src/schema,scripts/audit/validate-phase-0-baseline.mjs; scripts/audit/validate-phase-2-database.mjs,db_meta.database_schema_migrations exists on Neon staging with 14/14 VERIFIED_APPLIED rows and matching SHA-256 checksums for migration files 0001-0014.,Live DB confirmation is Phase 2; Phase 0 records static repo baseline only.,Run migration checksum validator in CI before future DB changes.,NO_DIRECT_LEGACY_ROW
DB-003,P0,LAUNCH_MANDATORY,FUNCTION_SPEC_V2,FUNCTION_SPEC_V2,????_???_??_??_???_v2.0_???.pdf,C:\Users\PC\Downloads\????_???_??_??_???_v2.0_???.pdf,6.15 DB,F00630BD45D5CD19B3D6EC57BC1F0F8B407548D3086F4DA76CF55BDDF994A1F4,81691409da91ddc26b85da7eceb4d773ee82197d,80cc5cdfb0758478791b19196e2812e7fa6d671f,"database,migrations,api",N/A,41 static schema tables,,PHASE_VALIDATION_DB,PASS,database/migrations; packages/db/src/schema,scripts/audit/validate-phase-0-baseline.mjs; scripts/audit/validate-phase-2-database.mjs,"Live catalog verified PK=41, FK=65, UNIQUE constraints=6, unique indexes include idempotency/duplicate guards, CHECK=252.",Live DB confirmation is Phase 2; Phase 0 records static repo baseline only.,Continue endpoint-level API validation in later phases.,NO_DIRECT_LEGACY_ROW
DB-004,P1,LAUNCH_MANDATORY,FUNCTION_SPEC_V2,FUNCTION_SPEC_V2,????_???_??_??_???_v2.0_???.pdf,C:\Users\PC\Downloads\????_???_??_??_???_v2.0_???.pdf,6.15 DB,F00630BD45D5CD19B3D6EC57BC1F0F8B407548D3086F4DA76CF55BDDF994A1F4,81691409da91ddc26b85da7eceb4d773ee82197d,80cc5cdfb0758478791b19196e2812e7fa6d671f,"database,migrations,api",N/A,41 static schema tables,,PHASE_VALIDATION_DB,PARTIAL,database/migrations; packages/db/src/schema,scripts/audit/validate-phase-0-baseline.mjs; scripts/audit/validate-phase-2-database.mjs,Live index count=156 and representative query plans reviewed; several small-data plans use Sort or Seq Scan and need production-volume validation.,Live DB confirmation is Phase 2; Phase 0 records static repo baseline only.,Add production-volume plan tests and candidate composite/partial indexes where warranted.,NO_DIRECT_LEGACY_ROW
DB-005,P0,LAUNCH_MANDATORY,FUNCTION_SPEC_V2,FUNCTION_SPEC_V2,????_???_??_??_???_v2.0_???.pdf,C:\Users\PC\Downloads\????_???_??_??_???_v2.0_???.pdf,6.15 DB,F00630BD45D5CD19B3D6EC57BC1F0F8B407548D3086F4DA76CF55BDDF994A1F4,81691409da91ddc26b85da7eceb4d773ee82197d,80cc5cdfb0758478791b19196e2812e7fa6d671f,"database,migrations,api",N/A,41 static schema tables,,PHASE_VALIDATION_DB,PASS,database/migrations; packages/db/src/schema,scripts/audit/validate-phase-0-baseline.mjs; scripts/audit/validate-phase-2-database.mjs,Live catalog verified RLS enabled on 41/41 public base tables.,Live DB confirmation is Phase 2; Phase 0 records static repo baseline only.,Keep RLS validator in regression suite.,NO_DIRECT_LEGACY_ROW
DB-006,P1,LAUNCH_MANDATORY,FUNCTION_SPEC_V2,FUNCTION_SPEC_V2,????_???_??_??_???_v2.0_???.pdf,C:\Users\PC\Downloads\????_???_??_??_???_v2.0_???.pdf,6.15 DB,F00630BD45D5CD19B3D6EC57BC1F0F8B407548D3086F4DA76CF55BDDF994A1F4,81691409da91ddc26b85da7eceb4d773ee82197d,80cc5cdfb0758478791b19196e2812e7fa6d671f,"database,migrations,api",N/A,41 static schema tables,,PHASE_VALIDATION_DB,PASS,database/migrations; packages/db/src/schema,scripts/audit/validate-phase-0-baseline.mjs; scripts/audit/validate-phase-2-database.mjs,Live catalog verified FORCE RLS on 30 user-owned/sensitive tables; non-FORCE exceptions are catalog/public/admin tables and documented.,Live DB confirmation is Phase 2; Phase 0 records static repo baseline only.,Keep exception list reviewed when schema changes.,NO_DIRECT_LEGACY_ROW
DB-007,P0,LAUNCH_MANDATORY,FUNCTION_SPEC_V2,FUNCTION_SPEC_V2,????_???_??_??_???_v2.0_???.pdf,C:\Users\PC\Downloads\????_???_??_??_???_v2.0_???.pdf,6.15 DB,F00630BD45D5CD19B3D6EC57BC1F0F8B407548D3086F4DA76CF55BDDF994A1F4,81691409da91ddc26b85da7eceb4d773ee82197d,80cc5cdfb0758478791b19196e2812e7fa6d671f,"database,migrations,api",N/A,41 static schema tables,,PHASE_VALIDATION_DB,PASS,database/migrations; packages/db/src/schema,scripts/audit/validate-phase-0-baseline.mjs; scripts/audit/validate-phase-2-database.mjs,"Application role salary_hijacking_staging_app has rolsuper=false, rolcreaterole=false, rolcreatedb=false, rolreplication=false, rolbypassrls=false.",Live DB confirmation is Phase 2; Phase 0 records static repo baseline only.,Confirm runtime connection continues to use non-BYPASSRLS role boundary.,NO_DIRECT_LEGACY_ROW
DB-008,P0,LAUNCH_MANDATORY,FUNCTION_SPEC_V2,FUNCTION_SPEC_V2,????_???_??_??_???_v2.0_???.pdf,C:\Users\PC\Downloads\????_???_??_??_???_v2.0_???.pdf,6.15 DB,F00630BD45D5CD19B3D6EC57BC1F0F8B407548D3086F4DA76CF55BDDF994A1F4,81691409da91ddc26b85da7eceb4d773ee82197d,80cc5cdfb0758478791b19196e2812e7fa6d671f,"database,migrations,api",N/A,41 static schema tables,,PHASE_VALIDATION_DB,PASS,database/migrations; packages/db/src/schema,scripts/audit/validate-phase-0-baseline.mjs; scripts/audit/validate-phase-2-database.mjs,"Synthetic A/B isolation passed for users/profile, payroll, budgets, fixed/variable expenses, savings, notifications, growth/progress, community, and support/privacy; residue 0.",Live DB confirmation is Phase 2; Phase 0 records static repo baseline only.,Expand to all user-owned tables as regression depth.,NO_DIRECT_LEGACY_ROW
DB-009,P0,LAUNCH_MANDATORY,FUNCTION_SPEC_V2,FUNCTION_SPEC_V2,????_???_??_??_???_v2.0_???.pdf,C:\Users\PC\Downloads\????_???_??_??_???_v2.0_???.pdf,6.15 DB,F00630BD45D5CD19B3D6EC57BC1F0F8B407548D3086F4DA76CF55BDDF994A1F4,3dbb5ee515915ecf632a827726c9a9dab65be188,80cc5cdfb0758478791b19196e2812e7fa6d671f,"database,migrations,api",N/A,41 static schema tables,,PHASE_VALIDATION_DB,PASS,database/migrations; packages/db/src/schema,scripts/audit/validate-phase-0-baseline.mjs; scripts/audit/validate-phase-2-database.mjs,Neon Free plan restore window 6h and PITR available; point-in-time temporary branch pitr-rehearsal-20260814 was materialized from staging at a 10-minute recovery point; read-only validation found public tables 41/41 and migration ledger 14/14 VERIFIED_APPLIED.,,Keep PITR rehearsal evidence and rerun before production launch or after Neon plan/branch changes.,NO_DIRECT_LEGACY_ROW
DB-010,P1,LAUNCH_MANDATORY,FUNCTION_SPEC_V2,FUNCTION_SPEC_V2,????_???_??_??_???_v2.0_???.pdf,C:\Users\PC\Downloads\????_???_??_??_???_v2.0_???.pdf,6.15 DB,F00630BD45D5CD19B3D6EC57BC1F0F8B407548D3086F4DA76CF55BDDF994A1F4,3dbb5ee515915ecf632a827726c9a9dab65be188,80cc5cdfb0758478791b19196e2812e7fa6d671f,"database,migrations,api",N/A,41 static schema tables,,PHASE_VALIDATION_DB,PASS,database/migrations; packages/db/src/schema,scripts/audit/validate-phase-0-baseline.mjs; scripts/audit/validate-phase-2-database.mjs,Neon PITR temporary branch ready by 2026-08-14 00:36 KST with conservative branch materialization bound <2 minutes; schema and migration ledger validation passed; application reconnection/validation allowance remains below 2h.,,Retain recovery drill as regression evidence; temporary branch may auto-delete after evidence is committed.,NO_DIRECT_LEGACY_ROW
DB-011,P1,LAUNCH_MANDATORY,FUNCTION_SPEC_V2,FUNCTION_SPEC_V2,????_???_??_??_???_v2.0_???.pdf,C:\Users\PC\Downloads\????_???_??_??_???_v2.0_???.pdf,6.15 DB,F00630BD45D5CD19B3D6EC57BC1F0F8B407548D3086F4DA76CF55BDDF994A1F4,81691409da91ddc26b85da7eceb4d773ee82197d,80cc5cdfb0758478791b19196e2812e7fa6d671f,"database,migrations,api",N/A,41 static schema tables,,PHASE_VALIDATION_DB,PARTIAL,database/migrations; packages/db/src/schema,scripts/audit/validate-phase-0-baseline.mjs; scripts/audit/validate-phase-2-database.mjs,Table-level data classification and retention notes documented; several retention rules remain policy-pending.,Live DB confirmation is Phase 2; Phase 0 records static repo baseline only.,Finalize retention schedule and automate cleanup verification.,NO_DIRECT_LEGACY_ROW
DB-012,P1,LAUNCH_MANDATORY,FUNCTION_SPEC_V2,FUNCTION_SPEC_V2,????_???_??_??_???_v2.0_???.pdf,C:\Users\PC\Downloads\????_???_??_??_???_v2.0_???.pdf,6.15 DB,F00630BD45D5CD19B3D6EC57BC1F0F8B407548D3086F4DA76CF55BDDF994A1F4,81691409da91ddc26b85da7eceb4d773ee82197d,80cc5cdfb0758478791b19196e2812e7fa6d671f,"database,migrations,api",N/A,41 static schema tables,,PHASE_VALIDATION_DB,PASS,database/migrations; packages/db/src/schema,scripts/audit/validate-phase-0-baseline.mjs; scripts/audit/validate-phase-2-database.mjs,Representative staging EXPLAIN plans reviewed for ten critical queries; critical path indexes exist and no P0 pathological plan was identified.,Live DB confirmation is Phase 2; Phase 0 records static repo baseline only.,Add production-volume synthetic benchmark as a later performance-hardening task.,NO_DIRECT_LEGACY_ROW
WEB-001,P2,PLATFORM_COMPLETION,FUNCTION_SPEC_V2,FUNCTION_SPEC_V2,????_???_??_??_???_v2.0_???.pdf,C:\Users\PC\Downloads\????_???_??_??_???_v2.0_???.pdf,6.16 Web/Landing,F00630BD45D5CD19B3D6EC57BC1F0F8B407548D3086F4DA76CF55BDDF994A1F4,34ff98d342acdacf125b2a6457ac4815947ee111,80cc5cdfb0758478791b19196e2812e7fa6d671f,"web,api",landing/legal/support routes,,services/api landing/legal/support routes,PHASE_VALIDATION_WEB,UNVERIFIED,services/api/src/app.ts; apps/admin,scripts/audit/validate-phase-0-baseline.mjs,Phase 0 does not execute runtime; see current public smoke/audit evidence where applicable.,Runtime measurement/evidence not executed in Phase 0.,Use this canonical trace row as input to Phase 1/2 owner work; do not reduce target spec to current implementation.,NO_DIRECT_LEGACY_ROW
WEB-002,P2,PLATFORM_COMPLETION,FUNCTION_SPEC_V2,FUNCTION_SPEC_V2,????_???_??_??_???_v2.0_???.pdf,C:\Users\PC\Downloads\????_???_??_??_???_v2.0_???.pdf,6.16 Web/Landing,F00630BD45D5CD19B3D6EC57BC1F0F8B407548D3086F4DA76CF55BDDF994A1F4,34ff98d342acdacf125b2a6457ac4815947ee111,80cc5cdfb0758478791b19196e2812e7fa6d671f,"web,api",landing/legal/support routes,,services/api landing/legal/support routes,PHASE_VALIDATION_WEB,UNVERIFIED,services/api/src/app.ts; apps/admin,scripts/audit/validate-phase-0-baseline.mjs,Phase 0 does not execute runtime; see current public smoke/audit evidence where applicable.,Runtime measurement/evidence not executed in Phase 0.,Use this canonical trace row as input to Phase 1/2 owner work; do not reduce target spec to current implementation.,NO_DIRECT_LEGACY_ROW
WEB-003,P2,PLATFORM_COMPLETION,FUNCTION_SPEC_V2,FUNCTION_SPEC_V2,????_???_??_??_???_v2.0_???.pdf,C:\Users\PC\Downloads\????_???_??_??_???_v2.0_???.pdf,6.16 Web/Landing,F00630BD45D5CD19B3D6EC57BC1F0F8B407548D3086F4DA76CF55BDDF994A1F4,34ff98d342acdacf125b2a6457ac4815947ee111,80cc5cdfb0758478791b19196e2812e7fa6d671f,"web,api",landing/legal/support routes,,services/api landing/legal/support routes,PHASE_VALIDATION_WEB,UNVERIFIED,services/api/src/app.ts; apps/admin,scripts/audit/validate-phase-0-baseline.mjs,Phase 0 does not execute runtime; see current public smoke/audit evidence where applicable.,Runtime measurement/evidence not executed in Phase 0.,Use this canonical trace row as input to Phase 1/2 owner work; do not reduce target spec to current implementation.,NO_DIRECT_LEGACY_ROW
WEB-004,P2,PLATFORM_COMPLETION,FUNCTION_SPEC_V2,FUNCTION_SPEC_V2,????_???_??_??_???_v2.0_???.pdf,C:\Users\PC\Downloads\????_???_??_??_???_v2.0_???.pdf,6.16 Web/Landing,F00630BD45D5CD19B3D6EC57BC1F0F8B407548D3086F4DA76CF55BDDF994A1F4,34ff98d342acdacf125b2a6457ac4815947ee111,80cc5cdfb0758478791b19196e2812e7fa6d671f,"web,api",landing/legal/support routes,,services/api landing/legal/support routes,PHASE_VALIDATION_WEB,UNVERIFIED,services/api/src/app.ts; apps/admin,scripts/audit/validate-phase-0-baseline.mjs,Phase 0 does not execute runtime; see current public smoke/audit evidence where applicable.,Runtime measurement/evidence not executed in Phase 0.,Use this canonical trace row as input to Phase 1/2 owner work; do not reduce target spec to current implementation.,NO_DIRECT_LEGACY_ROW
WEB-005,P2,PLATFORM_COMPLETION,FUNCTION_SPEC_V2,FUNCTION_SPEC_V2,????_???_??_??_???_v2.0_???.pdf,C:\Users\PC\Downloads\????_???_??_??_???_v2.0_???.pdf,6.16 Web/Landing,F00630BD45D5CD19B3D6EC57BC1F0F8B407548D3086F4DA76CF55BDDF994A1F4,34ff98d342acdacf125b2a6457ac4815947ee111,80cc5cdfb0758478791b19196e2812e7fa6d671f,"web,api",landing/legal/support routes,,services/api landing/legal/support routes,PHASE_VALIDATION_WEB,UNVERIFIED,services/api/src/app.ts; apps/admin,scripts/audit/validate-phase-0-baseline.mjs,Phase 0 does not execute runtime; see current public smoke/audit evidence where applicable.,Runtime measurement/evidence not executed in Phase 0.,Use this canonical trace row as input to Phase 1/2 owner work; do not reduce target spec to current implementation.,NO_DIRECT_LEGACY_ROW
WEB-006,P2,PLATFORM_COMPLETION,FUNCTION_SPEC_V2,FUNCTION_SPEC_V2,????_???_??_??_???_v2.0_???.pdf,C:\Users\PC\Downloads\????_???_??_??_???_v2.0_???.pdf,6.16 Web/Landing,F00630BD45D5CD19B3D6EC57BC1F0F8B407548D3086F4DA76CF55BDDF994A1F4,34ff98d342acdacf125b2a6457ac4815947ee111,80cc5cdfb0758478791b19196e2812e7fa6d671f,"web,api",landing/legal/support routes,,services/api landing/legal/support routes,PHASE_VALIDATION_WEB,UNVERIFIED,services/api/src/app.ts; apps/admin,scripts/audit/validate-phase-0-baseline.mjs,Phase 0 does not execute runtime; see current public smoke/audit evidence where applicable.,Runtime measurement/evidence not executed in Phase 0.,Use this canonical trace row as input to Phase 1/2 owner work; do not reduce target spec to current implementation.,NO_DIRECT_LEGACY_ROW
WEB-007,P2,PLATFORM_COMPLETION,FUNCTION_SPEC_V2,FUNCTION_SPEC_V2,????_???_??_??_???_v2.0_???.pdf,C:\Users\PC\Downloads\????_???_??_??_???_v2.0_???.pdf,6.16 Web/Landing,F00630BD45D5CD19B3D6EC57BC1F0F8B407548D3086F4DA76CF55BDDF994A1F4,34ff98d342acdacf125b2a6457ac4815947ee111,80cc5cdfb0758478791b19196e2812e7fa6d671f,"web,api",landing/legal/support routes,,services/api landing/legal/support routes,PHASE_VALIDATION_WEB,UNVERIFIED,services/api/src/app.ts; apps/admin,scripts/audit/validate-phase-0-baseline.mjs,Phase 0 does not execute runtime; see current public smoke/audit evidence where applicable.,Runtime measurement/evidence not executed in Phase 0.,Use this canonical trace row as input to Phase 1/2 owner work; do not reduce target spec to current implementation.,NO_DIRECT_LEGACY_ROW
WEB-008,P2,PLATFORM_COMPLETION,FUNCTION_SPEC_V2,FUNCTION_SPEC_V2,????_???_??_??_???_v2.0_???.pdf,C:\Users\PC\Downloads\????_???_??_??_???_v2.0_???.pdf,6.16 Web/Landing,F00630BD45D5CD19B3D6EC57BC1F0F8B407548D3086F4DA76CF55BDDF994A1F4,34ff98d342acdacf125b2a6457ac4815947ee111,80cc5cdfb0758478791b19196e2812e7fa6d671f,"web,api",landing/legal/support routes,,services/api landing/legal/support routes,PHASE_VALIDATION_WEB,UNVERIFIED,services/api/src/app.ts; apps/admin,scripts/audit/validate-phase-0-baseline.mjs,Phase 0 does not execute runtime; see current public smoke/audit evidence where applicable.,Runtime measurement/evidence not executed in Phase 0.,Use this canonical trace row as input to Phase 1/2 owner work; do not reduce target spec to current implementation.,NO_DIRECT_LEGACY_ROW
ANL-001,P2,PLATFORM_COMPLETION,FUNCTION_SPEC_V2,FUNCTION_SPEC_V2,????_???_??_??_???_v2.0_???.pdf,C:\Users\PC\Downloads\????_???_??_??_???_v2.0_???.pdf,6.17 Analytics,F00630BD45D5CD19B3D6EC57BC1F0F8B407548D3086F4DA76CF55BDDF994A1F4,34ff98d342acdacf125b2a6457ac4815947ee111,80cc5cdfb0758478791b19196e2812e7fa6d671f,"api,admin,mobile",analytics events/admin metrics,,admin/mobile analytics surfaces,PHASE_VALIDATION_ANL,UNVERIFIED,analytics source/docs unverified,scripts/audit/validate-phase-0-baseline.mjs,Phase 0 does not execute runtime; see current public smoke/audit evidence where applicable.,Runtime measurement/evidence not executed in Phase 0.,Use this canonical trace row as input to Phase 1/2 owner work; do not reduce target spec to current implementation.,NO_DIRECT_LEGACY_ROW
ANL-002,P2,PLATFORM_COMPLETION,FUNCTION_SPEC_V2,FUNCTION_SPEC_V2,????_???_??_??_???_v2.0_???.pdf,C:\Users\PC\Downloads\????_???_??_??_???_v2.0_???.pdf,6.17 Analytics,F00630BD45D5CD19B3D6EC57BC1F0F8B407548D3086F4DA76CF55BDDF994A1F4,34ff98d342acdacf125b2a6457ac4815947ee111,80cc5cdfb0758478791b19196e2812e7fa6d671f,"api,admin,mobile",analytics events/admin metrics,,admin/mobile analytics surfaces,PHASE_VALIDATION_ANL,UNVERIFIED,analytics source/docs unverified,scripts/audit/validate-phase-0-baseline.mjs,Phase 0 does not execute runtime; see current public smoke/audit evidence where applicable.,Runtime measurement/evidence not executed in Phase 0.,Use this canonical trace row as input to Phase 1/2 owner work; do not reduce target spec to current implementation.,NO_DIRECT_LEGACY_ROW
ANL-003,P2,PLATFORM_COMPLETION,FUNCTION_SPEC_V2,FUNCTION_SPEC_V2,????_???_??_??_???_v2.0_???.pdf,C:\Users\PC\Downloads\????_???_??_??_???_v2.0_???.pdf,6.17 Analytics,F00630BD45D5CD19B3D6EC57BC1F0F8B407548D3086F4DA76CF55BDDF994A1F4,34ff98d342acdacf125b2a6457ac4815947ee111,80cc5cdfb0758478791b19196e2812e7fa6d671f,"api,admin,mobile",analytics events/admin metrics,,admin/mobile analytics surfaces,PHASE_VALIDATION_ANL,UNVERIFIED,analytics source/docs unverified,scripts/audit/validate-phase-0-baseline.mjs,Phase 0 does not execute runtime; see current public smoke/audit evidence where applicable.,Runtime measurement/evidence not executed in Phase 0.,Use this canonical trace row as input to Phase 1/2 owner work; do not reduce target spec to current implementation.,NO_DIRECT_LEGACY_ROW
ANL-004,P2,PLATFORM_COMPLETION,FUNCTION_SPEC_V2,FUNCTION_SPEC_V2,????_???_??_??_???_v2.0_???.pdf,C:\Users\PC\Downloads\????_???_??_??_???_v2.0_???.pdf,6.17 Analytics,F00630BD45D5CD19B3D6EC57BC1F0F8B407548D3086F4DA76CF55BDDF994A1F4,34ff98d342acdacf125b2a6457ac4815947ee111,80cc5cdfb0758478791b19196e2812e7fa6d671f,"api,admin,mobile",analytics events/admin metrics,,admin/mobile analytics surfaces,PHASE_VALIDATION_ANL,UNVERIFIED,analytics source/docs unverified,scripts/audit/validate-phase-0-baseline.mjs,Phase 0 does not execute runtime; see current public smoke/audit evidence where applicable.,Runtime measurement/evidence not executed in Phase 0.,Use this canonical trace row as input to Phase 1/2 owner work; do not reduce target spec to current implementation.,NO_DIRECT_LEGACY_ROW
ANL-005,P2,PLATFORM_COMPLETION,FUNCTION_SPEC_V2,FUNCTION_SPEC_V2,????_???_??_??_???_v2.0_???.pdf,C:\Users\PC\Downloads\????_???_??_??_???_v2.0_???.pdf,6.17 Analytics,F00630BD45D5CD19B3D6EC57BC1F0F8B407548D3086F4DA76CF55BDDF994A1F4,34ff98d342acdacf125b2a6457ac4815947ee111,80cc5cdfb0758478791b19196e2812e7fa6d671f,"api,admin,mobile",analytics events/admin metrics,,admin/mobile analytics surfaces,PHASE_VALIDATION_ANL,UNVERIFIED,analytics source/docs unverified,scripts/audit/validate-phase-0-baseline.mjs,Phase 0 does not execute runtime; see current public smoke/audit evidence where applicable.,Runtime measurement/evidence not executed in Phase 0.,Use this canonical trace row as input to Phase 1/2 owner work; do not reduce target spec to current implementation.,NO_DIRECT_LEGACY_ROW
ANL-006,P2,PLATFORM_COMPLETION,FUNCTION_SPEC_V2,FUNCTION_SPEC_V2,????_???_??_??_???_v2.0_???.pdf,C:\Users\PC\Downloads\????_???_??_??_???_v2.0_???.pdf,6.17 Analytics,F00630BD45D5CD19B3D6EC57BC1F0F8B407548D3086F4DA76CF55BDDF994A1F4,34ff98d342acdacf125b2a6457ac4815947ee111,80cc5cdfb0758478791b19196e2812e7fa6d671f,"api,admin,mobile",analytics events/admin metrics,,admin/mobile analytics surfaces,PHASE_VALIDATION_ANL,UNVERIFIED,analytics source/docs unverified,scripts/audit/validate-phase-0-baseline.mjs,Phase 0 does not execute runtime; see current public smoke/audit evidence where applicable.,Runtime measurement/evidence not executed in Phase 0.,Use this canonical trace row as input to Phase 1/2 owner work; do not reduce target spec to current implementation.,NO_DIRECT_LEGACY_ROW
ANL-007,P2,PLATFORM_COMPLETION,FUNCTION_SPEC_V2,FUNCTION_SPEC_V2,????_???_??_??_???_v2.0_???.pdf,C:\Users\PC\Downloads\????_???_??_??_???_v2.0_???.pdf,6.17 Analytics,F00630BD45D5CD19B3D6EC57BC1F0F8B407548D3086F4DA76CF55BDDF994A1F4,34ff98d342acdacf125b2a6457ac4815947ee111,80cc5cdfb0758478791b19196e2812e7fa6d671f,"api,admin,mobile",analytics events/admin metrics,,admin/mobile analytics surfaces,PHASE_VALIDATION_ANL,UNVERIFIED,analytics source/docs unverified,scripts/audit/validate-phase-0-baseline.mjs,Phase 0 does not execute runtime; see current public smoke/audit evidence where applicable.,Runtime measurement/evidence not executed in Phase 0.,Use this canonical trace row as input to Phase 1/2 owner work; do not reduce target spec to current implementation.,NO_DIRECT_LEGACY_ROW
ANL-008,P2,PLATFORM_COMPLETION,FUNCTION_SPEC_V2,FUNCTION_SPEC_V2,????_???_??_??_???_v2.0_???.pdf,C:\Users\PC\Downloads\????_???_??_??_???_v2.0_???.pdf,6.17 Analytics,F00630BD45D5CD19B3D6EC57BC1F0F8B407548D3086F4DA76CF55BDDF994A1F4,34ff98d342acdacf125b2a6457ac4815947ee111,80cc5cdfb0758478791b19196e2812e7fa6d671f,"api,admin,mobile",analytics events/admin metrics,,admin/mobile analytics surfaces,PHASE_VALIDATION_ANL,UNVERIFIED,analytics source/docs unverified,scripts/audit/validate-phase-0-baseline.mjs,Phase 0 does not execute runtime; see current public smoke/audit evidence where applicable.,Runtime measurement/evidence not executed in Phase 0.,Use this canonical trace row as input to Phase 1/2 owner work; do not reduce target spec to current implementation.,NO_DIRECT_LEGACY_ROW
ANL-009,P2,PLATFORM_COMPLETION,FUNCTION_SPEC_V2,FUNCTION_SPEC_V2,????_???_??_??_???_v2.0_???.pdf,C:\Users\PC\Downloads\????_???_??_??_???_v2.0_???.pdf,6.17 Analytics,F00630BD45D5CD19B3D6EC57BC1F0F8B407548D3086F4DA76CF55BDDF994A1F4,34ff98d342acdacf125b2a6457ac4815947ee111,80cc5cdfb0758478791b19196e2812e7fa6d671f,"api,admin,mobile",analytics events/admin metrics,,admin/mobile analytics surfaces,PHASE_VALIDATION_ANL,UNVERIFIED,analytics source/docs unverified,scripts/audit/validate-phase-0-baseline.mjs,Phase 0 does not execute runtime; see current public smoke/audit evidence where applicable.,Runtime measurement/evidence not executed in Phase 0.,Use this canonical trace row as input to Phase 1/2 owner work; do not reduce target spec to current implementation.,NO_DIRECT_LEGACY_ROW
ANL-010,P2,PLATFORM_COMPLETION,FUNCTION_SPEC_V2,FUNCTION_SPEC_V2,????_???_??_??_???_v2.0_???.pdf,C:\Users\PC\Downloads\????_???_??_??_???_v2.0_???.pdf,6.17 Analytics,F00630BD45D5CD19B3D6EC57BC1F0F8B407548D3086F4DA76CF55BDDF994A1F4,34ff98d342acdacf125b2a6457ac4815947ee111,80cc5cdfb0758478791b19196e2812e7fa6d671f,"api,admin,mobile",analytics events/admin metrics,,admin/mobile analytics surfaces,PHASE_VALIDATION_ANL,UNVERIFIED,analytics source/docs unverified,scripts/audit/validate-phase-0-baseline.mjs,Phase 0 does not execute runtime; see current public smoke/audit evidence where applicable.,Runtime measurement/evidence not executed in Phase 0.,Use this canonical trace row as input to Phase 1/2 owner work; do not reduce target spec to current implementation.,NO_DIRECT_LEGACY_ROW
REL-001,P1,LAUNCH_MANDATORY,FUNCTION_SPEC_V2,FUNCTION_SPEC_V2,????_???_??_??_???_v2.0_???.pdf,C:\Users\PC\Downloads\????_???_??_??_???_v2.0_???.pdf,6.18 Release,F00630BD45D5CD19B3D6EC57BC1F0F8B407548D3086F4DA76CF55BDDF994A1F4,34ff98d342acdacf125b2a6457ac4815947ee111,80cc5cdfb0758478791b19196e2812e7fa6d671f,"ci,android,release",CI/workflow/release artifacts,,,PHASE_VALIDATION_REL,FAIL,.github/workflows/build-android-qa-release.yml; scripts/release,scripts/audit/validate-phase-0-baseline.mjs,Phase 0 does not execute runtime; see current public smoke/audit evidence where applicable.,Linux Android QA release currently blocked by GitHub staging secret configuration and runtime evidence.,Use this canonical trace row as input to Phase 1/2 owner work; do not reduce target spec to current implementation.,20
REL-002,P0,LAUNCH_MANDATORY,FUNCTION_SPEC_V2,FUNCTION_SPEC_V2,????_???_??_??_???_v2.0_???.pdf,C:\Users\PC\Downloads\????_???_??_??_???_v2.0_???.pdf,6.18 Release,F00630BD45D5CD19B3D6EC57BC1F0F8B407548D3086F4DA76CF55BDDF994A1F4,34ff98d342acdacf125b2a6457ac4815947ee111,80cc5cdfb0758478791b19196e2812e7fa6d671f,"ci,android,release",CI/workflow/release artifacts,,,PHASE_VALIDATION_REL,FAIL,.github/workflows/build-android-qa-release.yml; scripts/release,scripts/audit/validate-phase-0-baseline.mjs,Phase 0 does not execute runtime; see current public smoke/audit evidence where applicable.,Linux Android QA release currently blocked by GitHub staging secret configuration and runtime evidence.,Use this canonical trace row as input to Phase 1/2 owner work; do not reduce target spec to current implementation.,NO_DIRECT_LEGACY_ROW
REL-003,P0,LAUNCH_MANDATORY,FUNCTION_SPEC_V2,FUNCTION_SPEC_V2,????_???_??_??_???_v2.0_???.pdf,C:\Users\PC\Downloads\????_???_??_??_???_v2.0_???.pdf,6.18 Release,F00630BD45D5CD19B3D6EC57BC1F0F8B407548D3086F4DA76CF55BDDF994A1F4,34ff98d342acdacf125b2a6457ac4815947ee111,80cc5cdfb0758478791b19196e2812e7fa6d671f,"ci,android,release",CI/workflow/release artifacts,,,PHASE_VALIDATION_REL,FAIL,.github/workflows/build-android-qa-release.yml; scripts/release,scripts/audit/validate-phase-0-baseline.mjs,Phase 0 does not execute runtime; see current public smoke/audit evidence where applicable.,Linux Android QA release currently blocked by GitHub staging secret configuration and runtime evidence.,Use this canonical trace row as input to Phase 1/2 owner work; do not reduce target spec to current implementation.,NO_DIRECT_LEGACY_ROW
REL-004,P0,LAUNCH_MANDATORY,FUNCTION_SPEC_V2,FUNCTION_SPEC_V2,????_???_??_??_???_v2.0_???.pdf,C:\Users\PC\Downloads\????_???_??_??_???_v2.0_???.pdf,6.18 Release,F00630BD45D5CD19B3D6EC57BC1F0F8B407548D3086F4DA76CF55BDDF994A1F4,34ff98d342acdacf125b2a6457ac4815947ee111,80cc5cdfb0758478791b19196e2812e7fa6d671f,"ci,android,release",CI/workflow/release artifacts,,,PHASE_VALIDATION_REL,FAIL,.github/workflows/build-android-qa-release.yml; scripts/release,scripts/audit/validate-phase-0-baseline.mjs,Phase 0 does not execute runtime; see current public smoke/audit evidence where applicable.,Linux Android QA release currently blocked by GitHub staging secret configuration and runtime evidence.,Use this canonical trace row as input to Phase 1/2 owner work; do not reduce target spec to current implementation.,NO_DIRECT_LEGACY_ROW
REL-005,P0,LAUNCH_MANDATORY,FUNCTION_SPEC_V2,FUNCTION_SPEC_V2,????_???_??_??_???_v2.0_???.pdf,C:\Users\PC\Downloads\????_???_??_??_???_v2.0_???.pdf,6.18 Release,F00630BD45D5CD19B3D6EC57BC1F0F8B407548D3086F4DA76CF55BDDF994A1F4,34ff98d342acdacf125b2a6457ac4815947ee111,80cc5cdfb0758478791b19196e2812e7fa6d671f,"ci,android,release",CI/workflow/release artifacts,,,PHASE_VALIDATION_REL,FAIL,.github/workflows/build-android-qa-release.yml; scripts/release,scripts/audit/validate-phase-0-baseline.mjs,Phase 0 does not execute runtime; see current public smoke/audit evidence where applicable.,Linux Android QA release currently blocked by GitHub staging secret configuration and runtime evidence.,Use this canonical trace row as input to Phase 1/2 owner work; do not reduce target spec to current implementation.,NO_DIRECT_LEGACY_ROW
REL-006,P1,LAUNCH_MANDATORY,FUNCTION_SPEC_V2,FUNCTION_SPEC_V2,????_???_??_??_???_v2.0_???.pdf,C:\Users\PC\Downloads\????_???_??_??_???_v2.0_???.pdf,6.18 Release,F00630BD45D5CD19B3D6EC57BC1F0F8B407548D3086F4DA76CF55BDDF994A1F4,34ff98d342acdacf125b2a6457ac4815947ee111,80cc5cdfb0758478791b19196e2812e7fa6d671f,"ci,android,release",CI/workflow/release artifacts,,,PHASE_VALIDATION_REL,FAIL,.github/workflows/build-android-qa-release.yml; scripts/release,scripts/audit/validate-phase-0-baseline.mjs,Phase 0 does not execute runtime; see current public smoke/audit evidence where applicable.,Linux Android QA release currently blocked by GitHub staging secret configuration and runtime evidence.,Use this canonical trace row as input to Phase 1/2 owner work; do not reduce target spec to current implementation.,NO_DIRECT_LEGACY_ROW
REL-007,P1,LAUNCH_MANDATORY,FUNCTION_SPEC_V2,FUNCTION_SPEC_V2,????_???_??_??_???_v2.0_???.pdf,C:\Users\PC\Downloads\????_???_??_??_???_v2.0_???.pdf,6.18 Release,F00630BD45D5CD19B3D6EC57BC1F0F8B407548D3086F4DA76CF55BDDF994A1F4,34ff98d342acdacf125b2a6457ac4815947ee111,80cc5cdfb0758478791b19196e2812e7fa6d671f,"ci,android,release",CI/workflow/release artifacts,,,PHASE_VALIDATION_REL,FAIL,.github/workflows/build-android-qa-release.yml; scripts/release,scripts/audit/validate-phase-0-baseline.mjs,Phase 0 does not execute runtime; see current public smoke/audit evidence where applicable.,Linux Android QA release currently blocked by GitHub staging secret configuration and runtime evidence.,Use this canonical trace row as input to Phase 1/2 owner work; do not reduce target spec to current implementation.,NO_DIRECT_LEGACY_ROW
REL-008,P1,LAUNCH_MANDATORY,FUNCTION_SPEC_V2,FUNCTION_SPEC_V2,????_???_??_??_???_v2.0_???.pdf,C:\Users\PC\Downloads\????_???_??_??_???_v2.0_???.pdf,6.18 Release,F00630BD45D5CD19B3D6EC57BC1F0F8B407548D3086F4DA76CF55BDDF994A1F4,34ff98d342acdacf125b2a6457ac4815947ee111,80cc5cdfb0758478791b19196e2812e7fa6d671f,"ci,android,release",CI/workflow/release artifacts,,,PHASE_VALIDATION_REL,FAIL,.github/workflows/build-android-qa-release.yml; scripts/release,scripts/audit/validate-phase-0-baseline.mjs,Phase 0 does not execute runtime; see current public smoke/audit evidence where applicable.,Linux Android QA release currently blocked by GitHub staging secret configuration and runtime evidence.,Use this canonical trace row as input to Phase 1/2 owner work; do not reduce target spec to current implementation.,NO_DIRECT_LEGACY_ROW
REL-009,P1,LAUNCH_MANDATORY,FUNCTION_SPEC_V2,FUNCTION_SPEC_V2,????_???_??_??_???_v2.0_???.pdf,C:\Users\PC\Downloads\????_???_??_??_???_v2.0_???.pdf,6.18 Release,F00630BD45D5CD19B3D6EC57BC1F0F8B407548D3086F4DA76CF55BDDF994A1F4,34ff98d342acdacf125b2a6457ac4815947ee111,80cc5cdfb0758478791b19196e2812e7fa6d671f,"ci,android,release",CI/workflow/release artifacts,,,PHASE_VALIDATION_REL,FAIL,.github/workflows/build-android-qa-release.yml; scripts/release,scripts/audit/validate-phase-0-baseline.mjs,Phase 0 does not execute runtime; see current public smoke/audit evidence where applicable.,Linux Android QA release currently blocked by GitHub staging secret configuration and runtime evidence.,Use this canonical trace row as input to Phase 1/2 owner work; do not reduce target spec to current implementation.,NO_DIRECT_LEGACY_ROW
REL-010,P1,LAUNCH_MANDATORY,FUNCTION_SPEC_V2,FUNCTION_SPEC_V2,????_???_??_??_???_v2.0_???.pdf,C:\Users\PC\Downloads\????_???_??_??_???_v2.0_???.pdf,6.18 Release,F00630BD45D5CD19B3D6EC57BC1F0F8B407548D3086F4DA76CF55BDDF994A1F4,34ff98d342acdacf125b2a6457ac4815947ee111,80cc5cdfb0758478791b19196e2812e7fa6d671f,"ci,android,release",CI/workflow/release artifacts,,,PHASE_VALIDATION_REL,FAIL,.github/workflows/build-android-qa-release.yml; scripts/release,scripts/audit/validate-phase-0-baseline.mjs,Phase 0 does not execute runtime; see current public smoke/audit evidence where applicable.,Linux Android QA release currently blocked by GitHub staging secret configuration and runtime evidence.,Use this canonical trace row as input to Phase 1/2 owner work; do not reduce target spec to current implementation.,NO_DIRECT_LEGACY_ROW
REL-011,P1,LAUNCH_MANDATORY,FUNCTION_SPEC_V2,FUNCTION_SPEC_V2,????_???_??_??_???_v2.0_???.pdf,C:\Users\PC\Downloads\????_???_??_??_???_v2.0_???.pdf,6.18 Release,F00630BD45D5CD19B3D6EC57BC1F0F8B407548D3086F4DA76CF55BDDF994A1F4,34ff98d342acdacf125b2a6457ac4815947ee111,80cc5cdfb0758478791b19196e2812e7fa6d671f,"ci,android,release",CI/workflow/release artifacts,,,PHASE_VALIDATION_REL,FAIL,.github/workflows/build-android-qa-release.yml; scripts/release,scripts/audit/validate-phase-0-baseline.mjs,Phase 0 does not execute runtime; see current public smoke/audit evidence where applicable.,Linux Android QA release currently blocked by GitHub staging secret configuration and runtime evidence.,Use this canonical trace row as input to Phase 1/2 owner work; do not reduce target spec to current implementation.,NO_DIRECT_LEGACY_ROW
REL-012,P1,LAUNCH_MANDATORY,FUNCTION_SPEC_V2,FUNCTION_SPEC_V2,????_???_??_??_???_v2.0_???.pdf,C:\Users\PC\Downloads\????_???_??_??_???_v2.0_???.pdf,6.18 Release,F00630BD45D5CD19B3D6EC57BC1F0F8B407548D3086F4DA76CF55BDDF994A1F4,34ff98d342acdacf125b2a6457ac4815947ee111,80cc5cdfb0758478791b19196e2812e7fa6d671f,"ci,android,release",CI/workflow/release artifacts,,,PHASE_VALIDATION_REL,FAIL,.github/workflows/build-android-qa-release.yml; scripts/release,scripts/audit/validate-phase-0-baseline.mjs,Phase 0 does not execute runtime; see current public smoke/audit evidence where applicable.,Linux Android QA release currently blocked by GitHub staging secret configuration and runtime evidence.,Use this canonical trace row as input to Phase 1/2 owner work; do not reduce target spec to current implementation.,NO_DIRECT_LEGACY_ROW
SEC-001,P1,LAUNCH_MANDATORY,FUNCTION_SPEC_V2,FUNCTION_SPEC_V2,????_???_??_??_???_v2.0_???.pdf,C:\Users\PC\Downloads\????_???_??_??_???_v2.0_???.pdf,6.19 Security,F00630BD45D5CD19B3D6EC57BC1F0F8B407548D3086F4DA76CF55BDDF994A1F4,34ff98d342acdacf125b2a6457ac4815947ee111,80cc5cdfb0758478791b19196e2812e7fa6d671f,"api,db,mobile,admin,cloudflare",all authenticated/sensitive APIs,"user-owned tables,admin_audit_logs",,PHASE_VALIDATION_SEC,PARTIAL,SECURITY.md; security; middleware; Android manifest after APK,scripts/audit/validate-phase-0-baseline.mjs,Phase 0 does not execute runtime; see current public smoke/audit evidence where applicable.,,Use this canonical trace row as input to Phase 1/2 owner work; do not reduce target spec to current implementation.,3
SEC-002,P0,LAUNCH_MANDATORY,FUNCTION_SPEC_V2,FUNCTION_SPEC_V2,????_???_??_??_???_v2.0_???.pdf,C:\Users\PC\Downloads\????_???_??_??_???_v2.0_???.pdf,6.19 Security,F00630BD45D5CD19B3D6EC57BC1F0F8B407548D3086F4DA76CF55BDDF994A1F4,34ff98d342acdacf125b2a6457ac4815947ee111,80cc5cdfb0758478791b19196e2812e7fa6d671f,"api,db,mobile,admin,cloudflare",all authenticated/sensitive APIs,"user-owned tables,admin_audit_logs",,PHASE_VALIDATION_SEC,PARTIAL,SECURITY.md; security; middleware; Android manifest after APK,scripts/audit/validate-phase-0-baseline.mjs,Phase 0 does not execute runtime; see current public smoke/audit evidence where applicable.,,Use this canonical trace row as input to Phase 1/2 owner work; do not reduce target spec to current implementation.,NO_DIRECT_LEGACY_ROW
SEC-003,P1,LAUNCH_MANDATORY,FUNCTION_SPEC_V2,FUNCTION_SPEC_V2,????_???_??_??_???_v2.0_???.pdf,C:\Users\PC\Downloads\????_???_??_??_???_v2.0_???.pdf,6.19 Security,F00630BD45D5CD19B3D6EC57BC1F0F8B407548D3086F4DA76CF55BDDF994A1F4,34ff98d342acdacf125b2a6457ac4815947ee111,80cc5cdfb0758478791b19196e2812e7fa6d671f,"api,db,mobile,admin,cloudflare",all authenticated/sensitive APIs,"user-owned tables,admin_audit_logs",,PHASE_VALIDATION_SEC,PARTIAL,SECURITY.md; security; middleware; Android manifest after APK,scripts/audit/validate-phase-0-baseline.mjs,Phase 0 does not execute runtime; see current public smoke/audit evidence where applicable.,,Use this canonical trace row as input to Phase 1/2 owner work; do not reduce target spec to current implementation.,NO_DIRECT_LEGACY_ROW
SEC-004,P0,LAUNCH_MANDATORY,FUNCTION_SPEC_V2,FUNCTION_SPEC_V2,????_???_??_??_???_v2.0_???.pdf,C:\Users\PC\Downloads\????_???_??_??_???_v2.0_???.pdf,6.19 Security,F00630BD45D5CD19B3D6EC57BC1F0F8B407548D3086F4DA76CF55BDDF994A1F4,34ff98d342acdacf125b2a6457ac4815947ee111,80cc5cdfb0758478791b19196e2812e7fa6d671f,"api,db,mobile,admin,cloudflare",all authenticated/sensitive APIs,"user-owned tables,admin_audit_logs",,PHASE_VALIDATION_SEC,PARTIAL,SECURITY.md; security; middleware; Android manifest after APK,scripts/audit/validate-phase-0-baseline.mjs,Phase 0 does not execute runtime; see current public smoke/audit evidence where applicable.,,Use this canonical trace row as input to Phase 1/2 owner work; do not reduce target spec to current implementation.,NO_DIRECT_LEGACY_ROW
SEC-005,P1,LAUNCH_MANDATORY,FUNCTION_SPEC_V2,FUNCTION_SPEC_V2,????_???_??_??_???_v2.0_???.pdf,C:\Users\PC\Downloads\????_???_??_??_???_v2.0_???.pdf,6.19 Security,F00630BD45D5CD19B3D6EC57BC1F0F8B407548D3086F4DA76CF55BDDF994A1F4,34ff98d342acdacf125b2a6457ac4815947ee111,80cc5cdfb0758478791b19196e2812e7fa6d671f,"api,db,mobile,admin,cloudflare",all authenticated/sensitive APIs,"user-owned tables,admin_audit_logs",,PHASE_VALIDATION_SEC,PARTIAL,SECURITY.md; security; middleware; Android manifest after APK,scripts/audit/validate-phase-0-baseline.mjs,Phase 0 does not execute runtime; see current public smoke/audit evidence where applicable.,,Use this canonical trace row as input to Phase 1/2 owner work; do not reduce target spec to current implementation.,NO_DIRECT_LEGACY_ROW
SEC-006,P1,LAUNCH_MANDATORY,FUNCTION_SPEC_V2,FUNCTION_SPEC_V2,????_???_??_??_???_v2.0_???.pdf,C:\Users\PC\Downloads\????_???_??_??_???_v2.0_???.pdf,6.19 Security,F00630BD45D5CD19B3D6EC57BC1F0F8B407548D3086F4DA76CF55BDDF994A1F4,34ff98d342acdacf125b2a6457ac4815947ee111,80cc5cdfb0758478791b19196e2812e7fa6d671f,"api,db,mobile,admin,cloudflare",all authenticated/sensitive APIs,"user-owned tables,admin_audit_logs",,PHASE_VALIDATION_SEC,PARTIAL,SECURITY.md; security; middleware; Android manifest after APK,scripts/audit/validate-phase-0-baseline.mjs,Phase 0 does not execute runtime; see current public smoke/audit evidence where applicable.,,Use this canonical trace row as input to Phase 1/2 owner work; do not reduce target spec to current implementation.,NO_DIRECT_LEGACY_ROW
SEC-007,P1,LAUNCH_MANDATORY,FUNCTION_SPEC_V2,FUNCTION_SPEC_V2,????_???_??_??_???_v2.0_???.pdf,C:\Users\PC\Downloads\????_???_??_??_???_v2.0_???.pdf,6.19 Security,F00630BD45D5CD19B3D6EC57BC1F0F8B407548D3086F4DA76CF55BDDF994A1F4,34ff98d342acdacf125b2a6457ac4815947ee111,80cc5cdfb0758478791b19196e2812e7fa6d671f,"api,db,mobile,admin,cloudflare",all authenticated/sensitive APIs,"user-owned tables,admin_audit_logs",,PHASE_VALIDATION_SEC,PARTIAL,SECURITY.md; security; middleware; Android manifest after APK,scripts/audit/validate-phase-0-baseline.mjs,Phase 0 does not execute runtime; see current public smoke/audit evidence where applicable.,,Use this canonical trace row as input to Phase 1/2 owner work; do not reduce target spec to current implementation.,NO_DIRECT_LEGACY_ROW
SEC-008,P0,LAUNCH_MANDATORY,FUNCTION_SPEC_V2,FUNCTION_SPEC_V2,????_???_??_??_???_v2.0_???.pdf,C:\Users\PC\Downloads\????_???_??_??_???_v2.0_???.pdf,6.19 Security,F00630BD45D5CD19B3D6EC57BC1F0F8B407548D3086F4DA76CF55BDDF994A1F4,81691409da91ddc26b85da7eceb4d773ee82197d,80cc5cdfb0758478791b19196e2812e7fa6d671f,"api,db,mobile,admin,cloudflare",all authenticated/sensitive APIs,"user-owned tables,admin_audit_logs",,PHASE_VALIDATION_SEC,PARTIAL,SECURITY.md; security; middleware; Android manifest after APK,scripts/audit/validate-phase-0-baseline.mjs; scripts/audit/validate-phase-2-database.mjs,RLS/FORCE/app role/security grants reviewed with P0 bypass 0; SECURITY DEFINER functions exist with search_path=public and require deeper function-by-function audit.,,Run dedicated SECURITY DEFINER and privilege escalation audit.,NO_DIRECT_LEGACY_ROW
SEC-009,P0,LAUNCH_MANDATORY,FUNCTION_SPEC_V2,FUNCTION_SPEC_V2,????_???_??_??_???_v2.0_???.pdf,C:\Users\PC\Downloads\????_???_??_??_???_v2.0_???.pdf,6.19 Security,F00630BD45D5CD19B3D6EC57BC1F0F8B407548D3086F4DA76CF55BDDF994A1F4,34ff98d342acdacf125b2a6457ac4815947ee111,80cc5cdfb0758478791b19196e2812e7fa6d671f,"api,db,mobile,admin,cloudflare",all authenticated/sensitive APIs,"user-owned tables,admin_audit_logs",,PHASE_VALIDATION_SEC,PARTIAL,SECURITY.md; security; middleware; Android manifest after APK,scripts/audit/validate-phase-0-baseline.mjs,Phase 0 does not execute runtime; see current public smoke/audit evidence where applicable.,,Use this canonical trace row as input to Phase 1/2 owner work; do not reduce target spec to current implementation.,NO_DIRECT_LEGACY_ROW
SEC-010,P0,LAUNCH_MANDATORY,FUNCTION_SPEC_V2,FUNCTION_SPEC_V2,????_???_??_??_???_v2.0_???.pdf,C:\Users\PC\Downloads\????_???_??_??_???_v2.0_???.pdf,6.19 Security,F00630BD45D5CD19B3D6EC57BC1F0F8B407548D3086F4DA76CF55BDDF994A1F4,34ff98d342acdacf125b2a6457ac4815947ee111,80cc5cdfb0758478791b19196e2812e7fa6d671f,"api,db,mobile,admin,cloudflare",all authenticated/sensitive APIs,"user-owned tables,admin_audit_logs",,PHASE_VALIDATION_SEC,PARTIAL,SECURITY.md; security; middleware; Android manifest after APK,scripts/audit/validate-phase-0-baseline.mjs,Phase 0 does not execute runtime; see current public smoke/audit evidence where applicable.,,Use this canonical trace row as input to Phase 1/2 owner work; do not reduce target spec to current implementation.,NO_DIRECT_LEGACY_ROW
SEC-011,P1,LAUNCH_MANDATORY,FUNCTION_SPEC_V2,FUNCTION_SPEC_V2,????_???_??_??_???_v2.0_???.pdf,C:\Users\PC\Downloads\????_???_??_??_???_v2.0_???.pdf,6.19 Security,F00630BD45D5CD19B3D6EC57BC1F0F8B407548D3086F4DA76CF55BDDF994A1F4,34ff98d342acdacf125b2a6457ac4815947ee111,80cc5cdfb0758478791b19196e2812e7fa6d671f,"api,db,mobile,admin,cloudflare",all authenticated/sensitive APIs,"user-owned tables,admin_audit_logs",,PHASE_VALIDATION_SEC,PARTIAL,SECURITY.md; security; middleware; Android manifest after APK,scripts/audit/validate-phase-0-baseline.mjs,Phase 0 does not execute runtime; see current public smoke/audit evidence where applicable.,,Use this canonical trace row as input to Phase 1/2 owner work; do not reduce target spec to current implementation.,NO_DIRECT_LEGACY_ROW
SEC-012,P1,LAUNCH_MANDATORY,FUNCTION_SPEC_V2,FUNCTION_SPEC_V2,????_???_??_??_???_v2.0_???.pdf,C:\Users\PC\Downloads\????_???_??_??_???_v2.0_???.pdf,6.19 Security,F00630BD45D5CD19B3D6EC57BC1F0F8B407548D3086F4DA76CF55BDDF994A1F4,34ff98d342acdacf125b2a6457ac4815947ee111,80cc5cdfb0758478791b19196e2812e7fa6d671f,"api,db,mobile,admin,cloudflare",all authenticated/sensitive APIs,"user-owned tables,admin_audit_logs",,PHASE_VALIDATION_SEC,PARTIAL,SECURITY.md; security; middleware; Android manifest after APK,scripts/audit/validate-phase-0-baseline.mjs,Phase 0 does not execute runtime; see current public smoke/audit evidence where applicable.,,Use this canonical trace row as input to Phase 1/2 owner work; do not reduce target spec to current implementation.,NO_DIRECT_LEGACY_ROW
SEC-013,P1,LAUNCH_MANDATORY,FUNCTION_SPEC_V2,FUNCTION_SPEC_V2,????_???_??_??_???_v2.0_???.pdf,C:\Users\PC\Downloads\????_???_??_??_???_v2.0_???.pdf,6.19 Security,F00630BD45D5CD19B3D6EC57BC1F0F8B407548D3086F4DA76CF55BDDF994A1F4,34ff98d342acdacf125b2a6457ac4815947ee111,80cc5cdfb0758478791b19196e2812e7fa6d671f,"api,db,mobile,admin,cloudflare",all authenticated/sensitive APIs,"user-owned tables,admin_audit_logs",,PHASE_VALIDATION_SEC,PARTIAL,SECURITY.md; security; middleware; Android manifest after APK,scripts/audit/validate-phase-0-baseline.mjs,Phase 0 does not execute runtime; see current public smoke/audit evidence where applicable.,,Use this canonical trace row as input to Phase 1/2 owner work; do not reduce target spec to current implementation.,NO_DIRECT_LEGACY_ROW
SEC-014,P1,LAUNCH_MANDATORY,FUNCTION_SPEC_V2,FUNCTION_SPEC_V2,????_???_??_??_???_v2.0_???.pdf,C:\Users\PC\Downloads\????_???_??_??_???_v2.0_???.pdf,6.19 Security,F00630BD45D5CD19B3D6EC57BC1F0F8B407548D3086F4DA76CF55BDDF994A1F4,34ff98d342acdacf125b2a6457ac4815947ee111,80cc5cdfb0758478791b19196e2812e7fa6d671f,"api,db,mobile,admin,cloudflare",all authenticated/sensitive APIs,"user-owned tables,admin_audit_logs",,PHASE_VALIDATION_SEC,PARTIAL,SECURITY.md; security; middleware; Android manifest after APK,scripts/audit/validate-phase-0-baseline.mjs,Phase 0 does not execute runtime; see current public smoke/audit evidence where applicable.,,Use this canonical trace row as input to Phase 1/2 owner work; do not reduce target spec to current implementation.,NO_DIRECT_LEGACY_ROW
SEC-015,P1,LAUNCH_MANDATORY,FUNCTION_SPEC_V2,FUNCTION_SPEC_V2,????_???_??_??_???_v2.0_???.pdf,C:\Users\PC\Downloads\????_???_??_??_???_v2.0_???.pdf,6.19 Security,F00630BD45D5CD19B3D6EC57BC1F0F8B407548D3086F4DA76CF55BDDF994A1F4,34ff98d342acdacf125b2a6457ac4815947ee111,80cc5cdfb0758478791b19196e2812e7fa6d671f,"api,db,mobile,admin,cloudflare",all authenticated/sensitive APIs,"user-owned tables,admin_audit_logs",,PHASE_VALIDATION_SEC,PARTIAL,SECURITY.md; security; middleware; Android manifest after APK,scripts/audit/validate-phase-0-baseline.mjs,Phase 0 does not execute runtime; see current public smoke/audit evidence where applicable.,,Use this canonical trace row as input to Phase 1/2 owner work; do not reduce target spec to current implementation.,NO_DIRECT_LEGACY_ROW
PERF-001,P2,PLATFORM_COMPLETION,FUNCTION_SPEC_V2,FUNCTION_SPEC_V2,????_???_??_??_???_v2.0_???.pdf,C:\Users\PC\Downloads\????_???_??_??_???_v2.0_???.pdf,8.1 Stitch acceptance,F00630BD45D5CD19B3D6EC57BC1F0F8B407548D3086F4DA76CF55BDDF994A1F4,34ff98d342acdacf125b2a6457ac4815947ee111,80cc5cdfb0758478791b19196e2812e7fa6d671f,"api,db,mobile,cloudflare",all production APIs,,,PHASE_VALIDATION_PERF,UNVERIFIED,performance docs/tests unverified,scripts/audit/validate-phase-0-baseline.mjs,Phase 0 does not execute runtime; see current public smoke/audit evidence where applicable.,Runtime measurement/evidence not executed in Phase 0.,Use this canonical trace row as input to Phase 1/2 owner work; do not reduce target spec to current implementation.,NO_DIRECT_LEGACY_ROW
PERF-002,P2,PLATFORM_COMPLETION,FUNCTION_SPEC_V2,FUNCTION_SPEC_V2,????_???_??_??_???_v2.0_???.pdf,C:\Users\PC\Downloads\????_???_??_??_???_v2.0_???.pdf,8.1 Stitch acceptance,F00630BD45D5CD19B3D6EC57BC1F0F8B407548D3086F4DA76CF55BDDF994A1F4,34ff98d342acdacf125b2a6457ac4815947ee111,80cc5cdfb0758478791b19196e2812e7fa6d671f,"api,db,mobile,cloudflare",all production APIs,,,PHASE_VALIDATION_PERF,UNVERIFIED,performance docs/tests unverified,scripts/audit/validate-phase-0-baseline.mjs,Phase 0 does not execute runtime; see current public smoke/audit evidence where applicable.,Runtime measurement/evidence not executed in Phase 0.,Use this canonical trace row as input to Phase 1/2 owner work; do not reduce target spec to current implementation.,NO_DIRECT_LEGACY_ROW
PERF-003,P2,PLATFORM_COMPLETION,FUNCTION_SPEC_V2,FUNCTION_SPEC_V2,????_???_??_??_???_v2.0_???.pdf,C:\Users\PC\Downloads\????_???_??_??_???_v2.0_???.pdf,8.1 Stitch acceptance,F00630BD45D5CD19B3D6EC57BC1F0F8B407548D3086F4DA76CF55BDDF994A1F4,34ff98d342acdacf125b2a6457ac4815947ee111,80cc5cdfb0758478791b19196e2812e7fa6d671f,"api,db,mobile,cloudflare",all production APIs,,,PHASE_VALIDATION_PERF,UNVERIFIED,performance docs/tests unverified,scripts/audit/validate-phase-0-baseline.mjs,Phase 0 does not execute runtime; see current public smoke/audit evidence where applicable.,Runtime measurement/evidence not executed in Phase 0.,Use this canonical trace row as input to Phase 1/2 owner work; do not reduce target spec to current implementation.,NO_DIRECT_LEGACY_ROW
PERF-004,P2,PLATFORM_COMPLETION,FUNCTION_SPEC_V2,FUNCTION_SPEC_V2,????_???_??_??_???_v2.0_???.pdf,C:\Users\PC\Downloads\????_???_??_??_???_v2.0_???.pdf,8.1 Stitch acceptance,F00630BD45D5CD19B3D6EC57BC1F0F8B407548D3086F4DA76CF55BDDF994A1F4,34ff98d342acdacf125b2a6457ac4815947ee111,80cc5cdfb0758478791b19196e2812e7fa6d671f,"api,db,mobile,cloudflare",all production APIs,,,PHASE_VALIDATION_PERF,UNVERIFIED,performance docs/tests unverified,scripts/audit/validate-phase-0-baseline.mjs,Phase 0 does not execute runtime; see current public smoke/audit evidence where applicable.,Runtime measurement/evidence not executed in Phase 0.,Use this canonical trace row as input to Phase 1/2 owner work; do not reduce target spec to current implementation.,NO_DIRECT_LEGACY_ROW
PERF-005,P2,PLATFORM_COMPLETION,FUNCTION_SPEC_V2,FUNCTION_SPEC_V2,????_???_??_??_???_v2.0_???.pdf,C:\Users\PC\Downloads\????_???_??_??_???_v2.0_???.pdf,8.1 Stitch acceptance,F00630BD45D5CD19B3D6EC57BC1F0F8B407548D3086F4DA76CF55BDDF994A1F4,34ff98d342acdacf125b2a6457ac4815947ee111,80cc5cdfb0758478791b19196e2812e7fa6d671f,"api,db,mobile,cloudflare",all production APIs,,,PHASE_VALIDATION_PERF,UNVERIFIED,performance docs/tests unverified,scripts/audit/validate-phase-0-baseline.mjs,Phase 0 does not execute runtime; see current public smoke/audit evidence where applicable.,Runtime measurement/evidence not executed in Phase 0.,Use this canonical trace row as input to Phase 1/2 owner work; do not reduce target spec to current implementation.,NO_DIRECT_LEGACY_ROW
PERF-006,P2,PLATFORM_COMPLETION,FUNCTION_SPEC_V2,FUNCTION_SPEC_V2,????_???_??_??_???_v2.0_???.pdf,C:\Users\PC\Downloads\????_???_??_??_???_v2.0_???.pdf,8.1 Stitch acceptance,F00630BD45D5CD19B3D6EC57BC1F0F8B407548D3086F4DA76CF55BDDF994A1F4,34ff98d342acdacf125b2a6457ac4815947ee111,80cc5cdfb0758478791b19196e2812e7fa6d671f,"api,db,mobile,cloudflare",all production APIs,,,PHASE_VALIDATION_PERF,UNVERIFIED,performance docs/tests unverified,scripts/audit/validate-phase-0-baseline.mjs,Phase 0 does not execute runtime; see current public smoke/audit evidence where applicable.,Runtime measurement/evidence not executed in Phase 0.,Use this canonical trace row as input to Phase 1/2 owner work; do not reduce target spec to current implementation.,NO_DIRECT_LEGACY_ROW
PERF-007,P2,PLATFORM_COMPLETION,FUNCTION_SPEC_V2,FUNCTION_SPEC_V2,????_???_??_??_???_v2.0_???.pdf,C:\Users\PC\Downloads\????_???_??_??_???_v2.0_???.pdf,8.1 Stitch acceptance,F00630BD45D5CD19B3D6EC57BC1F0F8B407548D3086F4DA76CF55BDDF994A1F4,34ff98d342acdacf125b2a6457ac4815947ee111,80cc5cdfb0758478791b19196e2812e7fa6d671f,"api,db,mobile,cloudflare",all production APIs,,,PHASE_VALIDATION_PERF,UNVERIFIED,performance docs/tests unverified,scripts/audit/validate-phase-0-baseline.mjs,Phase 0 does not execute runtime; see current public smoke/audit evidence where applicable.,Runtime measurement/evidence not executed in Phase 0.,Use this canonical trace row as input to Phase 1/2 owner work; do not reduce target spec to current implementation.,NO_DIRECT_LEGACY_ROW
PERF-008,P2,PLATFORM_COMPLETION,FUNCTION_SPEC_V2,FUNCTION_SPEC_V2,????_???_??_??_???_v2.0_???.pdf,C:\Users\PC\Downloads\????_???_??_??_???_v2.0_???.pdf,8.1 Stitch acceptance,F00630BD45D5CD19B3D6EC57BC1F0F8B407548D3086F4DA76CF55BDDF994A1F4,34ff98d342acdacf125b2a6457ac4815947ee111,80cc5cdfb0758478791b19196e2812e7fa6d671f,"api,db,mobile,cloudflare",all production APIs,,,PHASE_VALIDATION_PERF,UNVERIFIED,performance docs/tests unverified,scripts/audit/validate-phase-0-baseline.mjs,Phase 0 does not execute runtime; see current public smoke/audit evidence where applicable.,Runtime measurement/evidence not executed in Phase 0.,Use this canonical trace row as input to Phase 1/2 owner work; do not reduce target spec to current implementation.,NO_DIRECT_LEGACY_ROW
PERF-009,P2,PLATFORM_COMPLETION,FUNCTION_SPEC_V2,FUNCTION_SPEC_V2,????_???_??_??_???_v2.0_???.pdf,C:\Users\PC\Downloads\????_???_??_??_???_v2.0_???.pdf,8.1 Stitch acceptance,F00630BD45D5CD19B3D6EC57BC1F0F8B407548D3086F4DA76CF55BDDF994A1F4,34ff98d342acdacf125b2a6457ac4815947ee111,80cc5cdfb0758478791b19196e2812e7fa6d671f,"api,db,mobile,cloudflare",all production APIs,,,PHASE_VALIDATION_PERF,UNVERIFIED,performance docs/tests unverified,scripts/audit/validate-phase-0-baseline.mjs,Phase 0 does not execute runtime; see current public smoke/audit evidence where applicable.,Runtime measurement/evidence not executed in Phase 0.,Use this canonical trace row as input to Phase 1/2 owner work; do not reduce target spec to current implementation.,NO_DIRECT_LEGACY_ROW
PERF-010,P2,PLATFORM_COMPLETION,FUNCTION_SPEC_V2,FUNCTION_SPEC_V2,????_???_??_??_???_v2.0_???.pdf,C:\Users\PC\Downloads\????_???_??_??_???_v2.0_???.pdf,8.1 Stitch acceptance,F00630BD45D5CD19B3D6EC57BC1F0F8B407548D3086F4DA76CF55BDDF994A1F4,34ff98d342acdacf125b2a6457ac4815947ee111,80cc5cdfb0758478791b19196e2812e7fa6d671f,"api,db,mobile,cloudflare",all production APIs,,,PHASE_VALIDATION_PERF,UNVERIFIED,performance docs/tests unverified,scripts/audit/validate-phase-0-baseline.mjs,Phase 0 does not execute runtime; see current public smoke/audit evidence where applicable.,Runtime measurement/evidence not executed in Phase 0.,Use this canonical trace row as input to Phase 1/2 owner work; do not reduce target spec to current implementation.,NO_DIRECT_LEGACY_ROW
PERF-011,P2,PLATFORM_COMPLETION,FUNCTION_SPEC_V2,FUNCTION_SPEC_V2,????_???_??_??_???_v2.0_???.pdf,C:\Users\PC\Downloads\????_???_??_??_???_v2.0_???.pdf,8.1 Stitch acceptance,F00630BD45D5CD19B3D6EC57BC1F0F8B407548D3086F4DA76CF55BDDF994A1F4,34ff98d342acdacf125b2a6457ac4815947ee111,80cc5cdfb0758478791b19196e2812e7fa6d671f,"api,db,mobile,cloudflare",all production APIs,,,PHASE_VALIDATION_PERF,UNVERIFIED,performance docs/tests unverified,scripts/audit/validate-phase-0-baseline.mjs,Phase 0 does not execute runtime; see current public smoke/audit evidence where applicable.,Runtime measurement/evidence not executed in Phase 0.,Use this canonical trace row as input to Phase 1/2 owner work; do not reduce target spec to current implementation.,NO_DIRECT_LEGACY_ROW
PERF-012,P2,PLATFORM_COMPLETION,FUNCTION_SPEC_V2,FUNCTION_SPEC_V2,????_???_??_??_???_v2.0_???.pdf,C:\Users\PC\Downloads\????_???_??_??_???_v2.0_???.pdf,8.1 Stitch acceptance,F00630BD45D5CD19B3D6EC57BC1F0F8B407548D3086F4DA76CF55BDDF994A1F4,34ff98d342acdacf125b2a6457ac4815947ee111,80cc5cdfb0758478791b19196e2812e7fa6d671f,"api,db,mobile,cloudflare",all production APIs,,,PHASE_VALIDATION_PERF,UNVERIFIED,performance docs/tests unverified,scripts/audit/validate-phase-0-baseline.mjs,Phase 0 does not execute runtime; see current public smoke/audit evidence where applicable.,Runtime measurement/evidence not executed in Phase 0.,Use this canonical trace row as input to Phase 1/2 owner work; do not reduce target spec to current implementation.,NO_DIRECT_LEGACY_ROW
PERF-013,P2,PLATFORM_COMPLETION,FUNCTION_SPEC_V2,FUNCTION_SPEC_V2,????_???_??_??_???_v2.0_???.pdf,C:\Users\PC\Downloads\????_???_??_??_???_v2.0_???.pdf,8.1 Stitch acceptance,F00630BD45D5CD19B3D6EC57BC1F0F8B407548D3086F4DA76CF55BDDF994A1F4,34ff98d342acdacf125b2a6457ac4815947ee111,80cc5cdfb0758478791b19196e2812e7fa6d671f,"api,db,mobile,cloudflare",all production APIs,,,PHASE_VALIDATION_PERF,UNVERIFIED,performance docs/tests unverified,scripts/audit/validate-phase-0-baseline.mjs,Phase 0 does not execute runtime; see current public smoke/audit evidence where applicable.,Runtime measurement/evidence not executed in Phase 0.,Use this canonical trace row as input to Phase 1/2 owner work; do not reduce target spec to current implementation.,NO_DIRECT_LEGACY_ROW
PERF-014,P2,PLATFORM_COMPLETION,FUNCTION_SPEC_V2,FUNCTION_SPEC_V2,????_???_??_??_???_v2.0_???.pdf,C:\Users\PC\Downloads\????_???_??_??_???_v2.0_???.pdf,8.1 Stitch acceptance,F00630BD45D5CD19B3D6EC57BC1F0F8B407548D3086F4DA76CF55BDDF994A1F4,34ff98d342acdacf125b2a6457ac4815947ee111,80cc5cdfb0758478791b19196e2812e7fa6d671f,"api,db,mobile,cloudflare",all production APIs,,,PHASE_VALIDATION_PERF,UNVERIFIED,performance docs/tests unverified,scripts/audit/validate-phase-0-baseline.mjs,Phase 0 does not execute runtime; see current public smoke/audit evidence where applicable.,Runtime measurement/evidence not executed in Phase 0.,Use this canonical trace row as input to Phase 1/2 owner work; do not reduce target spec to current implementation.,NO_DIRECT_LEGACY_ROW
PERF-015,P2,PLATFORM_COMPLETION,FUNCTION_SPEC_V2,FUNCTION_SPEC_V2,????_???_??_??_???_v2.0_???.pdf,C:\Users\PC\Downloads\????_???_??_??_???_v2.0_???.pdf,8.1 Stitch acceptance,F00630BD45D5CD19B3D6EC57BC1F0F8B407548D3086F4DA76CF55BDDF994A1F4,34ff98d342acdacf125b2a6457ac4815947ee111,80cc5cdfb0758478791b19196e2812e7fa6d671f,"api,db,mobile,cloudflare",all production APIs,,,PHASE_VALIDATION_PERF,UNVERIFIED,performance docs/tests unverified,scripts/audit/validate-phase-0-baseline.mjs,Phase 0 does not execute runtime; see current public smoke/audit evidence where applicable.,Runtime measurement/evidence not executed in Phase 0.,Use this canonical trace row as input to Phase 1/2 owner work; do not reduce target spec to current implementation.,NO_DIRECT_LEGACY_ROW
PERF-016,P2,PLATFORM_COMPLETION,FUNCTION_SPEC_V2,FUNCTION_SPEC_V2,????_???_??_??_???_v2.0_???.pdf,C:\Users\PC\Downloads\????_???_??_??_???_v2.0_???.pdf,8.1 Stitch acceptance,F00630BD45D5CD19B3D6EC57BC1F0F8B407548D3086F4DA76CF55BDDF994A1F4,34ff98d342acdacf125b2a6457ac4815947ee111,80cc5cdfb0758478791b19196e2812e7fa6d671f,"api,db,mobile,cloudflare",all production APIs,,,PHASE_VALIDATION_PERF,UNVERIFIED,performance docs/tests unverified,scripts/audit/validate-phase-0-baseline.mjs,Phase 0 does not execute runtime; see current public smoke/audit evidence where applicable.,Runtime measurement/evidence not executed in Phase 0.,Use this canonical trace row as input to Phase 1/2 owner work; do not reduce target spec to current implementation.,NO_DIRECT_LEGACY_ROW
PERF-017,P2,PLATFORM_COMPLETION,FUNCTION_SPEC_V2,FUNCTION_SPEC_V2,????_???_??_??_???_v2.0_???.pdf,C:\Users\PC\Downloads\????_???_??_??_???_v2.0_???.pdf,8.1 Stitch acceptance,F00630BD45D5CD19B3D6EC57BC1F0F8B407548D3086F4DA76CF55BDDF994A1F4,34ff98d342acdacf125b2a6457ac4815947ee111,80cc5cdfb0758478791b19196e2812e7fa6d671f,"api,db,mobile,cloudflare",all production APIs,,,PHASE_VALIDATION_PERF,UNVERIFIED,performance docs/tests unverified,scripts/audit/validate-phase-0-baseline.mjs,Phase 0 does not execute runtime; see current public smoke/audit evidence where applicable.,Runtime measurement/evidence not executed in Phase 0.,Use this canonical trace row as input to Phase 1/2 owner work; do not reduce target spec to current implementation.,NO_DIRECT_LEGACY_ROW
PERF-018,P2,PLATFORM_COMPLETION,FUNCTION_SPEC_V2,FUNCTION_SPEC_V2,????_???_??_??_???_v2.0_???.pdf,C:\Users\PC\Downloads\????_???_??_??_???_v2.0_???.pdf,8.1 Stitch acceptance,F00630BD45D5CD19B3D6EC57BC1F0F8B407548D3086F4DA76CF55BDDF994A1F4,34ff98d342acdacf125b2a6457ac4815947ee111,80cc5cdfb0758478791b19196e2812e7fa6d671f,"api,db,mobile,cloudflare",all production APIs,,,PHASE_VALIDATION_PERF,UNVERIFIED,performance docs/tests unverified,scripts/audit/validate-phase-0-baseline.mjs,Phase 0 does not execute runtime; see current public smoke/audit evidence where applicable.,Runtime measurement/evidence not executed in Phase 0.,Use this canonical trace row as input to Phase 1/2 owner work; do not reduce target spec to current implementation.,NO_DIRECT_LEGACY_ROW
PERF-019,P2,PLATFORM_COMPLETION,FUNCTION_SPEC_V2,FUNCTION_SPEC_V2,????_???_??_??_???_v2.0_???.pdf,C:\Users\PC\Downloads\????_???_??_??_???_v2.0_???.pdf,8.1 Stitch acceptance,F00630BD45D5CD19B3D6EC57BC1F0F8B407548D3086F4DA76CF55BDDF994A1F4,34ff98d342acdacf125b2a6457ac4815947ee111,80cc5cdfb0758478791b19196e2812e7fa6d671f,"api,db,mobile,cloudflare",all production APIs,,,PHASE_VALIDATION_PERF,UNVERIFIED,performance docs/tests unverified,scripts/audit/validate-phase-0-baseline.mjs,Phase 0 does not execute runtime; see current public smoke/audit evidence where applicable.,Runtime measurement/evidence not executed in Phase 0.,Use this canonical trace row as input to Phase 1/2 owner work; do not reduce target spec to current implementation.,NO_DIRECT_LEGACY_ROW
PERF-020,P2,PLATFORM_COMPLETION,FUNCTION_SPEC_V2,FUNCTION_SPEC_V2,????_???_??_??_???_v2.0_???.pdf,C:\Users\PC\Downloads\????_???_??_??_???_v2.0_???.pdf,8.1 Stitch acceptance,F00630BD45D5CD19B3D6EC57BC1F0F8B407548D3086F4DA76CF55BDDF994A1F4,34ff98d342acdacf125b2a6457ac4815947ee111,80cc5cdfb0758478791b19196e2812e7fa6d671f,"api,db,mobile,cloudflare",all production APIs,,,PHASE_VALIDATION_PERF,UNVERIFIED,performance docs/tests unverified,scripts/audit/validate-phase-0-baseline.mjs,Phase 0 does not execute runtime; see current public smoke/audit evidence where applicable.,Runtime measurement/evidence not executed in Phase 0.,Use this canonical trace row as input to Phase 1/2 owner work; do not reduce target spec to current implementation.,NO_DIRECT_LEGACY_ROW
PERF-021,P2,PLATFORM_COMPLETION,FUNCTION_SPEC_V2,FUNCTION_SPEC_V2,????_???_??_??_???_v2.0_???.pdf,C:\Users\PC\Downloads\????_???_??_??_???_v2.0_???.pdf,8.1 Stitch acceptance,F00630BD45D5CD19B3D6EC57BC1F0F8B407548D3086F4DA76CF55BDDF994A1F4,34ff98d342acdacf125b2a6457ac4815947ee111,80cc5cdfb0758478791b19196e2812e7fa6d671f,"api,db,mobile,cloudflare",all production APIs,,,PHASE_VALIDATION_PERF,UNVERIFIED,performance docs/tests unverified,scripts/audit/validate-phase-0-baseline.mjs,Phase 0 does not execute runtime; see current public smoke/audit evidence where applicable.,Runtime measurement/evidence not executed in Phase 0.,Use this canonical trace row as input to Phase 1/2 owner work; do not reduce target spec to current implementation.,NO_DIRECT_LEGACY_ROW
PERF-022,P1,LAUNCH_MANDATORY,FUNCTION_SPEC_V2,FUNCTION_SPEC_V2,????_???_??_??_???_v2.0_???.pdf,C:\Users\PC\Downloads\????_???_??_??_???_v2.0_???.pdf,8.1 Stitch acceptance,F00630BD45D5CD19B3D6EC57BC1F0F8B407548D3086F4DA76CF55BDDF994A1F4,34ff98d342acdacf125b2a6457ac4815947ee111,80cc5cdfb0758478791b19196e2812e7fa6d671f,"api,db,mobile,cloudflare",all production APIs,,,PHASE_VALIDATION_PERF,UNVERIFIED,performance docs/tests unverified,scripts/audit/validate-phase-0-baseline.mjs,Phase 0 does not execute runtime; see current public smoke/audit evidence where applicable.,Runtime measurement/evidence not executed in Phase 0.,Use this canonical trace row as input to Phase 1/2 owner work; do not reduce target spec to current implementation.,NO_DIRECT_LEGACY_ROW
PERF-023,P2,PLATFORM_COMPLETION,FUNCTION_SPEC_V2,FUNCTION_SPEC_V2,????_???_??_??_???_v2.0_???.pdf,C:\Users\PC\Downloads\????_???_??_??_???_v2.0_???.pdf,8.1 Stitch acceptance,F00630BD45D5CD19B3D6EC57BC1F0F8B407548D3086F4DA76CF55BDDF994A1F4,34ff98d342acdacf125b2a6457ac4815947ee111,80cc5cdfb0758478791b19196e2812e7fa6d671f,"api,db,mobile,cloudflare",all production APIs,,,PHASE_VALIDATION_PERF,UNVERIFIED,performance docs/tests unverified,scripts/audit/validate-phase-0-baseline.mjs,Phase 0 does not execute runtime; see current public smoke/audit evidence where applicable.,Runtime measurement/evidence not executed in Phase 0.,Use this canonical trace row as input to Phase 1/2 owner work; do not reduce target spec to current implementation.,NO_DIRECT_LEGACY_ROW
PERF-024,P2,PLATFORM_COMPLETION,FUNCTION_SPEC_V2,FUNCTION_SPEC_V2,????_???_??_??_???_v2.0_???.pdf,C:\Users\PC\Downloads\????_???_??_??_???_v2.0_???.pdf,8.1 Stitch acceptance,F00630BD45D5CD19B3D6EC57BC1F0F8B407548D3086F4DA76CF55BDDF994A1F4,34ff98d342acdacf125b2a6457ac4815947ee111,80cc5cdfb0758478791b19196e2812e7fa6d671f,"api,db,mobile,cloudflare",all production APIs,,,PHASE_VALIDATION_PERF,UNVERIFIED,performance docs/tests unverified,scripts/audit/validate-phase-0-baseline.mjs,Phase 0 does not execute runtime; see current public smoke/audit evidence where applicable.,Runtime measurement/evidence not executed in Phase 0.,Use this canonical trace row as input to Phase 1/2 owner work; do not reduce target spec to current implementation.,NO_DIRECT_LEGACY_ROW
PERF-025,P2,PLATFORM_COMPLETION,FUNCTION_SPEC_V2,FUNCTION_SPEC_V2,????_???_??_??_???_v2.0_???.pdf,C:\Users\PC\Downloads\????_???_??_??_???_v2.0_???.pdf,8.1 Stitch acceptance,F00630BD45D5CD19B3D6EC57BC1F0F8B407548D3086F4DA76CF55BDDF994A1F4,34ff98d342acdacf125b2a6457ac4815947ee111,80cc5cdfb0758478791b19196e2812e7fa6d671f,"api,db,mobile,cloudflare",all production APIs,,,PHASE_VALIDATION_PERF,UNVERIFIED,performance docs/tests unverified,scripts/audit/validate-phase-0-baseline.mjs,Phase 0 does not execute runtime; see current public smoke/audit evidence where applicable.,Runtime measurement/evidence not executed in Phase 0.,Use this canonical trace row as input to Phase 1/2 owner work; do not reduce target spec to current implementation.,NO_DIRECT_LEGACY_ROW
