METHOD,PATH,DOMAIN,REQ_ID,AUTH_REQUIRED,ROLE_PERMISSION,OWNERSHIP_RULE,REQUEST_SCHEMA,RESPONSE_SCHEMA,SUCCESS_STATUS,ERROR_CODES,IDEMPOTENCY_REQUIRED,CONCURRENCY_POLICY,RATE_LIMIT,PAGINATION,DB_TABLES,AUDIT_EVENT,CURRENT_IMPLEMENTATION_PATH,CONSUMERS,STATUS
GET,/admin/api/v1/dashboard,ADMIN,ADMIN-PHASE1,YES,ADMIN_RBAC_OR_MFA,SERVER_RBAC_PERMISSION,PHASE1_SCHEMA_CONTRACT_REQUIRED,STANDARD_API_ENVELOPE_FINAL,200,ERROR_TAXONOMY_FINAL,NO,READ_CONSISTENCY,AUTH_MIDDLEWARE_RATE_LIMIT_POLICY,CURSOR_DEFAULT_20_MAX_100,PHASE2_DB_MAPPING_REQUIRED,AUDIT_OR_DOMAIN_EVENT_REQUIRED,services/api/src/routes/admin.routes.ts,apps/admin,PASS_CONTRACT_FROZEN_IMPLEMENTATION_VERIFICATION_LATER
GET,/admin/api/v1/users,ADMIN,ADMIN-PHASE1,YES,ADMIN_RBAC_OR_MFA,SERVER_RBAC_PERMISSION,PHASE1_SCHEMA_CONTRACT_REQUIRED,STANDARD_API_ENVELOPE_FINAL,200,ERROR_TAXONOMY_FINAL,NO,READ_CONSISTENCY,AUTH_MIDDLEWARE_RATE_LIMIT_POLICY,CURSOR_DEFAULT_20_MAX_100,PHASE2_DB_MAPPING_REQUIRED,AUDIT_OR_DOMAIN_EVENT_REQUIRED,services/api/src/routes/admin.routes.ts,apps/admin,PASS_CONTRACT_FROZEN_IMPLEMENTATION_VERIFICATION_LATER
GET,/admin/api/v1/users/{userId},ADMIN,ADMIN-PHASE1,YES,ADMIN_RBAC_OR_MFA,SERVER_RBAC_PERMISSION,PHASE1_SCHEMA_CONTRACT_REQUIRED,STANDARD_API_ENVELOPE_FINAL,200,ERROR_TAXONOMY_FINAL,NO,READ_CONSISTENCY,AUTH_MIDDLEWARE_RATE_LIMIT_POLICY,N/A,PHASE2_DB_MAPPING_REQUIRED,AUDIT_OR_DOMAIN_EVENT_REQUIRED,services/api/src/routes/admin.routes.ts,apps/admin,PASS_CONTRACT_FROZEN_IMPLEMENTATION_VERIFICATION_LATER
POST,/admin/api/v1/users/{userId}/suspend,ADMIN,ADMIN-PHASE1,YES,ADMIN_RBAC_OR_MFA,SERVER_RBAC_PERMISSION,PHASE1_SCHEMA_CONTRACT_REQUIRED,STANDARD_API_ENVELOPE_FINAL,201_OR_200,ERROR_TAXONOMY_FINAL,YES,TRANSACTION_OR_IDEMPOTENCY_OR_OPTIMISTIC_VERSION,AUTH_MIDDLEWARE_RATE_LIMIT_POLICY,N/A,PHASE2_DB_MAPPING_REQUIRED,AUDIT_OR_DOMAIN_EVENT_REQUIRED,services/api/src/routes/admin.routes.ts,apps/admin,PASS_CONTRACT_FROZEN_IMPLEMENTATION_VERIFICATION_LATER
POST,/admin/api/v1/users/{userId}/restore,ADMIN,ADMIN-PHASE1,YES,ADMIN_RBAC_OR_MFA,SERVER_RBAC_PERMISSION,PHASE1_SCHEMA_CONTRACT_REQUIRED,STANDARD_API_ENVELOPE_FINAL,201_OR_200,ERROR_TAXONOMY_FINAL,YES,TRANSACTION_OR_IDEMPOTENCY_OR_OPTIMISTIC_VERSION,AUTH_MIDDLEWARE_RATE_LIMIT_POLICY,N/A,PHASE2_DB_MAPPING_REQUIRED,AUDIT_OR_DOMAIN_EVENT_REQUIRED,services/api/src/routes/admin.routes.ts,apps/admin,PASS_CONTRACT_FROZEN_IMPLEMENTATION_VERIFICATION_LATER
POST,/admin/api/v1/users/{userId}/force-logout,ADMIN,ADMIN-PHASE1,YES,ADMIN_RBAC_OR_MFA,SERVER_RBAC_PERMISSION,PHASE1_SCHEMA_CONTRACT_REQUIRED,STANDARD_API_ENVELOPE_FINAL,201_OR_200,ERROR_TAXONOMY_FINAL,YES,TRANSACTION_OR_IDEMPOTENCY_OR_OPTIMISTIC_VERSION,AUTH_MIDDLEWARE_RATE_LIMIT_POLICY,N/A,PHASE2_DB_MAPPING_REQUIRED,AUDIT_OR_DOMAIN_EVENT_REQUIRED,services/api/src/routes/admin.routes.ts,apps/admin,PASS_CONTRACT_FROZEN_IMPLEMENTATION_VERIFICATION_LATER
GET,/admin/api/v1/users/{userId}/activity-summary,ADMIN,ADMIN-PHASE1,YES,ADMIN_RBAC_OR_MFA,SERVER_RBAC_PERMISSION,PHASE1_SCHEMA_CONTRACT_REQUIRED,STANDARD_API_ENVELOPE_FINAL,200,ERROR_TAXONOMY_FINAL,NO,READ_CONSISTENCY,AUTH_MIDDLEWARE_RATE_LIMIT_POLICY,N/A,PHASE2_DB_MAPPING_REQUIRED,AUDIT_OR_DOMAIN_EVENT_REQUIRED,services/api/src/routes/admin.routes.ts,apps/admin,PASS_CONTRACT_FROZEN_IMPLEMENTATION_VERIFICATION_LATER
GET,/admin/api/v1/community/posts,ADMIN,ADMIN-PHASE1,YES,ADMIN_RBAC_OR_MFA,SERVER_RBAC_PERMISSION,PHASE1_SCHEMA_CONTRACT_REQUIRED,STANDARD_API_ENVELOPE_FINAL,200,ERROR_TAXONOMY_FINAL,NO,READ_CONSISTENCY,AUTH_MIDDLEWARE_RATE_LIMIT_POLICY,CURSOR_DEFAULT_20_MAX_100,PHASE2_DB_MAPPING_REQUIRED,AUDIT_OR_DOMAIN_EVENT_REQUIRED,services/api/src/routes/admin.routes.ts,apps/admin,PASS_CONTRACT_FROZEN_IMPLEMENTATION_VERIFICATION_LATER
GET,/admin/api/v1/community/posts/{postId},ADMIN,ADMIN-PHASE1,YES,ADMIN_RBAC_OR_MFA,SERVER_RBAC_PERMISSION,PHASE1_SCHEMA_CONTRACT_REQUIRED,STANDARD_API_ENVELOPE_FINAL,200,ERROR_TAXONOMY_FINAL,NO,READ_CONSISTENCY,AUTH_MIDDLEWARE_RATE_LIMIT_POLICY,N/A,PHASE2_DB_MAPPING_REQUIRED,AUDIT_OR_DOMAIN_EVENT_REQUIRED,services/api/src/routes/admin.routes.ts,apps/admin,PASS_CONTRACT_FROZEN_IMPLEMENTATION_VERIFICATION_LATER
POST,/admin/api/v1/community/posts/{postId}/hide,ADMIN,ADMIN-PHASE1,YES,ADMIN_RBAC_OR_MFA,SERVER_RBAC_PERMISSION,PHASE1_SCHEMA_CONTRACT_REQUIRED,STANDARD_API_ENVELOPE_FINAL,201_OR_200,ERROR_TAXONOMY_FINAL,YES,TRANSACTION_OR_IDEMPOTENCY_OR_OPTIMISTIC_VERSION,AUTH_MIDDLEWARE_RATE_LIMIT_POLICY,N/A,PHASE2_DB_MAPPING_REQUIRED,AUDIT_OR_DOMAIN_EVENT_REQUIRED,services/api/src/routes/admin.routes.ts,apps/admin,PASS_CONTRACT_FROZEN_IMPLEMENTATION_VERIFICATION_LATER
POST,/admin/api/v1/community/posts/{postId}/restore,ADMIN,ADMIN-PHASE1,YES,ADMIN_RBAC_OR_MFA,SERVER_RBAC_PERMISSION,PHASE1_SCHEMA_CONTRACT_REQUIRED,STANDARD_API_ENVELOPE_FINAL,201_OR_200,ERROR_TAXONOMY_FINAL,YES,TRANSACTION_OR_IDEMPOTENCY_OR_OPTIMISTIC_VERSION,AUTH_MIDDLEWARE_RATE_LIMIT_POLICY,N/A,PHASE2_DB_MAPPING_REQUIRED,AUDIT_OR_DOMAIN_EVENT_REQUIRED,services/api/src/routes/admin.routes.ts,apps/admin,PASS_CONTRACT_FROZEN_IMPLEMENTATION_VERIFICATION_LATER
DELETE,/admin/api/v1/community/posts/{postId},ADMIN,ADMIN-PHASE1,YES,ADMIN_RBAC_OR_MFA,SERVER_RBAC_PERMISSION,PHASE1_SCHEMA_CONTRACT_REQUIRED,STANDARD_API_ENVELOPE_FINAL,200,ERROR_TAXONOMY_FINAL,YES,TRANSACTION_OR_IDEMPOTENCY_OR_OPTIMISTIC_VERSION,AUTH_MIDDLEWARE_RATE_LIMIT_POLICY,N/A,PHASE2_DB_MAPPING_REQUIRED,AUDIT_OR_DOMAIN_EVENT_REQUIRED,services/api/src/routes/admin.routes.ts,apps/admin,PASS_CONTRACT_FROZEN_IMPLEMENTATION_VERIFICATION_LATER
GET,/admin/api/v1/reports,ADMIN,ADMIN-PHASE1,YES,ADMIN_RBAC_OR_MFA,SERVER_RBAC_PERMISSION,PHASE1_SCHEMA_CONTRACT_REQUIRED,STANDARD_API_ENVELOPE_FINAL,200,ERROR_TAXONOMY_FINAL,NO,READ_CONSISTENCY,AUTH_MIDDLEWARE_RATE_LIMIT_POLICY,CURSOR_DEFAULT_20_MAX_100,PHASE2_DB_MAPPING_REQUIRED,AUDIT_OR_DOMAIN_EVENT_REQUIRED,services/api/src/routes/admin.routes.ts,apps/admin,PASS_CONTRACT_FROZEN_IMPLEMENTATION_VERIFICATION_LATER
POST,/admin/api/v1/reports/{reportId}/resolve,ADMIN,ADMIN-PHASE1,YES,ADMIN_RBAC_OR_MFA,SERVER_RBAC_PERMISSION,PHASE1_SCHEMA_CONTRACT_REQUIRED,STANDARD_API_ENVELOPE_FINAL,201_OR_200,ERROR_TAXONOMY_FINAL,YES,TRANSACTION_OR_IDEMPOTENCY_OR_OPTIMISTIC_VERSION,AUTH_MIDDLEWARE_RATE_LIMIT_POLICY,N/A,PHASE2_DB_MAPPING_REQUIRED,AUDIT_OR_DOMAIN_EVENT_REQUIRED,services/api/src/routes/admin.routes.ts,apps/admin,PASS_CONTRACT_FROZEN_IMPLEMENTATION_VERIFICATION_LATER
GET,/admin/api/v1/notices,ADMIN,ADMIN-PHASE1,YES,ADMIN_RBAC_OR_MFA,SERVER_RBAC_PERMISSION,PHASE1_SCHEMA_CONTRACT_REQUIRED,STANDARD_API_ENVELOPE_FINAL,200,ERROR_TAXONOMY_FINAL,NO,READ_CONSISTENCY,AUTH_MIDDLEWARE_RATE_LIMIT_POLICY,CURSOR_DEFAULT_20_MAX_100,PHASE2_DB_MAPPING_REQUIRED,AUDIT_OR_DOMAIN_EVENT_REQUIRED,services/api/src/routes/admin.routes.ts,apps/admin,PASS_CONTRACT_FROZEN_IMPLEMENTATION_VERIFICATION_LATER
POST,/admin/api/v1/notices,ADMIN,ADMIN-PHASE1,YES,ADMIN_RBAC_OR_MFA,SERVER_RBAC_PERMISSION,PHASE1_SCHEMA_CONTRACT_REQUIRED,STANDARD_API_ENVELOPE_FINAL,201_OR_200,ERROR_TAXONOMY_FINAL,YES,TRANSACTION_OR_IDEMPOTENCY_OR_OPTIMISTIC_VERSION,AUTH_MIDDLEWARE_RATE_LIMIT_POLICY,N/A,PHASE2_DB_MAPPING_REQUIRED,AUDIT_OR_DOMAIN_EVENT_REQUIRED,services/api/src/routes/admin.routes.ts,apps/admin,PASS_CONTRACT_FROZEN_IMPLEMENTATION_VERIFICATION_LATER
PATCH,/admin/api/v1/notices/{noticeId},ADMIN,ADMIN-PHASE1,YES,ADMIN_RBAC_OR_MFA,SERVER_RBAC_PERMISSION,PHASE1_SCHEMA_CONTRACT_REQUIRED,STANDARD_API_ENVELOPE_FINAL,200,ERROR_TAXONOMY_FINAL,YES,TRANSACTION_OR_IDEMPOTENCY_OR_OPTIMISTIC_VERSION,AUTH_MIDDLEWARE_RATE_LIMIT_POLICY,N/A,PHASE2_DB_MAPPING_REQUIRED,AUDIT_OR_DOMAIN_EVENT_REQUIRED,services/api/src/routes/admin.routes.ts,apps/admin,PASS_CONTRACT_FROZEN_IMPLEMENTATION_VERIFICATION_LATER
POST,/admin/api/v1/notices/{noticeId}/publish,ADMIN,ADMIN-PHASE1,YES,ADMIN_RBAC_OR_MFA,SERVER_RBAC_PERMISSION,PHASE1_SCHEMA_CONTRACT_REQUIRED,STANDARD_API_ENVELOPE_FINAL,201_OR_200,ERROR_TAXONOMY_FINAL,YES,TRANSACTION_OR_IDEMPOTENCY_OR_OPTIMISTIC_VERSION,AUTH_MIDDLEWARE_RATE_LIMIT_POLICY,N/A,PHASE2_DB_MAPPING_REQUIRED,AUDIT_OR_DOMAIN_EVENT_REQUIRED,services/api/src/routes/admin.routes.ts,apps/admin,PASS_CONTRACT_FROZEN_IMPLEMENTATION_VERIFICATION_LATER
POST,/admin/api/v1/notices/{noticeId}/unpublish,ADMIN,ADMIN-PHASE1,YES,ADMIN_RBAC_OR_MFA,SERVER_RBAC_PERMISSION,PHASE1_SCHEMA_CONTRACT_REQUIRED,STANDARD_API_ENVELOPE_FINAL,201_OR_200,ERROR_TAXONOMY_FINAL,YES,TRANSACTION_OR_IDEMPOTENCY_OR_OPTIMISTIC_VERSION,AUTH_MIDDLEWARE_RATE_LIMIT_POLICY,N/A,PHASE2_DB_MAPPING_REQUIRED,AUDIT_OR_DOMAIN_EVENT_REQUIRED,services/api/src/routes/admin.routes.ts,apps/admin,PASS_CONTRACT_FROZEN_IMPLEMENTATION_VERIFICATION_LATER
DELETE,/admin/api/v1/notices/{noticeId},ADMIN,ADMIN-PHASE1,YES,ADMIN_RBAC_OR_MFA,SERVER_RBAC_PERMISSION,PHASE1_SCHEMA_CONTRACT_REQUIRED,STANDARD_API_ENVELOPE_FINAL,200,ERROR_TAXONOMY_FINAL,YES,TRANSACTION_OR_IDEMPOTENCY_OR_OPTIMISTIC_VERSION,AUTH_MIDDLEWARE_RATE_LIMIT_POLICY,N/A,PHASE2_DB_MAPPING_REQUIRED,AUDIT_OR_DOMAIN_EVENT_REQUIRED,services/api/src/routes/admin.routes.ts,apps/admin,PASS_CONTRACT_FROZEN_IMPLEMENTATION_VERIFICATION_LATER
GET,/admin/api/v1/ads/campaigns,ADMIN,ADMIN-PHASE1,YES,ADMIN_RBAC_OR_MFA,SERVER_RBAC_PERMISSION,PHASE1_SCHEMA_CONTRACT_REQUIRED,STANDARD_API_ENVELOPE_FINAL,200,ERROR_TAXONOMY_FINAL,NO,READ_CONSISTENCY,AUTH_MIDDLEWARE_RATE_LIMIT_POLICY,CURSOR_DEFAULT_20_MAX_100,PHASE2_DB_MAPPING_REQUIRED,AUDIT_OR_DOMAIN_EVENT_REQUIRED,services/api/src/routes/admin.routes.ts,apps/admin,PASS_CONTRACT_FROZEN_IMPLEMENTATION_VERIFICATION_LATER
POST,/admin/api/v1/ads/campaigns,ADMIN,ADMIN-PHASE1,YES,ADMIN_RBAC_OR_MFA,SERVER_RBAC_PERMISSION,PHASE1_SCHEMA_CONTRACT_REQUIRED,STANDARD_API_ENVELOPE_FINAL,201_OR_200,ERROR_TAXONOMY_FINAL,YES,TRANSACTION_OR_IDEMPOTENCY_OR_OPTIMISTIC_VERSION,AUTH_MIDDLEWARE_RATE_LIMIT_POLICY,N/A,PHASE2_DB_MAPPING_REQUIRED,AUDIT_OR_DOMAIN_EVENT_REQUIRED,services/api/src/routes/admin.routes.ts,apps/admin,PASS_CONTRACT_FROZEN_IMPLEMENTATION_VERIFICATION_LATER
PATCH,/admin/api/v1/ads/campaigns/{campaignId},ADMIN,ADMIN-PHASE1,YES,ADMIN_RBAC_OR_MFA,SERVER_RBAC_PERMISSION,PHASE1_SCHEMA_CONTRACT_REQUIRED,STANDARD_API_ENVELOPE_FINAL,200,ERROR_TAXONOMY_FINAL,YES,TRANSACTION_OR_IDEMPOTENCY_OR_OPTIMISTIC_VERSION,AUTH_MIDDLEWARE_RATE_LIMIT_POLICY,N/A,PHASE2_DB_MAPPING_REQUIRED,AUDIT_OR_DOMAIN_EVENT_REQUIRED,services/api/src/routes/admin.routes.ts,apps/admin,PASS_CONTRACT_FROZEN_IMPLEMENTATION_VERIFICATION_LATER
POST,/admin/api/v1/ads/campaigns/{campaignId}/activate,ADMIN,ADMIN-PHASE1,YES,ADMIN_RBAC_OR_MFA,SERVER_RBAC_PERMISSION,PHASE1_SCHEMA_CONTRACT_REQUIRED,STANDARD_API_ENVELOPE_FINAL,201_OR_200,ERROR_TAXONOMY_FINAL,YES,TRANSACTION_OR_IDEMPOTENCY_OR_OPTIMISTIC_VERSION,AUTH_MIDDLEWARE_RATE_LIMIT_POLICY,N/A,PHASE2_DB_MAPPING_REQUIRED,AUDIT_OR_DOMAIN_EVENT_REQUIRED,services/api/src/routes/admin.routes.ts,apps/admin,PASS_CONTRACT_FROZEN_IMPLEMENTATION_VERIFICATION_LATER
POST,/admin/api/v1/ads/campaigns/{campaignId}/pause,ADMIN,ADMIN-PHASE1,YES,ADMIN_RBAC_OR_MFA,SERVER_RBAC_PERMISSION,PHASE1_SCHEMA_CONTRACT_REQUIRED,STANDARD_API_ENVELOPE_FINAL,201_OR_200,ERROR_TAXONOMY_FINAL,YES,TRANSACTION_OR_IDEMPOTENCY_OR_OPTIMISTIC_VERSION,AUTH_MIDDLEWARE_RATE_LIMIT_POLICY,N/A,PHASE2_DB_MAPPING_REQUIRED,AUDIT_OR_DOMAIN_EVENT_REQUIRED,services/api/src/routes/admin.routes.ts,apps/admin,PASS_CONTRACT_FROZEN_IMPLEMENTATION_VERIFICATION_LATER
GET,/admin/api/v1/ads/reports,ADMIN,ADMIN-PHASE1,YES,ADMIN_RBAC_OR_MFA,SERVER_RBAC_PERMISSION,PHASE1_SCHEMA_CONTRACT_REQUIRED,STANDARD_API_ENVELOPE_FINAL,200,ERROR_TAXONOMY_FINAL,NO,READ_CONSISTENCY,AUTH_MIDDLEWARE_RATE_LIMIT_POLICY,CURSOR_DEFAULT_20_MAX_100,PHASE2_DB_MAPPING_REQUIRED,AUDIT_OR_DOMAIN_EVENT_REQUIRED,services/api/src/routes/admin.routes.ts,apps/admin,PASS_CONTRACT_FROZEN_IMPLEMENTATION_VERIFICATION_LATER
GET,/admin/api/v1/growth/tasks,ADMIN,ADMIN-PHASE1,YES,ADMIN_RBAC_OR_MFA,SERVER_RBAC_PERMISSION,PHASE1_SCHEMA_CONTRACT_REQUIRED,STANDARD_API_ENVELOPE_FINAL,200,ERROR_TAXONOMY_FINAL,NO,READ_CONSISTENCY,AUTH_MIDDLEWARE_RATE_LIMIT_POLICY,CURSOR_DEFAULT_20_MAX_100,PHASE2_DB_MAPPING_REQUIRED,AUDIT_OR_DOMAIN_EVENT_REQUIRED,services/api/src/routes/admin.routes.ts,apps/admin,PASS_CONTRACT_FROZEN_IMPLEMENTATION_VERIFICATION_LATER
POST,/admin/api/v1/growth/tasks,ADMIN,ADMIN-PHASE1,YES,ADMIN_RBAC_OR_MFA,SERVER_RBAC_PERMISSION,PHASE1_SCHEMA_CONTRACT_REQUIRED,STANDARD_API_ENVELOPE_FINAL,201_OR_200,ERROR_TAXONOMY_FINAL,YES,TRANSACTION_OR_IDEMPOTENCY_OR_OPTIMISTIC_VERSION,AUTH_MIDDLEWARE_RATE_LIMIT_POLICY,N/A,PHASE2_DB_MAPPING_REQUIRED,AUDIT_OR_DOMAIN_EVENT_REQUIRED,services/api/src/routes/admin.routes.ts,apps/admin,PASS_CONTRACT_FROZEN_IMPLEMENTATION_VERIFICATION_LATER
PATCH,/admin/api/v1/growth/tasks/{taskId},ADMIN,ADMIN-PHASE1,YES,ADMIN_RBAC_OR_MFA,SERVER_RBAC_PERMISSION,PHASE1_SCHEMA_CONTRACT_REQUIRED,STANDARD_API_ENVELOPE_FINAL,200,ERROR_TAXONOMY_FINAL,YES,TRANSACTION_OR_IDEMPOTENCY_OR_OPTIMISTIC_VERSION,AUTH_MIDDLEWARE_RATE_LIMIT_POLICY,N/A,PHASE2_DB_MAPPING_REQUIRED,AUDIT_OR_DOMAIN_EVENT_REQUIRED,services/api/src/routes/admin.routes.ts,apps/admin,PASS_CONTRACT_FROZEN_IMPLEMENTATION_VERIFICATION_LATER
GET,/admin/api/v1/growth/contents,ADMIN,ADMIN-PHASE1,YES,ADMIN_RBAC_OR_MFA,SERVER_RBAC_PERMISSION,PHASE1_SCHEMA_CONTRACT_REQUIRED,STANDARD_API_ENVELOPE_FINAL,200,ERROR_TAXONOMY_FINAL,NO,READ_CONSISTENCY,AUTH_MIDDLEWARE_RATE_LIMIT_POLICY,CURSOR_DEFAULT_20_MAX_100,PHASE2_DB_MAPPING_REQUIRED,AUDIT_OR_DOMAIN_EVENT_REQUIRED,services/api/src/routes/admin.routes.ts,apps/admin,PASS_CONTRACT_FROZEN_IMPLEMENTATION_VERIFICATION_LATER
POST,/admin/api/v1/growth/contents,ADMIN,ADMIN-PHASE1,YES,ADMIN_RBAC_OR_MFA,SERVER_RBAC_PERMISSION,PHASE1_SCHEMA_CONTRACT_REQUIRED,STANDARD_API_ENVELOPE_FINAL,201_OR_200,ERROR_TAXONOMY_FINAL,YES,TRANSACTION_OR_IDEMPOTENCY_OR_OPTIMISTIC_VERSION,AUTH_MIDDLEWARE_RATE_LIMIT_POLICY,N/A,PHASE2_DB_MAPPING_REQUIRED,AUDIT_OR_DOMAIN_EVENT_REQUIRED,services/api/src/routes/admin.routes.ts,apps/admin,PASS_CONTRACT_FROZEN_IMPLEMENTATION_VERIFICATION_LATER
PATCH,/admin/api/v1/growth/contents/{contentId},ADMIN,ADMIN-PHASE1,YES,ADMIN_RBAC_OR_MFA,SERVER_RBAC_PERMISSION,PHASE1_SCHEMA_CONTRACT_REQUIRED,STANDARD_API_ENVELOPE_FINAL,200,ERROR_TAXONOMY_FINAL,YES,TRANSACTION_OR_IDEMPOTENCY_OR_OPTIMISTIC_VERSION,AUTH_MIDDLEWARE_RATE_LIMIT_POLICY,N/A,PHASE2_DB_MAPPING_REQUIRED,AUDIT_OR_DOMAIN_EVENT_REQUIRED,services/api/src/routes/admin.routes.ts,apps/admin,PASS_CONTRACT_FROZEN_IMPLEMENTATION_VERIFICATION_LATER
POST,/admin/api/v1/growth/contents/{contentId}/review,ADMIN,ADMIN-PHASE1,YES,ADMIN_RBAC_OR_MFA,SERVER_RBAC_PERMISSION,PHASE1_SCHEMA_CONTRACT_REQUIRED,STANDARD_API_ENVELOPE_FINAL,201_OR_200,ERROR_TAXONOMY_FINAL,YES,TRANSACTION_OR_IDEMPOTENCY_OR_OPTIMISTIC_VERSION,AUTH_MIDDLEWARE_RATE_LIMIT_POLICY,N/A,PHASE2_DB_MAPPING_REQUIRED,AUDIT_OR_DOMAIN_EVENT_REQUIRED,services/api/src/routes/admin.routes.ts,apps/admin,PASS_CONTRACT_FROZEN_IMPLEMENTATION_VERIFICATION_LATER
POST,/admin/api/v1/growth/contents/{contentId}/publish,ADMIN,ADMIN-PHASE1,YES,ADMIN_RBAC_OR_MFA,SERVER_RBAC_PERMISSION,PHASE1_SCHEMA_CONTRACT_REQUIRED,STANDARD_API_ENVELOPE_FINAL,201_OR_200,ERROR_TAXONOMY_FINAL,YES,TRANSACTION_OR_IDEMPOTENCY_OR_OPTIMISTIC_VERSION,AUTH_MIDDLEWARE_RATE_LIMIT_POLICY,N/A,PHASE2_DB_MAPPING_REQUIRED,AUDIT_OR_DOMAIN_EVENT_REQUIRED,services/api/src/routes/admin.routes.ts,apps/admin,PASS_CONTRACT_FROZEN_IMPLEMENTATION_VERIFICATION_LATER
POST,/admin/api/v1/growth/contents/{contentId}/archive,ADMIN,ADMIN-PHASE1,YES,ADMIN_RBAC_OR_MFA,SERVER_RBAC_PERMISSION,PHASE1_SCHEMA_CONTRACT_REQUIRED,STANDARD_API_ENVELOPE_FINAL,201_OR_200,ERROR_TAXONOMY_FINAL,YES,TRANSACTION_OR_IDEMPOTENCY_OR_OPTIMISTIC_VERSION,AUTH_MIDDLEWARE_RATE_LIMIT_POLICY,N/A,PHASE2_DB_MAPPING_REQUIRED,AUDIT_OR_DOMAIN_EVENT_REQUIRED,services/api/src/routes/admin.routes.ts,apps/admin,PASS_CONTRACT_FROZEN_IMPLEMENTATION_VERIFICATION_LATER
GET,/admin/api/v1/audit-logs,ADMIN,ADMIN-PHASE1,YES,ADMIN_RBAC_OR_MFA,SERVER_RBAC_PERMISSION,PHASE1_SCHEMA_CONTRACT_REQUIRED,STANDARD_API_ENVELOPE_FINAL,200,ERROR_TAXONOMY_FINAL,NO,READ_CONSISTENCY,AUTH_MIDDLEWARE_RATE_LIMIT_POLICY,CURSOR_DEFAULT_20_MAX_100,PHASE2_DB_MAPPING_REQUIRED,AUDIT_OR_DOMAIN_EVENT_REQUIRED,services/api/src/routes/admin.routes.ts,apps/admin,PASS_CONTRACT_FROZEN_IMPLEMENTATION_VERIFICATION_LATER
GET,/admin/api/v1/admin-role-members,ADMIN,ADMIN-PHASE1,YES,ADMIN_RBAC_OR_MFA,SERVER_RBAC_PERMISSION,PHASE1_SCHEMA_CONTRACT_REQUIRED,STANDARD_API_ENVELOPE_FINAL,200,ERROR_TAXONOMY_FINAL,NO,READ_CONSISTENCY,AUTH_MIDDLEWARE_RATE_LIMIT_POLICY,CURSOR_DEFAULT_20_MAX_100,PHASE2_DB_MAPPING_REQUIRED,AUDIT_OR_DOMAIN_EVENT_REQUIRED,services/api/src/routes/admin.routes.ts,apps/admin,PASS_CONTRACT_FROZEN_IMPLEMENTATION_VERIFICATION_LATER
PATCH,/admin/api/v1/admin-role-members/{adminId},ADMIN,ADMIN-PHASE1,YES,ADMIN_RBAC_OR_MFA,SERVER_RBAC_PERMISSION,PHASE1_SCHEMA_CONTRACT_REQUIRED,STANDARD_API_ENVELOPE_FINAL,200,ERROR_TAXONOMY_FINAL,YES,TRANSACTION_OR_IDEMPOTENCY_OR_OPTIMISTIC_VERSION,AUTH_MIDDLEWARE_RATE_LIMIT_POLICY,N/A,PHASE2_DB_MAPPING_REQUIRED,AUDIT_OR_DOMAIN_EVENT_REQUIRED,services/api/src/routes/admin.routes.ts,apps/admin,PASS_CONTRACT_FROZEN_IMPLEMENTATION_VERIFICATION_LATER
POST,/api/v1/auth/register,AUTH,AUTH-PHASE1,YES,PUBLIC_OR_SYSTEM,PUBLIC_OR_SYSTEM_POLICY,PHASE1_SCHEMA_CONTRACT_REQUIRED,STANDARD_API_ENVELOPE_FINAL,201_OR_200,ERROR_TAXONOMY_FINAL,YES,TRANSACTION_OR_IDEMPOTENCY_OR_OPTIMISTIC_VERSION,AUTH_MIDDLEWARE_RATE_LIMIT_POLICY,N/A,PHASE2_DB_MAPPING_REQUIRED,AUDIT_OR_DOMAIN_EVENT_REQUIRED,services/api/src/routes/auth.routes.ts,apps/mobile,PASS_CONTRACT_FROZEN_IMPLEMENTATION_VERIFICATION_LATER
POST,/api/v1/auth/login,AUTH,AUTH-PHASE1,YES,PUBLIC_OR_SYSTEM,PUBLIC_OR_SYSTEM_POLICY,PHASE1_SCHEMA_CONTRACT_REQUIRED,STANDARD_API_ENVELOPE_FINAL,201_OR_200,ERROR_TAXONOMY_FINAL,NO,TRANSACTION_OR_IDEMPOTENCY_OR_OPTIMISTIC_VERSION,AUTH_MIDDLEWARE_RATE_LIMIT_POLICY,N/A,PHASE2_DB_MAPPING_REQUIRED,AUDIT_OR_DOMAIN_EVENT_REQUIRED,services/api/src/routes/auth.routes.ts,apps/mobile,PASS_CONTRACT_FROZEN_IMPLEMENTATION_VERIFICATION_LATER
POST,/api/v1/auth/social-login,AUTH,AUTH-PHASE1,YES,PUBLIC_OR_SYSTEM,PUBLIC_OR_SYSTEM_POLICY,PHASE1_SCHEMA_CONTRACT_REQUIRED,STANDARD_API_ENVELOPE_FINAL,201_OR_200,ERROR_TAXONOMY_FINAL,NO,TRANSACTION_OR_IDEMPOTENCY_OR_OPTIMISTIC_VERSION,AUTH_MIDDLEWARE_RATE_LIMIT_POLICY,N/A,PHASE2_DB_MAPPING_REQUIRED,AUDIT_OR_DOMAIN_EVENT_REQUIRED,services/api/src/routes/auth.routes.ts,apps/mobile,PASS_CONTRACT_FROZEN_IMPLEMENTATION_VERIFICATION_LATER
GET,/api/v1/auth/oauth,AUTH,AUTH-PHASE1,YES,PUBLIC_OR_SYSTEM,PUBLIC_OR_SYSTEM_POLICY,PHASE1_SCHEMA_CONTRACT_REQUIRED,STANDARD_API_ENVELOPE_FINAL,200,ERROR_TAXONOMY_FINAL,NO,READ_CONSISTENCY,AUTH_MIDDLEWARE_RATE_LIMIT_POLICY,CURSOR_DEFAULT_20_MAX_100,PHASE2_DB_MAPPING_REQUIRED,REQUEST_TRACE_ONLY,services/api/src/routes/auth.routes.ts,apps/mobile,PASS_CONTRACT_FROZEN_IMPLEMENTATION_VERIFICATION_LATER
GET,/api/v1/auth/oauth/callback,AUTH,AUTH-PHASE1,YES,PUBLIC_OR_SYSTEM,PUBLIC_OR_SYSTEM_POLICY,PHASE1_SCHEMA_CONTRACT_REQUIRED,STANDARD_API_ENVELOPE_FINAL,200,ERROR_TAXONOMY_FINAL,NO,READ_CONSISTENCY,AUTH_MIDDLEWARE_RATE_LIMIT_POLICY,CURSOR_DEFAULT_20_MAX_100,PHASE2_DB_MAPPING_REQUIRED,REQUEST_TRACE_ONLY,services/api/src/routes/auth.routes.ts,apps/mobile,PASS_CONTRACT_FROZEN_IMPLEMENTATION_VERIFICATION_LATER
POST,/api/v1/auth/oauth/callback,AUTH,AUTH-PHASE1,YES,PUBLIC_OR_SYSTEM,PUBLIC_OR_SYSTEM_POLICY,PHASE1_SCHEMA_CONTRACT_REQUIRED,STANDARD_API_ENVELOPE_FINAL,201_OR_200,ERROR_TAXONOMY_FINAL,NO,TRANSACTION_OR_IDEMPOTENCY_OR_OPTIMISTIC_VERSION,AUTH_MIDDLEWARE_RATE_LIMIT_POLICY,N/A,PHASE2_DB_MAPPING_REQUIRED,AUDIT_OR_DOMAIN_EVENT_REQUIRED,services/api/src/routes/auth.routes.ts,apps/mobile,PASS_CONTRACT_FROZEN_IMPLEMENTATION_VERIFICATION_LATER
POST,/api/v1/auth/refresh,AUTH,AUTH-PHASE1,YES,PUBLIC_OR_SYSTEM,PUBLIC_OR_SYSTEM_POLICY,PHASE1_SCHEMA_CONTRACT_REQUIRED,STANDARD_API_ENVELOPE_FINAL,201_OR_200,ERROR_TAXONOMY_FINAL,NO,TRANSACTION_OR_IDEMPOTENCY_OR_OPTIMISTIC_VERSION,AUTH_MIDDLEWARE_RATE_LIMIT_POLICY,N/A,PHASE2_DB_MAPPING_REQUIRED,AUDIT_OR_DOMAIN_EVENT_REQUIRED,services/api/src/routes/auth.routes.ts,apps/mobile,PASS_CONTRACT_FROZEN_IMPLEMENTATION_VERIFICATION_LATER
POST,/api/v1/auth/logout,AUTH,AUTH-PHASE1,YES,PUBLIC_OR_SYSTEM,PUBLIC_OR_SYSTEM_POLICY,PHASE1_SCHEMA_CONTRACT_REQUIRED,STANDARD_API_ENVELOPE_FINAL,201_OR_200,ERROR_TAXONOMY_FINAL,NO,TRANSACTION_OR_IDEMPOTENCY_OR_OPTIMISTIC_VERSION,AUTH_MIDDLEWARE_RATE_LIMIT_POLICY,N/A,PHASE2_DB_MAPPING_REQUIRED,AUDIT_OR_DOMAIN_EVENT_REQUIRED,services/api/src/routes/auth.routes.ts,apps/mobile,PASS_CONTRACT_FROZEN_IMPLEMENTATION_VERIFICATION_LATER
POST,/api/v1/auth/logout-all,AUTH,AUTH-PHASE1,YES,PUBLIC_OR_SYSTEM,PUBLIC_OR_SYSTEM_POLICY,PHASE1_SCHEMA_CONTRACT_REQUIRED,STANDARD_API_ENVELOPE_FINAL,201_OR_200,ERROR_TAXONOMY_FINAL,NO,TRANSACTION_OR_IDEMPOTENCY_OR_OPTIMISTIC_VERSION,AUTH_MIDDLEWARE_RATE_LIMIT_POLICY,N/A,PHASE2_DB_MAPPING_REQUIRED,AUDIT_OR_DOMAIN_EVENT_REQUIRED,services/api/src/routes/auth.routes.ts,apps/mobile,PASS_CONTRACT_FROZEN_IMPLEMENTATION_VERIFICATION_LATER
GET,/api/v1/auth/me,AUTH,AUTH-PHASE1,YES,PUBLIC_OR_SYSTEM,PUBLIC_OR_SYSTEM_POLICY,PHASE1_SCHEMA_CONTRACT_REQUIRED,STANDARD_API_ENVELOPE_FINAL,200,ERROR_TAXONOMY_FINAL,NO,READ_CONSISTENCY,AUTH_MIDDLEWARE_RATE_LIMIT_POLICY,N/A,PHASE2_DB_MAPPING_REQUIRED,REQUEST_TRACE_ONLY,services/api/src/routes/auth.routes.ts,apps/mobile,PASS_CONTRACT_FROZEN_IMPLEMENTATION_VERIFICATION_LATER
POST,/api/v1/auth/password-reset,AUTH,AUTH-PHASE1,YES,PUBLIC_OR_SYSTEM,PUBLIC_OR_SYSTEM_POLICY,PHASE1_SCHEMA_CONTRACT_REQUIRED,STANDARD_API_ENVELOPE_FINAL,201_OR_200,ERROR_TAXONOMY_FINAL,NO,TRANSACTION_OR_IDEMPOTENCY_OR_OPTIMISTIC_VERSION,AUTH_MIDDLEWARE_RATE_LIMIT_POLICY,N/A,PHASE2_DB_MAPPING_REQUIRED,AUDIT_OR_DOMAIN_EVENT_REQUIRED,services/api/src/routes/auth.routes.ts,apps/mobile,PASS_CONTRACT_FROZEN_IMPLEMENTATION_VERIFICATION_LATER
POST,/api/v1/auth/password-reset/confirm,AUTH,AUTH-PHASE1,YES,PUBLIC_OR_SYSTEM,PUBLIC_OR_SYSTEM_POLICY,PHASE1_SCHEMA_CONTRACT_REQUIRED,STANDARD_API_ENVELOPE_FINAL,201_OR_200,ERROR_TAXONOMY_FINAL,NO,TRANSACTION_OR_IDEMPOTENCY_OR_OPTIMISTIC_VERSION,AUTH_MIDDLEWARE_RATE_LIMIT_POLICY,N/A,PHASE2_DB_MAPPING_REQUIRED,AUDIT_OR_DOMAIN_EVENT_REQUIRED,services/api/src/routes/auth.routes.ts,apps/mobile,PASS_CONTRACT_FROZEN_IMPLEMENTATION_VERIFICATION_LATER
POST,/api/v1/auth/verify-email,AUTH,AUTH-PHASE1,YES,PUBLIC_OR_SYSTEM,PUBLIC_OR_SYSTEM_POLICY,PHASE1_SCHEMA_CONTRACT_REQUIRED,STANDARD_API_ENVELOPE_FINAL,201_OR_200,ERROR_TAXONOMY_FINAL,NO,TRANSACTION_OR_IDEMPOTENCY_OR_OPTIMISTIC_VERSION,AUTH_MIDDLEWARE_RATE_LIMIT_POLICY,N/A,PHASE2_DB_MAPPING_REQUIRED,AUDIT_OR_DOMAIN_EVENT_REQUIRED,services/api/src/routes/auth.routes.ts,apps/mobile,PASS_CONTRACT_FROZEN_IMPLEMENTATION_VERIFICATION_LATER
POST,/api/v1/auth/verify-email/resend,AUTH,AUTH-PHASE1,YES,PUBLIC_OR_SYSTEM,PUBLIC_OR_SYSTEM_POLICY,PHASE1_SCHEMA_CONTRACT_REQUIRED,STANDARD_API_ENVELOPE_FINAL,201_OR_200,ERROR_TAXONOMY_FINAL,NO,TRANSACTION_OR_IDEMPOTENCY_OR_OPTIMISTIC_VERSION,AUTH_MIDDLEWARE_RATE_LIMIT_POLICY,N/A,PHASE2_DB_MAPPING_REQUIRED,AUDIT_OR_DOMAIN_EVENT_REQUIRED,services/api/src/routes/auth.routes.ts,apps/mobile,PASS_CONTRACT_FROZEN_IMPLEMENTATION_VERIFICATION_LATER
POST,/admin/auth/login,AUTH,AUTH-PHASE1,YES,ADMIN_RBAC_OR_MFA,SERVER_RBAC_PERMISSION,PHASE1_SCHEMA_CONTRACT_REQUIRED,STANDARD_API_ENVELOPE_FINAL,201_OR_200,ERROR_TAXONOMY_FINAL,YES,TRANSACTION_OR_IDEMPOTENCY_OR_OPTIMISTIC_VERSION,AUTH_MIDDLEWARE_RATE_LIMIT_POLICY,N/A,PHASE2_DB_MAPPING_REQUIRED,AUDIT_OR_DOMAIN_EVENT_REQUIRED,services/api/src/routes/auth.routes.ts,apps/admin,PASS_CONTRACT_FROZEN_IMPLEMENTATION_VERIFICATION_LATER
POST,/admin/auth/mfa/verify,AUTH,AUTH-PHASE1,YES,ADMIN_RBAC_OR_MFA,SERVER_RBAC_PERMISSION,PHASE1_SCHEMA_CONTRACT_REQUIRED,STANDARD_API_ENVELOPE_FINAL,201_OR_200,ERROR_TAXONOMY_FINAL,YES,TRANSACTION_OR_IDEMPOTENCY_OR_OPTIMISTIC_VERSION,AUTH_MIDDLEWARE_RATE_LIMIT_POLICY,N/A,PHASE2_DB_MAPPING_REQUIRED,AUDIT_OR_DOMAIN_EVENT_REQUIRED,services/api/src/routes/auth.routes.ts,apps/admin,PASS_CONTRACT_FROZEN_IMPLEMENTATION_VERIFICATION_LATER
GET,/api/v1/community/boards,COM,COM-PHASE1,YES,PUBLIC_OR_SYSTEM,PUBLIC_OR_SYSTEM_POLICY,PHASE1_SCHEMA_CONTRACT_REQUIRED,STANDARD_API_ENVELOPE_FINAL,200,ERROR_TAXONOMY_FINAL,NO,READ_CONSISTENCY,AUTH_MIDDLEWARE_RATE_LIMIT_POLICY,CURSOR_DEFAULT_20_MAX_100,PHASE2_DB_MAPPING_REQUIRED,REQUEST_TRACE_ONLY,services/api/src/routes/community.routes.ts,apps/mobile,PASS_CONTRACT_FROZEN_IMPLEMENTATION_VERIFICATION_LATER
GET,/api/v1/community/posts,COM,COM-PHASE1,YES,PUBLIC_OR_SYSTEM,PUBLIC_OR_SYSTEM_POLICY,PHASE1_SCHEMA_CONTRACT_REQUIRED,STANDARD_API_ENVELOPE_FINAL,200,ERROR_TAXONOMY_FINAL,NO,READ_CONSISTENCY,AUTH_MIDDLEWARE_RATE_LIMIT_POLICY,CURSOR_DEFAULT_20_MAX_100,PHASE2_DB_MAPPING_REQUIRED,REQUEST_TRACE_ONLY,services/api/src/routes/community.routes.ts,apps/mobile,PASS_CONTRACT_FROZEN_IMPLEMENTATION_VERIFICATION_LATER
POST,/api/v1/community/posts,COM,COM-PHASE1,YES,PUBLIC_OR_SYSTEM,PUBLIC_OR_SYSTEM_POLICY,PHASE1_SCHEMA_CONTRACT_REQUIRED,STANDARD_API_ENVELOPE_FINAL,201_OR_200,ERROR_TAXONOMY_FINAL,NO,TRANSACTION_OR_IDEMPOTENCY_OR_OPTIMISTIC_VERSION,AUTH_MIDDLEWARE_RATE_LIMIT_POLICY,N/A,PHASE2_DB_MAPPING_REQUIRED,AUDIT_OR_DOMAIN_EVENT_REQUIRED,services/api/src/routes/community.routes.ts,apps/mobile,PASS_CONTRACT_FROZEN_IMPLEMENTATION_VERIFICATION_LATER
GET,/api/v1/community/posts/{postId},COM,COM-PHASE1,YES,PUBLIC_OR_SYSTEM,PUBLIC_OR_SYSTEM_POLICY,PHASE1_SCHEMA_CONTRACT_REQUIRED,STANDARD_API_ENVELOPE_FINAL,200,ERROR_TAXONOMY_FINAL,NO,READ_CONSISTENCY,AUTH_MIDDLEWARE_RATE_LIMIT_POLICY,N/A,PHASE2_DB_MAPPING_REQUIRED,REQUEST_TRACE_ONLY,services/api/src/routes/community.routes.ts,apps/mobile,PASS_CONTRACT_FROZEN_IMPLEMENTATION_VERIFICATION_LATER
PATCH,/api/v1/community/posts/{postId},COM,COM-PHASE1,YES,PUBLIC_OR_SYSTEM,PUBLIC_OR_SYSTEM_POLICY,PHASE1_SCHEMA_CONTRACT_REQUIRED,STANDARD_API_ENVELOPE_FINAL,200,ERROR_TAXONOMY_FINAL,NO,TRANSACTION_OR_IDEMPOTENCY_OR_OPTIMISTIC_VERSION,AUTH_MIDDLEWARE_RATE_LIMIT_POLICY,N/A,PHASE2_DB_MAPPING_REQUIRED,AUDIT_OR_DOMAIN_EVENT_REQUIRED,services/api/src/routes/community.routes.ts,apps/mobile,PASS_CONTRACT_FROZEN_IMPLEMENTATION_VERIFICATION_LATER
DELETE,/api/v1/community/posts/{postId},COM,COM-PHASE1,YES,PUBLIC_OR_SYSTEM,PUBLIC_OR_SYSTEM_POLICY,PHASE1_SCHEMA_CONTRACT_REQUIRED,STANDARD_API_ENVELOPE_FINAL,200,ERROR_TAXONOMY_FINAL,NO,TRANSACTION_OR_IDEMPOTENCY_OR_OPTIMISTIC_VERSION,AUTH_MIDDLEWARE_RATE_LIMIT_POLICY,N/A,PHASE2_DB_MAPPING_REQUIRED,AUDIT_OR_DOMAIN_EVENT_REQUIRED,services/api/src/routes/community.routes.ts,apps/mobile,PASS_CONTRACT_FROZEN_IMPLEMENTATION_VERIFICATION_LATER
POST,/api/v1/community/posts/{postId}/like,COM,COM-PHASE1,YES,PUBLIC_OR_SYSTEM,PUBLIC_OR_SYSTEM_POLICY,PHASE1_SCHEMA_CONTRACT_REQUIRED,STANDARD_API_ENVELOPE_FINAL,201_OR_200,ERROR_TAXONOMY_FINAL,YES,TRANSACTION_OR_IDEMPOTENCY_OR_OPTIMISTIC_VERSION,AUTH_MIDDLEWARE_RATE_LIMIT_POLICY,N/A,PHASE2_DB_MAPPING_REQUIRED,AUDIT_OR_DOMAIN_EVENT_REQUIRED,services/api/src/routes/community.routes.ts,apps/mobile,PASS_CONTRACT_FROZEN_IMPLEMENTATION_VERIFICATION_LATER
DELETE,/api/v1/community/posts/{postId}/like,COM,COM-PHASE1,YES,PUBLIC_OR_SYSTEM,PUBLIC_OR_SYSTEM_POLICY,PHASE1_SCHEMA_CONTRACT_REQUIRED,STANDARD_API_ENVELOPE_FINAL,200,ERROR_TAXONOMY_FINAL,YES,TRANSACTION_OR_IDEMPOTENCY_OR_OPTIMISTIC_VERSION,AUTH_MIDDLEWARE_RATE_LIMIT_POLICY,N/A,PHASE2_DB_MAPPING_REQUIRED,AUDIT_OR_DOMAIN_EVENT_REQUIRED,services/api/src/routes/community.routes.ts,apps/mobile,PASS_CONTRACT_FROZEN_IMPLEMENTATION_VERIFICATION_LATER
POST,/api/v1/community/comments/{commentId}/like,COM,COM-PHASE1,YES,PUBLIC_OR_SYSTEM,PUBLIC_OR_SYSTEM_POLICY,PHASE1_SCHEMA_CONTRACT_REQUIRED,STANDARD_API_ENVELOPE_FINAL,201_OR_200,ERROR_TAXONOMY_FINAL,YES,TRANSACTION_OR_IDEMPOTENCY_OR_OPTIMISTIC_VERSION,AUTH_MIDDLEWARE_RATE_LIMIT_POLICY,N/A,PHASE2_DB_MAPPING_REQUIRED,AUDIT_OR_DOMAIN_EVENT_REQUIRED,services/api/src/routes/community.routes.ts,apps/mobile,PASS_CONTRACT_FROZEN_IMPLEMENTATION_VERIFICATION_LATER
DELETE,/api/v1/community/comments/{commentId}/like,COM,COM-PHASE1,YES,PUBLIC_OR_SYSTEM,PUBLIC_OR_SYSTEM_POLICY,PHASE1_SCHEMA_CONTRACT_REQUIRED,STANDARD_API_ENVELOPE_FINAL,200,ERROR_TAXONOMY_FINAL,YES,TRANSACTION_OR_IDEMPOTENCY_OR_OPTIMISTIC_VERSION,AUTH_MIDDLEWARE_RATE_LIMIT_POLICY,N/A,PHASE2_DB_MAPPING_REQUIRED,AUDIT_OR_DOMAIN_EVENT_REQUIRED,services/api/src/routes/community.routes.ts,apps/mobile,PASS_CONTRACT_FROZEN_IMPLEMENTATION_VERIFICATION_LATER
POST,/api/v1/community/bookmarks,COM,COM-PHASE1,YES,PUBLIC_OR_SYSTEM,PUBLIC_OR_SYSTEM_POLICY,PHASE1_SCHEMA_CONTRACT_REQUIRED,STANDARD_API_ENVELOPE_FINAL,201_OR_200,ERROR_TAXONOMY_FINAL,NO,TRANSACTION_OR_IDEMPOTENCY_OR_OPTIMISTIC_VERSION,AUTH_MIDDLEWARE_RATE_LIMIT_POLICY,N/A,PHASE2_DB_MAPPING_REQUIRED,AUDIT_OR_DOMAIN_EVENT_REQUIRED,services/api/src/routes/community.routes.ts,apps/mobile,PASS_CONTRACT_FROZEN_IMPLEMENTATION_VERIFICATION_LATER
POST,/api/v1/community/shares,COM,COM-PHASE1,YES,PUBLIC_OR_SYSTEM,PUBLIC_OR_SYSTEM_POLICY,PHASE1_SCHEMA_CONTRACT_REQUIRED,STANDARD_API_ENVELOPE_FINAL,201_OR_200,ERROR_TAXONOMY_FINAL,NO,TRANSACTION_OR_IDEMPOTENCY_OR_OPTIMISTIC_VERSION,AUTH_MIDDLEWARE_RATE_LIMIT_POLICY,N/A,PHASE2_DB_MAPPING_REQUIRED,AUDIT_OR_DOMAIN_EVENT_REQUIRED,services/api/src/routes/community.routes.ts,apps/mobile,PASS_CONTRACT_FROZEN_IMPLEMENTATION_VERIFICATION_LATER
GET,/api/v1/community/posts/{postId}/comments,COM,COM-PHASE1,YES,PUBLIC_OR_SYSTEM,PUBLIC_OR_SYSTEM_POLICY,PHASE1_SCHEMA_CONTRACT_REQUIRED,STANDARD_API_ENVELOPE_FINAL,200,ERROR_TAXONOMY_FINAL,NO,READ_CONSISTENCY,AUTH_MIDDLEWARE_RATE_LIMIT_POLICY,N/A,PHASE2_DB_MAPPING_REQUIRED,REQUEST_TRACE_ONLY,services/api/src/routes/community.routes.ts,apps/mobile,PASS_CONTRACT_FROZEN_IMPLEMENTATION_VERIFICATION_LATER
POST,/api/v1/community/posts/{postId}/comments,COM,COM-PHASE1,YES,PUBLIC_OR_SYSTEM,PUBLIC_OR_SYSTEM_POLICY,PHASE1_SCHEMA_CONTRACT_REQUIRED,STANDARD_API_ENVELOPE_FINAL,201_OR_200,ERROR_TAXONOMY_FINAL,NO,TRANSACTION_OR_IDEMPOTENCY_OR_OPTIMISTIC_VERSION,AUTH_MIDDLEWARE_RATE_LIMIT_POLICY,N/A,PHASE2_DB_MAPPING_REQUIRED,AUDIT_OR_DOMAIN_EVENT_REQUIRED,services/api/src/routes/community.routes.ts,apps/mobile,PASS_CONTRACT_FROZEN_IMPLEMENTATION_VERIFICATION_LATER
PATCH,/api/v1/community/comments/{commentId},COM,COM-PHASE1,YES,PUBLIC_OR_SYSTEM,PUBLIC_OR_SYSTEM_POLICY,PHASE1_SCHEMA_CONTRACT_REQUIRED,STANDARD_API_ENVELOPE_FINAL,200,ERROR_TAXONOMY_FINAL,NO,TRANSACTION_OR_IDEMPOTENCY_OR_OPTIMISTIC_VERSION,AUTH_MIDDLEWARE_RATE_LIMIT_POLICY,N/A,PHASE2_DB_MAPPING_REQUIRED,AUDIT_OR_DOMAIN_EVENT_REQUIRED,services/api/src/routes/community.routes.ts,apps/mobile,PASS_CONTRACT_FROZEN_IMPLEMENTATION_VERIFICATION_LATER
DELETE,/api/v1/community/comments/{commentId},COM,COM-PHASE1,YES,PUBLIC_OR_SYSTEM,PUBLIC_OR_SYSTEM_POLICY,PHASE1_SCHEMA_CONTRACT_REQUIRED,STANDARD_API_ENVELOPE_FINAL,200,ERROR_TAXONOMY_FINAL,NO,TRANSACTION_OR_IDEMPOTENCY_OR_OPTIMISTIC_VERSION,AUTH_MIDDLEWARE_RATE_LIMIT_POLICY,N/A,PHASE2_DB_MAPPING_REQUIRED,AUDIT_OR_DOMAIN_EVENT_REQUIRED,services/api/src/routes/community.routes.ts,apps/mobile,PASS_CONTRACT_FROZEN_IMPLEMENTATION_VERIFICATION_LATER
POST,/api/v1/community/posts/{postId}/report,COM,COM-PHASE1,YES,PUBLIC_OR_SYSTEM,PUBLIC_OR_SYSTEM_POLICY,PHASE1_SCHEMA_CONTRACT_REQUIRED,STANDARD_API_ENVELOPE_FINAL,201_OR_200,ERROR_TAXONOMY_FINAL,YES,TRANSACTION_OR_IDEMPOTENCY_OR_OPTIMISTIC_VERSION,AUTH_MIDDLEWARE_RATE_LIMIT_POLICY,N/A,PHASE2_DB_MAPPING_REQUIRED,AUDIT_OR_DOMAIN_EVENT_REQUIRED,services/api/src/routes/community.routes.ts,apps/mobile,PASS_CONTRACT_FROZEN_IMPLEMENTATION_VERIFICATION_LATER
POST,/api/v1/community/comments/{commentId}/report,COM,COM-PHASE1,YES,PUBLIC_OR_SYSTEM,PUBLIC_OR_SYSTEM_POLICY,PHASE1_SCHEMA_CONTRACT_REQUIRED,STANDARD_API_ENVELOPE_FINAL,201_OR_200,ERROR_TAXONOMY_FINAL,YES,TRANSACTION_OR_IDEMPOTENCY_OR_OPTIMISTIC_VERSION,AUTH_MIDDLEWARE_RATE_LIMIT_POLICY,N/A,PHASE2_DB_MAPPING_REQUIRED,AUDIT_OR_DOMAIN_EVENT_REQUIRED,services/api/src/routes/community.routes.ts,apps/mobile,PASS_CONTRACT_FROZEN_IMPLEMENTATION_VERIFICATION_LATER
POST,/api/v1/community/reports,COM,COM-PHASE1,YES,PUBLIC_OR_SYSTEM,PUBLIC_OR_SYSTEM_POLICY,PHASE1_SCHEMA_CONTRACT_REQUIRED,STANDARD_API_ENVELOPE_FINAL,201_OR_200,ERROR_TAXONOMY_FINAL,YES,TRANSACTION_OR_IDEMPOTENCY_OR_OPTIMISTIC_VERSION,AUTH_MIDDLEWARE_RATE_LIMIT_POLICY,N/A,PHASE2_DB_MAPPING_REQUIRED,AUDIT_OR_DOMAIN_EVENT_REQUIRED,services/api/src/routes/community.routes.ts,apps/mobile,PASS_CONTRACT_FROZEN_IMPLEMENTATION_VERIFICATION_LATER
GET,/api/v1/community/me/posts,COM,COM-PHASE1,YES,PUBLIC_OR_SYSTEM,PUBLIC_OR_SYSTEM_POLICY,PHASE1_SCHEMA_CONTRACT_REQUIRED,STANDARD_API_ENVELOPE_FINAL,200,ERROR_TAXONOMY_FINAL,NO,READ_CONSISTENCY,AUTH_MIDDLEWARE_RATE_LIMIT_POLICY,CURSOR_DEFAULT_20_MAX_100,PHASE2_DB_MAPPING_REQUIRED,REQUEST_TRACE_ONLY,services/api/src/routes/community.routes.ts,apps/mobile,PASS_CONTRACT_FROZEN_IMPLEMENTATION_VERIFICATION_LATER
GET,/api/v1/community/me/comments,COM,COM-PHASE1,YES,PUBLIC_OR_SYSTEM,PUBLIC_OR_SYSTEM_POLICY,PHASE1_SCHEMA_CONTRACT_REQUIRED,STANDARD_API_ENVELOPE_FINAL,200,ERROR_TAXONOMY_FINAL,NO,READ_CONSISTENCY,AUTH_MIDDLEWARE_RATE_LIMIT_POLICY,CURSOR_DEFAULT_20_MAX_100,PHASE2_DB_MAPPING_REQUIRED,REQUEST_TRACE_ONLY,services/api/src/routes/community.routes.ts,apps/mobile,PASS_CONTRACT_FROZEN_IMPLEMENTATION_VERIFICATION_LATER
GET,/api/v1/daily-budgets,BUD,BUD-PHASE1,YES,USER,AUTHENTICATED_USER_EQUALS_OWNER_OR_PRIVILEGED_POLICY,PHASE1_SCHEMA_CONTRACT_REQUIRED,STANDARD_API_ENVELOPE_FINAL,200,ERROR_TAXONOMY_FINAL,NO,READ_CONSISTENCY,AUTH_MIDDLEWARE_RATE_LIMIT_POLICY,CURSOR_DEFAULT_20_MAX_100,PHASE2_DB_MAPPING_REQUIRED,REQUEST_TRACE_ONLY,services/api/src/routes/daily-budgets.routes.ts,apps/mobile,PASS_CONTRACT_FROZEN_IMPLEMENTATION_VERIFICATION_LATER
POST,/api/v1/daily-budgets,BUD,BUD-PHASE1,YES,USER,AUTHENTICATED_USER_EQUALS_OWNER_OR_PRIVILEGED_POLICY,PHASE1_SCHEMA_CONTRACT_REQUIRED,STANDARD_API_ENVELOPE_FINAL,201_OR_200,ERROR_TAXONOMY_FINAL,NO,TRANSACTION_OR_IDEMPOTENCY_OR_OPTIMISTIC_VERSION,AUTH_MIDDLEWARE_RATE_LIMIT_POLICY,N/A,PHASE2_DB_MAPPING_REQUIRED,AUDIT_OR_DOMAIN_EVENT_REQUIRED,services/api/src/routes/daily-budgets.routes.ts,apps/mobile,PASS_CONTRACT_FROZEN_IMPLEMENTATION_VERIFICATION_LATER
GET,/api/v1/daily-budgets/today,BUD,BUD-PHASE1,YES,USER,AUTHENTICATED_USER_EQUALS_OWNER_OR_PRIVILEGED_POLICY,PHASE1_SCHEMA_CONTRACT_REQUIRED,STANDARD_API_ENVELOPE_FINAL,200,ERROR_TAXONOMY_FINAL,NO,READ_CONSISTENCY,AUTH_MIDDLEWARE_RATE_LIMIT_POLICY,CURSOR_DEFAULT_20_MAX_100,PHASE2_DB_MAPPING_REQUIRED,REQUEST_TRACE_ONLY,services/api/src/routes/daily-budgets.routes.ts,apps/mobile,PASS_CONTRACT_FROZEN_IMPLEMENTATION_VERIFICATION_LATER
GET,/api/v1/daily-budgets/summary,BUD,BUD-PHASE1,YES,USER,AUTHENTICATED_USER_EQUALS_OWNER_OR_PRIVILEGED_POLICY,PHASE1_SCHEMA_CONTRACT_REQUIRED,STANDARD_API_ENVELOPE_FINAL,200,ERROR_TAXONOMY_FINAL,NO,READ_CONSISTENCY,AUTH_MIDDLEWARE_RATE_LIMIT_POLICY,CURSOR_DEFAULT_20_MAX_100,PHASE2_DB_MAPPING_REQUIRED,REQUEST_TRACE_ONLY,services/api/src/routes/daily-budgets.routes.ts,apps/mobile,PASS_CONTRACT_FROZEN_IMPLEMENTATION_VERIFICATION_LATER
GET,/api/v1/daily-budgets/calendar,BUD,BUD-PHASE1,YES,USER,AUTHENTICATED_USER_EQUALS_OWNER_OR_PRIVILEGED_POLICY,PHASE1_SCHEMA_CONTRACT_REQUIRED,STANDARD_API_ENVELOPE_FINAL,200,ERROR_TAXONOMY_FINAL,NO,READ_CONSISTENCY,AUTH_MIDDLEWARE_RATE_LIMIT_POLICY,CURSOR_DEFAULT_20_MAX_100,PHASE2_DB_MAPPING_REQUIRED,REQUEST_TRACE_ONLY,services/api/src/routes/daily-budgets.routes.ts,apps/mobile,PASS_CONTRACT_FROZEN_IMPLEMENTATION_VERIFICATION_LATER
POST,/api/v1/daily-budgets/recalculate,BUD,BUD-PHASE1,YES,USER,AUTHENTICATED_USER_EQUALS_OWNER_OR_PRIVILEGED_POLICY,PHASE1_SCHEMA_CONTRACT_REQUIRED,STANDARD_API_ENVELOPE_FINAL,201_OR_200,ERROR_TAXONOMY_FINAL,NO,TRANSACTION_OR_IDEMPOTENCY_OR_OPTIMISTIC_VERSION,AUTH_MIDDLEWARE_RATE_LIMIT_POLICY,N/A,PHASE2_DB_MAPPING_REQUIRED,AUDIT_OR_DOMAIN_EVENT_REQUIRED,services/api/src/routes/daily-budgets.routes.ts,apps/mobile,PASS_CONTRACT_FROZEN_IMPLEMENTATION_VERIFICATION_LATER
GET,/api/v1/daily-budgets/date/{budgetDate},BUD,BUD-PHASE1,YES,USER,AUTHENTICATED_USER_EQUALS_OWNER_OR_PRIVILEGED_POLICY,PHASE1_SCHEMA_CONTRACT_REQUIRED,STANDARD_API_ENVELOPE_FINAL,200,ERROR_TAXONOMY_FINAL,NO,READ_CONSISTENCY,AUTH_MIDDLEWARE_RATE_LIMIT_POLICY,N/A,PHASE2_DB_MAPPING_REQUIRED,REQUEST_TRACE_ONLY,services/api/src/routes/daily-budgets.routes.ts,apps/mobile,PASS_CONTRACT_FROZEN_IMPLEMENTATION_VERIFICATION_LATER
GET,/api/v1/daily-budgets/{budgetId},BUD,BUD-PHASE1,YES,USER,AUTHENTICATED_USER_EQUALS_OWNER_OR_PRIVILEGED_POLICY,PHASE1_SCHEMA_CONTRACT_REQUIRED,STANDARD_API_ENVELOPE_FINAL,200,ERROR_TAXONOMY_FINAL,NO,READ_CONSISTENCY,AUTH_MIDDLEWARE_RATE_LIMIT_POLICY,N/A,PHASE2_DB_MAPPING_REQUIRED,REQUEST_TRACE_ONLY,services/api/src/routes/daily-budgets.routes.ts,apps/mobile,PASS_CONTRACT_FROZEN_IMPLEMENTATION_VERIFICATION_LATER
PATCH,/api/v1/daily-budgets/{budgetId},BUD,BUD-PHASE1,YES,USER,AUTHENTICATED_USER_EQUALS_OWNER_OR_PRIVILEGED_POLICY,PHASE1_SCHEMA_CONTRACT_REQUIRED,STANDARD_API_ENVELOPE_FINAL,200,ERROR_TAXONOMY_FINAL,NO,TRANSACTION_OR_IDEMPOTENCY_OR_OPTIMISTIC_VERSION,AUTH_MIDDLEWARE_RATE_LIMIT_POLICY,N/A,PHASE2_DB_MAPPING_REQUIRED,AUDIT_OR_DOMAIN_EVENT_REQUIRED,services/api/src/routes/daily-budgets.routes.ts,apps/mobile,PASS_CONTRACT_FROZEN_IMPLEMENTATION_VERIFICATION_LATER
DELETE,/api/v1/daily-budgets/{budgetId},BUD,BUD-PHASE1,YES,USER,AUTHENTICATED_USER_EQUALS_OWNER_OR_PRIVILEGED_POLICY,PHASE1_SCHEMA_CONTRACT_REQUIRED,STANDARD_API_ENVELOPE_FINAL,200,ERROR_TAXONOMY_FINAL,NO,TRANSACTION_OR_IDEMPOTENCY_OR_OPTIMISTIC_VERSION,AUTH_MIDDLEWARE_RATE_LIMIT_POLICY,N/A,PHASE2_DB_MAPPING_REQUIRED,AUDIT_OR_DOMAIN_EVENT_REQUIRED,services/api/src/routes/daily-budgets.routes.ts,apps/mobile,PASS_CONTRACT_FROZEN_IMPLEMENTATION_VERIFICATION_LATER
POST,/api/v1/daily-budgets/{budgetId}/spend,BUD,BUD-PHASE1,YES,USER,AUTHENTICATED_USER_EQUALS_OWNER_OR_PRIVILEGED_POLICY,PHASE1_SCHEMA_CONTRACT_REQUIRED,STANDARD_API_ENVELOPE_FINAL,201_OR_200,ERROR_TAXONOMY_FINAL,NO,TRANSACTION_OR_IDEMPOTENCY_OR_OPTIMISTIC_VERSION,AUTH_MIDDLEWARE_RATE_LIMIT_POLICY,N/A,PHASE2_DB_MAPPING_REQUIRED,AUDIT_OR_DOMAIN_EVENT_REQUIRED,services/api/src/routes/daily-budgets.routes.ts,apps/mobile,PASS_CONTRACT_FROZEN_IMPLEMENTATION_VERIFICATION_LATER
POST,/api/v1/daily-budgets/{budgetId}/adjust,BUD,BUD-PHASE1,YES,USER,AUTHENTICATED_USER_EQUALS_OWNER_OR_PRIVILEGED_POLICY,PHASE1_SCHEMA_CONTRACT_REQUIRED,STANDARD_API_ENVELOPE_FINAL,201_OR_200,ERROR_TAXONOMY_FINAL,NO,TRANSACTION_OR_IDEMPOTENCY_OR_OPTIMISTIC_VERSION,AUTH_MIDDLEWARE_RATE_LIMIT_POLICY,N/A,PHASE2_DB_MAPPING_REQUIRED,AUDIT_OR_DOMAIN_EVENT_REQUIRED,services/api/src/routes/daily-budgets.routes.ts,apps/mobile,PASS_CONTRACT_FROZEN_IMPLEMENTATION_VERIFICATION_LATER
GET,/api/v1/fixed-expenses,EXP,EXP-PHASE1,YES,USER,AUTHENTICATED_USER_EQUALS_OWNER_OR_PRIVILEGED_POLICY,PHASE1_SCHEMA_CONTRACT_REQUIRED,STANDARD_API_ENVELOPE_FINAL,200,ERROR_TAXONOMY_FINAL,NO,READ_CONSISTENCY,AUTH_MIDDLEWARE_RATE_LIMIT_POLICY,CURSOR_DEFAULT_20_MAX_100,PHASE2_DB_MAPPING_REQUIRED,REQUEST_TRACE_ONLY,services/api/src/routes/fixed-expenses.routes.ts,apps/mobile,PASS_CONTRACT_FROZEN_IMPLEMENTATION_VERIFICATION_LATER
POST,/api/v1/fixed-expenses,EXP,EXP-PHASE1,YES,USER,AUTHENTICATED_USER_EQUALS_OWNER_OR_PRIVILEGED_POLICY,PHASE1_SCHEMA_CONTRACT_REQUIRED,STANDARD_API_ENVELOPE_FINAL,201_OR_200,ERROR_TAXONOMY_FINAL,YES,TRANSACTION_OR_IDEMPOTENCY_OR_OPTIMISTIC_VERSION,AUTH_MIDDLEWARE_RATE_LIMIT_POLICY,N/A,PHASE2_DB_MAPPING_REQUIRED,AUDIT_OR_DOMAIN_EVENT_REQUIRED,services/api/src/routes/fixed-expenses.routes.ts,apps/mobile,PASS_CONTRACT_FROZEN_IMPLEMENTATION_VERIFICATION_LATER
GET,/api/v1/fixed-expenses/summary,EXP,EXP-PHASE1,YES,USER,AUTHENTICATED_USER_EQUALS_OWNER_OR_PRIVILEGED_POLICY,PHASE1_SCHEMA_CONTRACT_REQUIRED,STANDARD_API_ENVELOPE_FINAL,200,ERROR_TAXONOMY_FINAL,NO,READ_CONSISTENCY,AUTH_MIDDLEWARE_RATE_LIMIT_POLICY,CURSOR_DEFAULT_20_MAX_100,PHASE2_DB_MAPPING_REQUIRED,REQUEST_TRACE_ONLY,services/api/src/routes/fixed-expenses.routes.ts,apps/mobile,PASS_CONTRACT_FROZEN_IMPLEMENTATION_VERIFICATION_LATER
GET,/api/v1/fixed-expenses/upcoming,EXP,EXP-PHASE1,YES,USER,AUTHENTICATED_USER_EQUALS_OWNER_OR_PRIVILEGED_POLICY,PHASE1_SCHEMA_CONTRACT_REQUIRED,STANDARD_API_ENVELOPE_FINAL,200,ERROR_TAXONOMY_FINAL,NO,READ_CONSISTENCY,AUTH_MIDDLEWARE_RATE_LIMIT_POLICY,CURSOR_DEFAULT_20_MAX_100,PHASE2_DB_MAPPING_REQUIRED,REQUEST_TRACE_ONLY,services/api/src/routes/fixed-expenses.routes.ts,apps/mobile,PASS_CONTRACT_FROZEN_IMPLEMENTATION_VERIFICATION_LATER
GET,/api/v1/fixed-expenses/calendar,EXP,EXP-PHASE1,YES,USER,AUTHENTICATED_USER_EQUALS_OWNER_OR_PRIVILEGED_POLICY,PHASE1_SCHEMA_CONTRACT_REQUIRED,STANDARD_API_ENVELOPE_FINAL,200,ERROR_TAXONOMY_FINAL,NO,READ_CONSISTENCY,AUTH_MIDDLEWARE_RATE_LIMIT_POLICY,CURSOR_DEFAULT_20_MAX_100,PHASE2_DB_MAPPING_REQUIRED,REQUEST_TRACE_ONLY,services/api/src/routes/fixed-expenses.routes.ts,apps/mobile,PASS_CONTRACT_FROZEN_IMPLEMENTATION_VERIFICATION_LATER
POST,/api/v1/fixed-expenses/impact,EXP,EXP-PHASE1,YES,USER,AUTHENTICATED_USER_EQUALS_OWNER_OR_PRIVILEGED_POLICY,PHASE1_SCHEMA_CONTRACT_REQUIRED,STANDARD_API_ENVELOPE_FINAL,201_OR_200,ERROR_TAXONOMY_FINAL,YES,TRANSACTION_OR_IDEMPOTENCY_OR_OPTIMISTIC_VERSION,AUTH_MIDDLEWARE_RATE_LIMIT_POLICY,N/A,PHASE2_DB_MAPPING_REQUIRED,AUDIT_OR_DOMAIN_EVENT_REQUIRED,services/api/src/routes/fixed-expenses.routes.ts,apps/mobile,PASS_CONTRACT_FROZEN_IMPLEMENTATION_VERIFICATION_LATER
GET,/api/v1/fixed-expenses/{expenseId},EXP,EXP-PHASE1,YES,USER,AUTHENTICATED_USER_EQUALS_OWNER_OR_PRIVILEGED_POLICY,PHASE1_SCHEMA_CONTRACT_REQUIRED,STANDARD_API_ENVELOPE_FINAL,200,ERROR_TAXONOMY_FINAL,NO,READ_CONSISTENCY,AUTH_MIDDLEWARE_RATE_LIMIT_POLICY,N/A,PHASE2_DB_MAPPING_REQUIRED,REQUEST_TRACE_ONLY,services/api/src/routes/fixed-expenses.routes.ts,apps/mobile,PASS_CONTRACT_FROZEN_IMPLEMENTATION_VERIFICATION_LATER
PATCH,/api/v1/fixed-expenses/{expenseId},EXP,EXP-PHASE1,YES,USER,AUTHENTICATED_USER_EQUALS_OWNER_OR_PRIVILEGED_POLICY,PHASE1_SCHEMA_CONTRACT_REQUIRED,STANDARD_API_ENVELOPE_FINAL,200,ERROR_TAXONOMY_FINAL,YES,TRANSACTION_OR_IDEMPOTENCY_OR_OPTIMISTIC_VERSION,AUTH_MIDDLEWARE_RATE_LIMIT_POLICY,N/A,PHASE2_DB_MAPPING_REQUIRED,AUDIT_OR_DOMAIN_EVENT_REQUIRED,services/api/src/routes/fixed-expenses.routes.ts,apps/mobile,PASS_CONTRACT_FROZEN_IMPLEMENTATION_VERIFICATION_LATER
DELETE,/api/v1/fixed-expenses/{expenseId},EXP,EXP-PHASE1,YES,USER,AUTHENTICATED_USER_EQUALS_OWNER_OR_PRIVILEGED_POLICY,PHASE1_SCHEMA_CONTRACT_REQUIRED,STANDARD_API_ENVELOPE_FINAL,200,ERROR_TAXONOMY_FINAL,YES,TRANSACTION_OR_IDEMPOTENCY_OR_OPTIMISTIC_VERSION,AUTH_MIDDLEWARE_RATE_LIMIT_POLICY,N/A,PHASE2_DB_MAPPING_REQUIRED,AUDIT_OR_DOMAIN_EVENT_REQUIRED,services/api/src/routes/fixed-expenses.routes.ts,apps/mobile,PASS_CONTRACT_FROZEN_IMPLEMENTATION_VERIFICATION_LATER
POST,/api/v1/fixed-expenses/{expenseId}/pause,EXP,EXP-PHASE1,YES,USER,AUTHENTICATED_USER_EQUALS_OWNER_OR_PRIVILEGED_POLICY,PHASE1_SCHEMA_CONTRACT_REQUIRED,STANDARD_API_ENVELOPE_FINAL,201_OR_200,ERROR_TAXONOMY_FINAL,YES,TRANSACTION_OR_IDEMPOTENCY_OR_OPTIMISTIC_VERSION,AUTH_MIDDLEWARE_RATE_LIMIT_POLICY,N/A,PHASE2_DB_MAPPING_REQUIRED,AUDIT_OR_DOMAIN_EVENT_REQUIRED,services/api/src/routes/fixed-expenses.routes.ts,apps/mobile,PASS_CONTRACT_FROZEN_IMPLEMENTATION_VERIFICATION_LATER
POST,/api/v1/fixed-expenses/{expenseId}/resume,EXP,EXP-PHASE1,YES,USER,AUTHENTICATED_USER_EQUALS_OWNER_OR_PRIVILEGED_POLICY,PHASE1_SCHEMA_CONTRACT_REQUIRED,STANDARD_API_ENVELOPE_FINAL,201_OR_200,ERROR_TAXONOMY_FINAL,YES,TRANSACTION_OR_IDEMPOTENCY_OR_OPTIMISTIC_VERSION,AUTH_MIDDLEWARE_RATE_LIMIT_POLICY,N/A,PHASE2_DB_MAPPING_REQUIRED,AUDIT_OR_DOMAIN_EVENT_REQUIRED,services/api/src/routes/fixed-expenses.routes.ts,apps/mobile,PASS_CONTRACT_FROZEN_IMPLEMENTATION_VERIFICATION_LATER
POST,/api/v1/fixed-expenses/{expenseId}/end,EXP,EXP-PHASE1,YES,USER,AUTHENTICATED_USER_EQUALS_OWNER_OR_PRIVILEGED_POLICY,PHASE1_SCHEMA_CONTRACT_REQUIRED,STANDARD_API_ENVELOPE_FINAL,201_OR_200,ERROR_TAXONOMY_FINAL,YES,TRANSACTION_OR_IDEMPOTENCY_OR_OPTIMISTIC_VERSION,AUTH_MIDDLEWARE_RATE_LIMIT_POLICY,N/A,PHASE2_DB_MAPPING_REQUIRED,AUDIT_OR_DOMAIN_EVENT_REQUIRED,services/api/src/routes/fixed-expenses.routes.ts,apps/mobile,PASS_CONTRACT_FROZEN_IMPLEMENTATION_VERIFICATION_LATER
POST,/api/v1/fixed-expenses/{expenseId}/pay,EXP,EXP-PHASE1,YES,USER,AUTHENTICATED_USER_EQUALS_OWNER_OR_PRIVILEGED_POLICY,PHASE1_SCHEMA_CONTRACT_REQUIRED,STANDARD_API_ENVELOPE_FINAL,201_OR_200,ERROR_TAXONOMY_FINAL,YES,TRANSACTION_OR_IDEMPOTENCY_OR_OPTIMISTIC_VERSION,AUTH_MIDDLEWARE_RATE_LIMIT_POLICY,N/A,PHASE2_DB_MAPPING_REQUIRED,AUDIT_OR_DOMAIN_EVENT_REQUIRED,services/api/src/routes/fixed-expenses.routes.ts,apps/mobile,PASS_CONTRACT_FROZEN_IMPLEMENTATION_VERIFICATION_LATER
GET,/api/v1/growth/profile,LV,LV-PHASE1,YES,USER,AUTHENTICATED_USER_EQUALS_OWNER_OR_PRIVILEGED_POLICY,PHASE1_SCHEMA_CONTRACT_REQUIRED,STANDARD_API_ENVELOPE_FINAL,200,ERROR_TAXONOMY_FINAL,NO,READ_CONSISTENCY,AUTH_MIDDLEWARE_RATE_LIMIT_POLICY,CURSOR_DEFAULT_20_MAX_100,PHASE2_DB_MAPPING_REQUIRED,REQUEST_TRACE_ONLY,services/api/src/routes/growth.routes.ts,apps/mobile,PASS_CONTRACT_FROZEN_IMPLEMENTATION_VERIFICATION_LATER
GET,/api/v1/growth/dashboard,LV,LV-PHASE1,YES,USER,AUTHENTICATED_USER_EQUALS_OWNER_OR_PRIVILEGED_POLICY,PHASE1_SCHEMA_CONTRACT_REQUIRED,STANDARD_API_ENVELOPE_FINAL,200,ERROR_TAXONOMY_FINAL,NO,READ_CONSISTENCY,AUTH_MIDDLEWARE_RATE_LIMIT_POLICY,CURSOR_DEFAULT_20_MAX_100,PHASE2_DB_MAPPING_REQUIRED,REQUEST_TRACE_ONLY,services/api/src/routes/growth.routes.ts,apps/mobile,PASS_CONTRACT_FROZEN_IMPLEMENTATION_VERIFICATION_LATER
GET,/api/v1/growth/summary,LV,LV-PHASE1,YES,USER,AUTHENTICATED_USER_EQUALS_OWNER_OR_PRIVILEGED_POLICY,PHASE1_SCHEMA_CONTRACT_REQUIRED,STANDARD_API_ENVELOPE_FINAL,200,ERROR_TAXONOMY_FINAL,NO,READ_CONSISTENCY,AUTH_MIDDLEWARE_RATE_LIMIT_POLICY,CURSOR_DEFAULT_20_MAX_100,PHASE2_DB_MAPPING_REQUIRED,REQUEST_TRACE_ONLY,services/api/src/routes/growth.routes.ts,apps/mobile,PASS_CONTRACT_FROZEN_IMPLEMENTATION_VERIFICATION_LATER
GET,/api/v1/growth/recommendations,LV,LV-PHASE1,YES,USER,AUTHENTICATED_USER_EQUALS_OWNER_OR_PRIVILEGED_POLICY,PHASE1_SCHEMA_CONTRACT_REQUIRED,STANDARD_API_ENVELOPE_FINAL,200,ERROR_TAXONOMY_FINAL,NO,READ_CONSISTENCY,AUTH_MIDDLEWARE_RATE_LIMIT_POLICY,CURSOR_DEFAULT_20_MAX_100,PHASE2_DB_MAPPING_REQUIRED,REQUEST_TRACE_ONLY,services/api/src/routes/growth.routes.ts,apps/mobile,PASS_CONTRACT_FROZEN_IMPLEMENTATION_VERIFICATION_LATER
GET,/api/v1/growth/badges,LV,LV-PHASE1,YES,USER,AUTHENTICATED_USER_EQUALS_OWNER_OR_PRIVILEGED_POLICY,PHASE1_SCHEMA_CONTRACT_REQUIRED,STANDARD_API_ENVELOPE_FINAL,200,ERROR_TAXONOMY_FINAL,NO,READ_CONSISTENCY,AUTH_MIDDLEWARE_RATE_LIMIT_POLICY,CURSOR_DEFAULT_20_MAX_100,PHASE2_DB_MAPPING_REQUIRED,REQUEST_TRACE_ONLY,services/api/src/routes/growth.routes.ts,apps/mobile,PASS_CONTRACT_FROZEN_IMPLEMENTATION_VERIFICATION_LATER
GET,/api/v1/growth/leaderboard,LV,LV-PHASE1,YES,USER,AUTHENTICATED_USER_EQUALS_OWNER_OR_PRIVILEGED_POLICY,PHASE1_SCHEMA_CONTRACT_REQUIRED,STANDARD_API_ENVELOPE_FINAL,200,ERROR_TAXONOMY_FINAL,NO,READ_CONSISTENCY,AUTH_MIDDLEWARE_RATE_LIMIT_POLICY,CURSOR_DEFAULT_20_MAX_100,PHASE2_DB_MAPPING_REQUIRED,REQUEST_TRACE_ONLY,services/api/src/routes/growth.routes.ts,apps/mobile,PASS_CONTRACT_FROZEN_IMPLEMENTATION_VERIFICATION_LATER
GET,/api/v1/growth/tasks,LV,LV-PHASE1,YES,USER,AUTHENTICATED_USER_EQUALS_OWNER_OR_PRIVILEGED_POLICY,PHASE1_SCHEMA_CONTRACT_REQUIRED,STANDARD_API_ENVELOPE_FINAL,200,ERROR_TAXONOMY_FINAL,NO,READ_CONSISTENCY,AUTH_MIDDLEWARE_RATE_LIMIT_POLICY,CURSOR_DEFAULT_20_MAX_100,PHASE2_DB_MAPPING_REQUIRED,REQUEST_TRACE_ONLY,services/api/src/routes/growth.routes.ts,apps/mobile,PASS_CONTRACT_FROZEN_IMPLEMENTATION_VERIFICATION_LATER
POST,/api/v1/growth/tasks,LV,LV-PHASE1,YES,USER,AUTHENTICATED_USER_EQUALS_OWNER_OR_PRIVILEGED_POLICY,PHASE1_SCHEMA_CONTRACT_REQUIRED,STANDARD_API_ENVELOPE_FINAL,201_OR_200,ERROR_TAXONOMY_FINAL,NO,TRANSACTION_OR_IDEMPOTENCY_OR_OPTIMISTIC_VERSION,AUTH_MIDDLEWARE_RATE_LIMIT_POLICY,N/A,PHASE2_DB_MAPPING_REQUIRED,AUDIT_OR_DOMAIN_EVENT_REQUIRED,services/api/src/routes/growth.routes.ts,apps/mobile,PASS_CONTRACT_FROZEN_IMPLEMENTATION_VERIFICATION_LATER
GET,/api/v1/growth/tasks/{taskId},LV,LV-PHASE1,YES,USER,AUTHENTICATED_USER_EQUALS_OWNER_OR_PRIVILEGED_POLICY,PHASE1_SCHEMA_CONTRACT_REQUIRED,STANDARD_API_ENVELOPE_FINAL,200,ERROR_TAXONOMY_FINAL,NO,READ_CONSISTENCY,AUTH_MIDDLEWARE_RATE_LIMIT_POLICY,N/A,PHASE2_DB_MAPPING_REQUIRED,REQUEST_TRACE_ONLY,services/api/src/routes/growth.routes.ts,apps/mobile,PASS_CONTRACT_FROZEN_IMPLEMENTATION_VERIFICATION_LATER
PATCH,/api/v1/growth/tasks/{taskId},LV,LV-PHASE1,YES,USER,AUTHENTICATED_USER_EQUALS_OWNER_OR_PRIVILEGED_POLICY,PHASE1_SCHEMA_CONTRACT_REQUIRED,STANDARD_API_ENVELOPE_FINAL,200,ERROR_TAXONOMY_FINAL,NO,TRANSACTION_OR_IDEMPOTENCY_OR_OPTIMISTIC_VERSION,AUTH_MIDDLEWARE_RATE_LIMIT_POLICY,N/A,PHASE2_DB_MAPPING_REQUIRED,AUDIT_OR_DOMAIN_EVENT_REQUIRED,services/api/src/routes/growth.routes.ts,apps/mobile,PASS_CONTRACT_FROZEN_IMPLEMENTATION_VERIFICATION_LATER
DELETE,/api/v1/growth/tasks/{taskId},LV,LV-PHASE1,YES,USER,AUTHENTICATED_USER_EQUALS_OWNER_OR_PRIVILEGED_POLICY,PHASE1_SCHEMA_CONTRACT_REQUIRED,STANDARD_API_ENVELOPE_FINAL,200,ERROR_TAXONOMY_FINAL,NO,TRANSACTION_OR_IDEMPOTENCY_OR_OPTIMISTIC_VERSION,AUTH_MIDDLEWARE_RATE_LIMIT_POLICY,N/A,PHASE2_DB_MAPPING_REQUIRED,AUDIT_OR_DOMAIN_EVENT_REQUIRED,services/api/src/routes/growth.routes.ts,apps/mobile,PASS_CONTRACT_FROZEN_IMPLEMENTATION_VERIFICATION_LATER
POST,/api/v1/growth/tasks/{taskId}/progress,LV,LV-PHASE1,YES,USER,AUTHENTICATED_USER_EQUALS_OWNER_OR_PRIVILEGED_POLICY,PHASE1_SCHEMA_CONTRACT_REQUIRED,STANDARD_API_ENVELOPE_FINAL,201_OR_200,ERROR_TAXONOMY_FINAL,NO,TRANSACTION_OR_IDEMPOTENCY_OR_OPTIMISTIC_VERSION,AUTH_MIDDLEWARE_RATE_LIMIT_POLICY,N/A,PHASE2_DB_MAPPING_REQUIRED,AUDIT_OR_DOMAIN_EVENT_REQUIRED,services/api/src/routes/growth.routes.ts,apps/mobile,PASS_CONTRACT_FROZEN_IMPLEMENTATION_VERIFICATION_LATER
GET,/api/v1/growth/challenges,LV,LV-PHASE1,YES,USER,AUTHENTICATED_USER_EQUALS_OWNER_OR_PRIVILEGED_POLICY,PHASE1_SCHEMA_CONTRACT_REQUIRED,STANDARD_API_ENVELOPE_FINAL,200,ERROR_TAXONOMY_FINAL,NO,READ_CONSISTENCY,AUTH_MIDDLEWARE_RATE_LIMIT_POLICY,CURSOR_DEFAULT_20_MAX_100,PHASE2_DB_MAPPING_REQUIRED,REQUEST_TRACE_ONLY,services/api/src/routes/growth.routes.ts,apps/mobile,PASS_CONTRACT_FROZEN_IMPLEMENTATION_VERIFICATION_LATER
POST,/api/v1/growth/challenges/join,LV,LV-PHASE1,YES,USER,AUTHENTICATED_USER_EQUALS_OWNER_OR_PRIVILEGED_POLICY,PHASE1_SCHEMA_CONTRACT_REQUIRED,STANDARD_API_ENVELOPE_FINAL,201_OR_200,ERROR_TAXONOMY_FINAL,NO,TRANSACTION_OR_IDEMPOTENCY_OR_OPTIMISTIC_VERSION,AUTH_MIDDLEWARE_RATE_LIMIT_POLICY,N/A,PHASE2_DB_MAPPING_REQUIRED,AUDIT_OR_DOMAIN_EVENT_REQUIRED,services/api/src/routes/growth.routes.ts,apps/mobile,PASS_CONTRACT_FROZEN_IMPLEMENTATION_VERIFICATION_LATER
POST,/api/v1/growth/challenges/{challengeId}/join,LV,LV-PHASE1,YES,USER,AUTHENTICATED_USER_EQUALS_OWNER_OR_PRIVILEGED_POLICY,PHASE1_SCHEMA_CONTRACT_REQUIRED,STANDARD_API_ENVELOPE_FINAL,201_OR_200,ERROR_TAXONOMY_FINAL,NO,TRANSACTION_OR_IDEMPOTENCY_OR_OPTIMISTIC_VERSION,AUTH_MIDDLEWARE_RATE_LIMIT_POLICY,N/A,PHASE2_DB_MAPPING_REQUIRED,AUDIT_OR_DOMAIN_EVENT_REQUIRED,services/api/src/routes/growth.routes.ts,apps/mobile,PASS_CONTRACT_FROZEN_IMPLEMENTATION_VERIFICATION_LATER
POST,/api/v1/growth/challenges/{challengeId}/leave,LV,LV-PHASE1,YES,USER,AUTHENTICATED_USER_EQUALS_OWNER_OR_PRIVILEGED_POLICY,PHASE1_SCHEMA_CONTRACT_REQUIRED,STANDARD_API_ENVELOPE_FINAL,201_OR_200,ERROR_TAXONOMY_FINAL,NO,TRANSACTION_OR_IDEMPOTENCY_OR_OPTIMISTIC_VERSION,AUTH_MIDDLEWARE_RATE_LIMIT_POLICY,N/A,PHASE2_DB_MAPPING_REQUIRED,AUDIT_OR_DOMAIN_EVENT_REQUIRED,services/api/src/routes/growth.routes.ts,apps/mobile,PASS_CONTRACT_FROZEN_IMPLEMENTATION_VERIFICATION_LATER
POST,/api/v1/growth/challenges/{challengeId}/complete,LV,LV-PHASE1,YES,USER,AUTHENTICATED_USER_EQUALS_OWNER_OR_PRIVILEGED_POLICY,PHASE1_SCHEMA_CONTRACT_REQUIRED,STANDARD_API_ENVELOPE_FINAL,201_OR_200,ERROR_TAXONOMY_FINAL,YES,TRANSACTION_OR_IDEMPOTENCY_OR_OPTIMISTIC_VERSION,AUTH_MIDDLEWARE_RATE_LIMIT_POLICY,N/A,PHASE2_DB_MAPPING_REQUIRED,AUDIT_OR_DOMAIN_EVENT_REQUIRED,services/api/src/routes/growth.routes.ts,apps/mobile,PASS_CONTRACT_FROZEN_IMPLEMENTATION_VERIFICATION_LATER
GET,/api/v1/growth/contents,LV,LV-PHASE1,YES,USER,AUTHENTICATED_USER_EQUALS_OWNER_OR_PRIVILEGED_POLICY,PHASE1_SCHEMA_CONTRACT_REQUIRED,STANDARD_API_ENVELOPE_FINAL,200,ERROR_TAXONOMY_FINAL,NO,READ_CONSISTENCY,AUTH_MIDDLEWARE_RATE_LIMIT_POLICY,CURSOR_DEFAULT_20_MAX_100,PHASE2_DB_MAPPING_REQUIRED,REQUEST_TRACE_ONLY,services/api/src/routes/growth.routes.ts,apps/mobile,PASS_CONTRACT_FROZEN_IMPLEMENTATION_VERIFICATION_LATER
POST,/api/v1/growth/contents/complete,LV,LV-PHASE1,YES,USER,AUTHENTICATED_USER_EQUALS_OWNER_OR_PRIVILEGED_POLICY,PHASE1_SCHEMA_CONTRACT_REQUIRED,STANDARD_API_ENVELOPE_FINAL,201_OR_200,ERROR_TAXONOMY_FINAL,YES,TRANSACTION_OR_IDEMPOTENCY_OR_OPTIMISTIC_VERSION,AUTH_MIDDLEWARE_RATE_LIMIT_POLICY,N/A,PHASE2_DB_MAPPING_REQUIRED,AUDIT_OR_DOMAIN_EVENT_REQUIRED,services/api/src/routes/growth.routes.ts,apps/mobile,PASS_CONTRACT_FROZEN_IMPLEMENTATION_VERIFICATION_LATER
POST,/api/v1/growth/contents/{contentId}/complete,LV,LV-PHASE1,YES,USER,AUTHENTICATED_USER_EQUALS_OWNER_OR_PRIVILEGED_POLICY,PHASE1_SCHEMA_CONTRACT_REQUIRED,STANDARD_API_ENVELOPE_FINAL,201_OR_200,ERROR_TAXONOMY_FINAL,YES,TRANSACTION_OR_IDEMPOTENCY_OR_OPTIMISTIC_VERSION,AUTH_MIDDLEWARE_RATE_LIMIT_POLICY,N/A,PHASE2_DB_MAPPING_REQUIRED,AUDIT_OR_DOMAIN_EVENT_REQUIRED,services/api/src/routes/growth.routes.ts,apps/mobile,PASS_CONTRACT_FROZEN_IMPLEMENTATION_VERIFICATION_LATER
GET,/api/v1/notifications,NOTI,NOTI-PHASE1,YES,USER,AUTHENTICATED_USER_EQUALS_OWNER_OR_PRIVILEGED_POLICY,PHASE1_SCHEMA_CONTRACT_REQUIRED,STANDARD_API_ENVELOPE_FINAL,200,ERROR_TAXONOMY_FINAL,NO,READ_CONSISTENCY,AUTH_MIDDLEWARE_RATE_LIMIT_POLICY,CURSOR_DEFAULT_20_MAX_100,PHASE2_DB_MAPPING_REQUIRED,REQUEST_TRACE_ONLY,services/api/src/routes/notifications.routes.ts,apps/mobile,PASS_CONTRACT_FROZEN_IMPLEMENTATION_VERIFICATION_LATER
POST,/api/v1/notifications,NOTI,NOTI-PHASE1,YES,USER,AUTHENTICATED_USER_EQUALS_OWNER_OR_PRIVILEGED_POLICY,PHASE1_SCHEMA_CONTRACT_REQUIRED,STANDARD_API_ENVELOPE_FINAL,201_OR_200,ERROR_TAXONOMY_FINAL,YES,TRANSACTION_OR_IDEMPOTENCY_OR_OPTIMISTIC_VERSION,AUTH_MIDDLEWARE_RATE_LIMIT_POLICY,N/A,PHASE2_DB_MAPPING_REQUIRED,AUDIT_OR_DOMAIN_EVENT_REQUIRED,services/api/src/routes/notifications.routes.ts,apps/mobile,PASS_CONTRACT_FROZEN_IMPLEMENTATION_VERIFICATION_LATER
GET,/api/v1/notifications/summary,NOTI,NOTI-PHASE1,YES,USER,AUTHENTICATED_USER_EQUALS_OWNER_OR_PRIVILEGED_POLICY,PHASE1_SCHEMA_CONTRACT_REQUIRED,STANDARD_API_ENVELOPE_FINAL,200,ERROR_TAXONOMY_FINAL,NO,READ_CONSISTENCY,AUTH_MIDDLEWARE_RATE_LIMIT_POLICY,CURSOR_DEFAULT_20_MAX_100,PHASE2_DB_MAPPING_REQUIRED,REQUEST_TRACE_ONLY,services/api/src/routes/notifications.routes.ts,apps/mobile,PASS_CONTRACT_FROZEN_IMPLEMENTATION_VERIFICATION_LATER
GET,/api/v1/notifications/unread-count,NOTI,NOTI-PHASE1,YES,USER,AUTHENTICATED_USER_EQUALS_OWNER_OR_PRIVILEGED_POLICY,PHASE1_SCHEMA_CONTRACT_REQUIRED,STANDARD_API_ENVELOPE_FINAL,200,ERROR_TAXONOMY_FINAL,NO,READ_CONSISTENCY,AUTH_MIDDLEWARE_RATE_LIMIT_POLICY,CURSOR_DEFAULT_20_MAX_100,PHASE2_DB_MAPPING_REQUIRED,REQUEST_TRACE_ONLY,services/api/src/routes/notifications.routes.ts,apps/mobile,PASS_CONTRACT_FROZEN_IMPLEMENTATION_VERIFICATION_LATER
POST,/api/v1/notifications/read-all,NOTI,NOTI-PHASE1,YES,USER,AUTHENTICATED_USER_EQUALS_OWNER_OR_PRIVILEGED_POLICY,PHASE1_SCHEMA_CONTRACT_REQUIRED,STANDARD_API_ENVELOPE_FINAL,201_OR_200,ERROR_TAXONOMY_FINAL,YES,TRANSACTION_OR_IDEMPOTENCY_OR_OPTIMISTIC_VERSION,AUTH_MIDDLEWARE_RATE_LIMIT_POLICY,N/A,PHASE2_DB_MAPPING_REQUIRED,AUDIT_OR_DOMAIN_EVENT_REQUIRED,services/api/src/routes/notifications.routes.ts,apps/mobile,PASS_CONTRACT_FROZEN_IMPLEMENTATION_VERIFICATION_LATER
GET,/api/v1/notifications/preferences,NOTI,NOTI-PHASE1,YES,USER,AUTHENTICATED_USER_EQUALS_OWNER_OR_PRIVILEGED_POLICY,PHASE1_SCHEMA_CONTRACT_REQUIRED,STANDARD_API_ENVELOPE_FINAL,200,ERROR_TAXONOMY_FINAL,NO,READ_CONSISTENCY,AUTH_MIDDLEWARE_RATE_LIMIT_POLICY,CURSOR_DEFAULT_20_MAX_100,PHASE2_DB_MAPPING_REQUIRED,REQUEST_TRACE_ONLY,services/api/src/routes/notifications.routes.ts,apps/mobile,PASS_CONTRACT_FROZEN_IMPLEMENTATION_VERIFICATION_LATER
PUT,/api/v1/notifications/preferences,NOTI,NOTI-PHASE1,YES,USER,AUTHENTICATED_USER_EQUALS_OWNER_OR_PRIVILEGED_POLICY,PHASE1_SCHEMA_CONTRACT_REQUIRED,STANDARD_API_ENVELOPE_FINAL,200,ERROR_TAXONOMY_FINAL,YES,TRANSACTION_OR_IDEMPOTENCY_OR_OPTIMISTIC_VERSION,AUTH_MIDDLEWARE_RATE_LIMIT_POLICY,N/A,PHASE2_DB_MAPPING_REQUIRED,AUDIT_OR_DOMAIN_EVENT_REQUIRED,services/api/src/routes/notifications.routes.ts,apps/mobile,PASS_CONTRACT_FROZEN_IMPLEMENTATION_VERIFICATION_LATER
PATCH,/api/v1/notifications/preferences,NOTI,NOTI-PHASE1,YES,USER,AUTHENTICATED_USER_EQUALS_OWNER_OR_PRIVILEGED_POLICY,PHASE1_SCHEMA_CONTRACT_REQUIRED,STANDARD_API_ENVELOPE_FINAL,200,ERROR_TAXONOMY_FINAL,YES,TRANSACTION_OR_IDEMPOTENCY_OR_OPTIMISTIC_VERSION,AUTH_MIDDLEWARE_RATE_LIMIT_POLICY,N/A,PHASE2_DB_MAPPING_REQUIRED,AUDIT_OR_DOMAIN_EVENT_REQUIRED,services/api/src/routes/notifications.routes.ts,apps/mobile,PASS_CONTRACT_FROZEN_IMPLEMENTATION_VERIFICATION_LATER
GET,/api/v1/notifications/devices,NOTI,NOTI-PHASE1,YES,USER,AUTHENTICATED_USER_EQUALS_OWNER_OR_PRIVILEGED_POLICY,PHASE1_SCHEMA_CONTRACT_REQUIRED,STANDARD_API_ENVELOPE_FINAL,200,ERROR_TAXONOMY_FINAL,NO,READ_CONSISTENCY,AUTH_MIDDLEWARE_RATE_LIMIT_POLICY,CURSOR_DEFAULT_20_MAX_100,PHASE2_DB_MAPPING_REQUIRED,REQUEST_TRACE_ONLY,services/api/src/routes/notifications.routes.ts,apps/mobile,PASS_CONTRACT_FROZEN_IMPLEMENTATION_VERIFICATION_LATER
POST,/api/v1/notifications/devices,NOTI,NOTI-PHASE1,YES,USER,AUTHENTICATED_USER_EQUALS_OWNER_OR_PRIVILEGED_POLICY,PHASE1_SCHEMA_CONTRACT_REQUIRED,STANDARD_API_ENVELOPE_FINAL,201_OR_200,ERROR_TAXONOMY_FINAL,YES,TRANSACTION_OR_IDEMPOTENCY_OR_OPTIMISTIC_VERSION,AUTH_MIDDLEWARE_RATE_LIMIT_POLICY,N/A,PHASE2_DB_MAPPING_REQUIRED,AUDIT_OR_DOMAIN_EVENT_REQUIRED,services/api/src/routes/notifications.routes.ts,apps/mobile,PASS_CONTRACT_FROZEN_IMPLEMENTATION_VERIFICATION_LATER
DELETE,/api/v1/notifications/devices/{deviceId},NOTI,NOTI-PHASE1,YES,USER,AUTHENTICATED_USER_EQUALS_OWNER_OR_PRIVILEGED_POLICY,PHASE1_SCHEMA_CONTRACT_REQUIRED,STANDARD_API_ENVELOPE_FINAL,200,ERROR_TAXONOMY_FINAL,YES,TRANSACTION_OR_IDEMPOTENCY_OR_OPTIMISTIC_VERSION,AUTH_MIDDLEWARE_RATE_LIMIT_POLICY,N/A,PHASE2_DB_MAPPING_REQUIRED,AUDIT_OR_DOMAIN_EVENT_REQUIRED,services/api/src/routes/notifications.routes.ts,apps/mobile,PASS_CONTRACT_FROZEN_IMPLEMENTATION_VERIFICATION_LATER
POST,/api/v1/notifications/test,NOTI,NOTI-PHASE1,YES,USER,AUTHENTICATED_USER_EQUALS_OWNER_OR_PRIVILEGED_POLICY,PHASE1_SCHEMA_CONTRACT_REQUIRED,STANDARD_API_ENVELOPE_FINAL,201_OR_200,ERROR_TAXONOMY_FINAL,YES,TRANSACTION_OR_IDEMPOTENCY_OR_OPTIMISTIC_VERSION,AUTH_MIDDLEWARE_RATE_LIMIT_POLICY,N/A,PHASE2_DB_MAPPING_REQUIRED,AUDIT_OR_DOMAIN_EVENT_REQUIRED,services/api/src/routes/notifications.routes.ts,apps/mobile,PASS_CONTRACT_FROZEN_IMPLEMENTATION_VERIFICATION_LATER
POST,/api/v1/notifications/rules/preview,NOTI,NOTI-PHASE1,YES,USER,AUTHENTICATED_USER_EQUALS_OWNER_OR_PRIVILEGED_POLICY,PHASE1_SCHEMA_CONTRACT_REQUIRED,STANDARD_API_ENVELOPE_FINAL,201_OR_200,ERROR_TAXONOMY_FINAL,YES,TRANSACTION_OR_IDEMPOTENCY_OR_OPTIMISTIC_VERSION,AUTH_MIDDLEWARE_RATE_LIMIT_POLICY,N/A,PHASE2_DB_MAPPING_REQUIRED,AUDIT_OR_DOMAIN_EVENT_REQUIRED,services/api/src/routes/notifications.routes.ts,apps/mobile,PASS_CONTRACT_FROZEN_IMPLEMENTATION_VERIFICATION_LATER
GET,/api/v1/notifications/{notificationId},NOTI,NOTI-PHASE1,YES,USER,AUTHENTICATED_USER_EQUALS_OWNER_OR_PRIVILEGED_POLICY,PHASE1_SCHEMA_CONTRACT_REQUIRED,STANDARD_API_ENVELOPE_FINAL,200,ERROR_TAXONOMY_FINAL,NO,READ_CONSISTENCY,AUTH_MIDDLEWARE_RATE_LIMIT_POLICY,N/A,PHASE2_DB_MAPPING_REQUIRED,REQUEST_TRACE_ONLY,services/api/src/routes/notifications.routes.ts,apps/mobile,PASS_CONTRACT_FROZEN_IMPLEMENTATION_VERIFICATION_LATER
DELETE,/api/v1/notifications/{notificationId},NOTI,NOTI-PHASE1,YES,USER,AUTHENTICATED_USER_EQUALS_OWNER_OR_PRIVILEGED_POLICY,PHASE1_SCHEMA_CONTRACT_REQUIRED,STANDARD_API_ENVELOPE_FINAL,200,ERROR_TAXONOMY_FINAL,YES,TRANSACTION_OR_IDEMPOTENCY_OR_OPTIMISTIC_VERSION,AUTH_MIDDLEWARE_RATE_LIMIT_POLICY,N/A,PHASE2_DB_MAPPING_REQUIRED,AUDIT_OR_DOMAIN_EVENT_REQUIRED,services/api/src/routes/notifications.routes.ts,apps/mobile,PASS_CONTRACT_FROZEN_IMPLEMENTATION_VERIFICATION_LATER
POST,/api/v1/notifications/{notificationId}/read,NOTI,NOTI-PHASE1,YES,USER,AUTHENTICATED_USER_EQUALS_OWNER_OR_PRIVILEGED_POLICY,PHASE1_SCHEMA_CONTRACT_REQUIRED,STANDARD_API_ENVELOPE_FINAL,201_OR_200,ERROR_TAXONOMY_FINAL,YES,TRANSACTION_OR_IDEMPOTENCY_OR_OPTIMISTIC_VERSION,AUTH_MIDDLEWARE_RATE_LIMIT_POLICY,N/A,PHASE2_DB_MAPPING_REQUIRED,AUDIT_OR_DOMAIN_EVENT_REQUIRED,services/api/src/routes/notifications.routes.ts,apps/mobile,PASS_CONTRACT_FROZEN_IMPLEMENTATION_VERIFICATION_LATER
POST,/api/v1/notifications/{notificationId}/archive,NOTI,NOTI-PHASE1,YES,USER,AUTHENTICATED_USER_EQUALS_OWNER_OR_PRIVILEGED_POLICY,PHASE1_SCHEMA_CONTRACT_REQUIRED,STANDARD_API_ENVELOPE_FINAL,201_OR_200,ERROR_TAXONOMY_FINAL,YES,TRANSACTION_OR_IDEMPOTENCY_OR_OPTIMISTIC_VERSION,AUTH_MIDDLEWARE_RATE_LIMIT_POLICY,N/A,PHASE2_DB_MAPPING_REQUIRED,AUDIT_OR_DOMAIN_EVENT_REQUIRED,services/api/src/routes/notifications.routes.ts,apps/mobile,PASS_CONTRACT_FROZEN_IMPLEMENTATION_VERIFICATION_LATER
GET,/api/v1/payroll,PAY,PAY-PHASE1,YES,USER,AUTHENTICATED_USER_EQUALS_OWNER_OR_PRIVILEGED_POLICY,PHASE1_SCHEMA_CONTRACT_REQUIRED,STANDARD_API_ENVELOPE_FINAL,200,ERROR_TAXONOMY_FINAL,NO,READ_CONSISTENCY,AUTH_MIDDLEWARE_RATE_LIMIT_POLICY,CURSOR_DEFAULT_20_MAX_100,PHASE2_DB_MAPPING_REQUIRED,REQUEST_TRACE_ONLY,services/api/src/routes/payroll.routes.ts,apps/mobile,PASS_CONTRACT_FROZEN_IMPLEMENTATION_VERIFICATION_LATER
POST,/api/v1/payroll,PAY,PAY-PHASE1,YES,USER,AUTHENTICATED_USER_EQUALS_OWNER_OR_PRIVILEGED_POLICY,PHASE1_SCHEMA_CONTRACT_REQUIRED,STANDARD_API_ENVELOPE_FINAL,201_OR_200,ERROR_TAXONOMY_FINAL,YES,TRANSACTION_OR_IDEMPOTENCY_OR_OPTIMISTIC_VERSION,AUTH_MIDDLEWARE_RATE_LIMIT_POLICY,N/A,PHASE2_DB_MAPPING_REQUIRED,AUDIT_OR_DOMAIN_EVENT_REQUIRED,services/api/src/routes/payroll.routes.ts,apps/mobile,PASS_CONTRACT_FROZEN_IMPLEMENTATION_VERIFICATION_LATER
GET,/api/v1/payroll/home,PAY,PAY-PHASE1,YES,USER,AUTHENTICATED_USER_EQUALS_OWNER_OR_PRIVILEGED_POLICY,PHASE1_SCHEMA_CONTRACT_REQUIRED,STANDARD_API_ENVELOPE_FINAL,200,ERROR_TAXONOMY_FINAL,NO,READ_CONSISTENCY,AUTH_MIDDLEWARE_RATE_LIMIT_POLICY,N/A,PHASE2_DB_MAPPING_REQUIRED,REQUEST_TRACE_ONLY,services/api/src/routes/payroll.routes.ts,apps/mobile,PASS_CONTRACT_FROZEN_IMPLEMENTATION_VERIFICATION_LATER
GET,/api/v1/payroll/current,PAY,PAY-PHASE1,YES,USER,AUTHENTICATED_USER_EQUALS_OWNER_OR_PRIVILEGED_POLICY,PHASE1_SCHEMA_CONTRACT_REQUIRED,STANDARD_API_ENVELOPE_FINAL,200,ERROR_TAXONOMY_FINAL,NO,READ_CONSISTENCY,AUTH_MIDDLEWARE_RATE_LIMIT_POLICY,N/A,PHASE2_DB_MAPPING_REQUIRED,REQUEST_TRACE_ONLY,services/api/src/routes/payroll.routes.ts,apps/mobile,PASS_CONTRACT_FROZEN_IMPLEMENTATION_VERIFICATION_LATER
GET,/api/v1/payroll/summary,PAY,PAY-PHASE1,YES,USER,AUTHENTICATED_USER_EQUALS_OWNER_OR_PRIVILEGED_POLICY,PHASE1_SCHEMA_CONTRACT_REQUIRED,STANDARD_API_ENVELOPE_FINAL,200,ERROR_TAXONOMY_FINAL,NO,READ_CONSISTENCY,AUTH_MIDDLEWARE_RATE_LIMIT_POLICY,CURSOR_DEFAULT_20_MAX_100,PHASE2_DB_MAPPING_REQUIRED,REQUEST_TRACE_ONLY,services/api/src/routes/payroll.routes.ts,apps/mobile,PASS_CONTRACT_FROZEN_IMPLEMENTATION_VERIFICATION_LATER
GET,/api/v1/payroll/calendar,PAY,PAY-PHASE1,YES,USER,AUTHENTICATED_USER_EQUALS_OWNER_OR_PRIVILEGED_POLICY,PHASE1_SCHEMA_CONTRACT_REQUIRED,STANDARD_API_ENVELOPE_FINAL,200,ERROR_TAXONOMY_FINAL,NO,READ_CONSISTENCY,AUTH_MIDDLEWARE_RATE_LIMIT_POLICY,CURSOR_DEFAULT_20_MAX_100,PHASE2_DB_MAPPING_REQUIRED,REQUEST_TRACE_ONLY,services/api/src/routes/payroll.routes.ts,apps/mobile,PASS_CONTRACT_FROZEN_IMPLEMENTATION_VERIFICATION_LATER
POST,/api/v1/payroll/simulate,PAY,PAY-PHASE1,YES,USER,AUTHENTICATED_USER_EQUALS_OWNER_OR_PRIVILEGED_POLICY,PHASE1_SCHEMA_CONTRACT_REQUIRED,STANDARD_API_ENVELOPE_FINAL,201_OR_200,ERROR_TAXONOMY_FINAL,YES,TRANSACTION_OR_IDEMPOTENCY_OR_OPTIMISTIC_VERSION,AUTH_MIDDLEWARE_RATE_LIMIT_POLICY,N/A,PHASE2_DB_MAPPING_REQUIRED,AUDIT_OR_DOMAIN_EVENT_REQUIRED,services/api/src/routes/payroll.routes.ts,apps/mobile,PASS_CONTRACT_FROZEN_IMPLEMENTATION_VERIFICATION_LATER
POST,/api/v1/payroll/recalculate,PAY,PAY-PHASE1,YES,USER,AUTHENTICATED_USER_EQUALS_OWNER_OR_PRIVILEGED_POLICY,PHASE1_SCHEMA_CONTRACT_REQUIRED,STANDARD_API_ENVELOPE_FINAL,201_OR_200,ERROR_TAXONOMY_FINAL,YES,TRANSACTION_OR_IDEMPOTENCY_OR_OPTIMISTIC_VERSION,AUTH_MIDDLEWARE_RATE_LIMIT_POLICY,N/A,PHASE2_DB_MAPPING_REQUIRED,AUDIT_OR_DOMAIN_EVENT_REQUIRED,services/api/src/routes/payroll.routes.ts,apps/mobile,PASS_CONTRACT_FROZEN_IMPLEMENTATION_VERIFICATION_LATER
GET,/api/v1/payroll/{planId},PAY,PAY-PHASE1,YES,USER,AUTHENTICATED_USER_EQUALS_OWNER_OR_PRIVILEGED_POLICY,PHASE1_SCHEMA_CONTRACT_REQUIRED,STANDARD_API_ENVELOPE_FINAL,200,ERROR_TAXONOMY_FINAL,NO,READ_CONSISTENCY,AUTH_MIDDLEWARE_RATE_LIMIT_POLICY,N/A,PHASE2_DB_MAPPING_REQUIRED,REQUEST_TRACE_ONLY,services/api/src/routes/payroll.routes.ts,apps/mobile,PASS_CONTRACT_FROZEN_IMPLEMENTATION_VERIFICATION_LATER
PATCH,/api/v1/payroll/{planId},PAY,PAY-PHASE1,YES,USER,AUTHENTICATED_USER_EQUALS_OWNER_OR_PRIVILEGED_POLICY,PHASE1_SCHEMA_CONTRACT_REQUIRED,STANDARD_API_ENVELOPE_FINAL,200,ERROR_TAXONOMY_FINAL,YES,TRANSACTION_OR_IDEMPOTENCY_OR_OPTIMISTIC_VERSION,AUTH_MIDDLEWARE_RATE_LIMIT_POLICY,N/A,PHASE2_DB_MAPPING_REQUIRED,AUDIT_OR_DOMAIN_EVENT_REQUIRED,services/api/src/routes/payroll.routes.ts,apps/mobile,PASS_CONTRACT_FROZEN_IMPLEMENTATION_VERIFICATION_LATER
DELETE,/api/v1/payroll/{planId},PAY,PAY-PHASE1,YES,USER,AUTHENTICATED_USER_EQUALS_OWNER_OR_PRIVILEGED_POLICY,PHASE1_SCHEMA_CONTRACT_REQUIRED,STANDARD_API_ENVELOPE_FINAL,200,ERROR_TAXONOMY_FINAL,YES,TRANSACTION_OR_IDEMPOTENCY_OR_OPTIMISTIC_VERSION,AUTH_MIDDLEWARE_RATE_LIMIT_POLICY,N/A,PHASE2_DB_MAPPING_REQUIRED,AUDIT_OR_DOMAIN_EVENT_REQUIRED,services/api/src/routes/payroll.routes.ts,apps/mobile,PASS_CONTRACT_FROZEN_IMPLEMENTATION_VERIFICATION_LATER
POST,/api/v1/payroll/{planId}/activate,PAY,PAY-PHASE1,YES,USER,AUTHENTICATED_USER_EQUALS_OWNER_OR_PRIVILEGED_POLICY,PHASE1_SCHEMA_CONTRACT_REQUIRED,STANDARD_API_ENVELOPE_FINAL,201_OR_200,ERROR_TAXONOMY_FINAL,YES,TRANSACTION_OR_IDEMPOTENCY_OR_OPTIMISTIC_VERSION,AUTH_MIDDLEWARE_RATE_LIMIT_POLICY,N/A,PHASE2_DB_MAPPING_REQUIRED,AUDIT_OR_DOMAIN_EVENT_REQUIRED,services/api/src/routes/payroll.routes.ts,apps/mobile,PASS_CONTRACT_FROZEN_IMPLEMENTATION_VERIFICATION_LATER
POST,/api/v1/payroll/{planId}/pause,PAY,PAY-PHASE1,YES,USER,AUTHENTICATED_USER_EQUALS_OWNER_OR_PRIVILEGED_POLICY,PHASE1_SCHEMA_CONTRACT_REQUIRED,STANDARD_API_ENVELOPE_FINAL,201_OR_200,ERROR_TAXONOMY_FINAL,YES,TRANSACTION_OR_IDEMPOTENCY_OR_OPTIMISTIC_VERSION,AUTH_MIDDLEWARE_RATE_LIMIT_POLICY,N/A,PHASE2_DB_MAPPING_REQUIRED,AUDIT_OR_DOMAIN_EVENT_REQUIRED,services/api/src/routes/payroll.routes.ts,apps/mobile,PASS_CONTRACT_FROZEN_IMPLEMENTATION_VERIFICATION_LATER
POST,/api/v1/payroll/{planId}/archive,PAY,PAY-PHASE1,YES,USER,AUTHENTICATED_USER_EQUALS_OWNER_OR_PRIVILEGED_POLICY,PHASE1_SCHEMA_CONTRACT_REQUIRED,STANDARD_API_ENVELOPE_FINAL,201_OR_200,ERROR_TAXONOMY_FINAL,YES,TRANSACTION_OR_IDEMPOTENCY_OR_OPTIMISTIC_VERSION,AUTH_MIDDLEWARE_RATE_LIMIT_POLICY,N/A,PHASE2_DB_MAPPING_REQUIRED,AUDIT_OR_DOMAIN_EVENT_REQUIRED,services/api/src/routes/payroll.routes.ts,apps/mobile,PASS_CONTRACT_FROZEN_IMPLEMENTATION_VERIFICATION_LATER
GET,/api/v1/savings,SAV,SAV-PHASE1,YES,USER,AUTHENTICATED_USER_EQUALS_OWNER_OR_PRIVILEGED_POLICY,PHASE1_SCHEMA_CONTRACT_REQUIRED,STANDARD_API_ENVELOPE_FINAL,200,ERROR_TAXONOMY_FINAL,NO,READ_CONSISTENCY,AUTH_MIDDLEWARE_RATE_LIMIT_POLICY,CURSOR_DEFAULT_20_MAX_100,PHASE2_DB_MAPPING_REQUIRED,REQUEST_TRACE_ONLY,services/api/src/routes/savings.routes.ts,apps/mobile,PASS_CONTRACT_FROZEN_IMPLEMENTATION_VERIFICATION_LATER
POST,/api/v1/savings,SAV,SAV-PHASE1,YES,USER,AUTHENTICATED_USER_EQUALS_OWNER_OR_PRIVILEGED_POLICY,PHASE1_SCHEMA_CONTRACT_REQUIRED,STANDARD_API_ENVELOPE_FINAL,201_OR_200,ERROR_TAXONOMY_FINAL,YES,TRANSACTION_OR_IDEMPOTENCY_OR_OPTIMISTIC_VERSION,AUTH_MIDDLEWARE_RATE_LIMIT_POLICY,N/A,PHASE2_DB_MAPPING_REQUIRED,AUDIT_OR_DOMAIN_EVENT_REQUIRED,services/api/src/routes/savings.routes.ts,apps/mobile,PASS_CONTRACT_FROZEN_IMPLEMENTATION_VERIFICATION_LATER
GET,/api/v1/savings/summary,SAV,SAV-PHASE1,YES,USER,AUTHENTICATED_USER_EQUALS_OWNER_OR_PRIVILEGED_POLICY,PHASE1_SCHEMA_CONTRACT_REQUIRED,STANDARD_API_ENVELOPE_FINAL,200,ERROR_TAXONOMY_FINAL,NO,READ_CONSISTENCY,AUTH_MIDDLEWARE_RATE_LIMIT_POLICY,CURSOR_DEFAULT_20_MAX_100,PHASE2_DB_MAPPING_REQUIRED,REQUEST_TRACE_ONLY,services/api/src/routes/savings.routes.ts,apps/mobile,PASS_CONTRACT_FROZEN_IMPLEMENTATION_VERIFICATION_LATER
GET,/api/v1/savings/upcoming,SAV,SAV-PHASE1,YES,USER,AUTHENTICATED_USER_EQUALS_OWNER_OR_PRIVILEGED_POLICY,PHASE1_SCHEMA_CONTRACT_REQUIRED,STANDARD_API_ENVELOPE_FINAL,200,ERROR_TAXONOMY_FINAL,NO,READ_CONSISTENCY,AUTH_MIDDLEWARE_RATE_LIMIT_POLICY,CURSOR_DEFAULT_20_MAX_100,PHASE2_DB_MAPPING_REQUIRED,REQUEST_TRACE_ONLY,services/api/src/routes/savings.routes.ts,apps/mobile,PASS_CONTRACT_FROZEN_IMPLEMENTATION_VERIFICATION_LATER
GET,/api/v1/savings/calendar,SAV,SAV-PHASE1,YES,USER,AUTHENTICATED_USER_EQUALS_OWNER_OR_PRIVILEGED_POLICY,PHASE1_SCHEMA_CONTRACT_REQUIRED,STANDARD_API_ENVELOPE_FINAL,200,ERROR_TAXONOMY_FINAL,NO,READ_CONSISTENCY,AUTH_MIDDLEWARE_RATE_LIMIT_POLICY,CURSOR_DEFAULT_20_MAX_100,PHASE2_DB_MAPPING_REQUIRED,REQUEST_TRACE_ONLY,services/api/src/routes/savings.routes.ts,apps/mobile,PASS_CONTRACT_FROZEN_IMPLEMENTATION_VERIFICATION_LATER
POST,/api/v1/savings/impact,SAV,SAV-PHASE1,YES,USER,AUTHENTICATED_USER_EQUALS_OWNER_OR_PRIVILEGED_POLICY,PHASE1_SCHEMA_CONTRACT_REQUIRED,STANDARD_API_ENVELOPE_FINAL,201_OR_200,ERROR_TAXONOMY_FINAL,YES,TRANSACTION_OR_IDEMPOTENCY_OR_OPTIMISTIC_VERSION,AUTH_MIDDLEWARE_RATE_LIMIT_POLICY,N/A,PHASE2_DB_MAPPING_REQUIRED,AUDIT_OR_DOMAIN_EVENT_REQUIRED,services/api/src/routes/savings.routes.ts,apps/mobile,PASS_CONTRACT_FROZEN_IMPLEMENTATION_VERIFICATION_LATER
GET,/api/v1/savings/{goalId},SAV,SAV-PHASE1,YES,USER,AUTHENTICATED_USER_EQUALS_OWNER_OR_PRIVILEGED_POLICY,PHASE1_SCHEMA_CONTRACT_REQUIRED,STANDARD_API_ENVELOPE_FINAL,200,ERROR_TAXONOMY_FINAL,NO,READ_CONSISTENCY,AUTH_MIDDLEWARE_RATE_LIMIT_POLICY,N/A,PHASE2_DB_MAPPING_REQUIRED,REQUEST_TRACE_ONLY,services/api/src/routes/savings.routes.ts,apps/mobile,PASS_CONTRACT_FROZEN_IMPLEMENTATION_VERIFICATION_LATER
PATCH,/api/v1/savings/{goalId},SAV,SAV-PHASE1,YES,USER,AUTHENTICATED_USER_EQUALS_OWNER_OR_PRIVILEGED_POLICY,PHASE1_SCHEMA_CONTRACT_REQUIRED,STANDARD_API_ENVELOPE_FINAL,200,ERROR_TAXONOMY_FINAL,YES,TRANSACTION_OR_IDEMPOTENCY_OR_OPTIMISTIC_VERSION,AUTH_MIDDLEWARE_RATE_LIMIT_POLICY,N/A,PHASE2_DB_MAPPING_REQUIRED,AUDIT_OR_DOMAIN_EVENT_REQUIRED,services/api/src/routes/savings.routes.ts,apps/mobile,PASS_CONTRACT_FROZEN_IMPLEMENTATION_VERIFICATION_LATER
DELETE,/api/v1/savings/{goalId},SAV,SAV-PHASE1,YES,USER,AUTHENTICATED_USER_EQUALS_OWNER_OR_PRIVILEGED_POLICY,PHASE1_SCHEMA_CONTRACT_REQUIRED,STANDARD_API_ENVELOPE_FINAL,200,ERROR_TAXONOMY_FINAL,YES,TRANSACTION_OR_IDEMPOTENCY_OR_OPTIMISTIC_VERSION,AUTH_MIDDLEWARE_RATE_LIMIT_POLICY,N/A,PHASE2_DB_MAPPING_REQUIRED,AUDIT_OR_DOMAIN_EVENT_REQUIRED,services/api/src/routes/savings.routes.ts,apps/mobile,PASS_CONTRACT_FROZEN_IMPLEMENTATION_VERIFICATION_LATER
POST,/api/v1/savings/{goalId}/pause,SAV,SAV-PHASE1,YES,USER,AUTHENTICATED_USER_EQUALS_OWNER_OR_PRIVILEGED_POLICY,PHASE1_SCHEMA_CONTRACT_REQUIRED,STANDARD_API_ENVELOPE_FINAL,201_OR_200,ERROR_TAXONOMY_FINAL,YES,TRANSACTION_OR_IDEMPOTENCY_OR_OPTIMISTIC_VERSION,AUTH_MIDDLEWARE_RATE_LIMIT_POLICY,N/A,PHASE2_DB_MAPPING_REQUIRED,AUDIT_OR_DOMAIN_EVENT_REQUIRED,services/api/src/routes/savings.routes.ts,apps/mobile,PASS_CONTRACT_FROZEN_IMPLEMENTATION_VERIFICATION_LATER
POST,/api/v1/savings/{goalId}/resume,SAV,SAV-PHASE1,YES,USER,AUTHENTICATED_USER_EQUALS_OWNER_OR_PRIVILEGED_POLICY,PHASE1_SCHEMA_CONTRACT_REQUIRED,STANDARD_API_ENVELOPE_FINAL,201_OR_200,ERROR_TAXONOMY_FINAL,YES,TRANSACTION_OR_IDEMPOTENCY_OR_OPTIMISTIC_VERSION,AUTH_MIDDLEWARE_RATE_LIMIT_POLICY,N/A,PHASE2_DB_MAPPING_REQUIRED,AUDIT_OR_DOMAIN_EVENT_REQUIRED,services/api/src/routes/savings.routes.ts,apps/mobile,PASS_CONTRACT_FROZEN_IMPLEMENTATION_VERIFICATION_LATER
POST,/api/v1/savings/{goalId}/archive,SAV,SAV-PHASE1,YES,USER,AUTHENTICATED_USER_EQUALS_OWNER_OR_PRIVILEGED_POLICY,PHASE1_SCHEMA_CONTRACT_REQUIRED,STANDARD_API_ENVELOPE_FINAL,201_OR_200,ERROR_TAXONOMY_FINAL,YES,TRANSACTION_OR_IDEMPOTENCY_OR_OPTIMISTIC_VERSION,AUTH_MIDDLEWARE_RATE_LIMIT_POLICY,N/A,PHASE2_DB_MAPPING_REQUIRED,AUDIT_OR_DOMAIN_EVENT_REQUIRED,services/api/src/routes/savings.routes.ts,apps/mobile,PASS_CONTRACT_FROZEN_IMPLEMENTATION_VERIFICATION_LATER
GET,/api/v1/savings/{goalId}/transactions,SAV,SAV-PHASE1,YES,USER,AUTHENTICATED_USER_EQUALS_OWNER_OR_PRIVILEGED_POLICY,PHASE1_SCHEMA_CONTRACT_REQUIRED,STANDARD_API_ENVELOPE_FINAL,200,ERROR_TAXONOMY_FINAL,NO,READ_CONSISTENCY,AUTH_MIDDLEWARE_RATE_LIMIT_POLICY,N/A,PHASE2_DB_MAPPING_REQUIRED,REQUEST_TRACE_ONLY,services/api/src/routes/savings.routes.ts,apps/mobile,PASS_CONTRACT_FROZEN_IMPLEMENTATION_VERIFICATION_LATER
POST,/api/v1/savings/{goalId}/transactions,SAV,SAV-PHASE1,YES,USER,AUTHENTICATED_USER_EQUALS_OWNER_OR_PRIVILEGED_POLICY,PHASE1_SCHEMA_CONTRACT_REQUIRED,STANDARD_API_ENVELOPE_FINAL,201_OR_200,ERROR_TAXONOMY_FINAL,YES,TRANSACTION_OR_IDEMPOTENCY_OR_OPTIMISTIC_VERSION,AUTH_MIDDLEWARE_RATE_LIMIT_POLICY,N/A,PHASE2_DB_MAPPING_REQUIRED,AUDIT_OR_DOMAIN_EVENT_REQUIRED,services/api/src/routes/savings.routes.ts,apps/mobile,PASS_CONTRACT_FROZEN_IMPLEMENTATION_VERIFICATION_LATER
POST,/api/v1/savings/{goalId}/deposit,SAV,SAV-PHASE1,YES,USER,AUTHENTICATED_USER_EQUALS_OWNER_OR_PRIVILEGED_POLICY,PHASE1_SCHEMA_CONTRACT_REQUIRED,STANDARD_API_ENVELOPE_FINAL,201_OR_200,ERROR_TAXONOMY_FINAL,YES,TRANSACTION_OR_IDEMPOTENCY_OR_OPTIMISTIC_VERSION,AUTH_MIDDLEWARE_RATE_LIMIT_POLICY,N/A,PHASE2_DB_MAPPING_REQUIRED,AUDIT_OR_DOMAIN_EVENT_REQUIRED,services/api/src/routes/savings.routes.ts,apps/mobile,PASS_CONTRACT_FROZEN_IMPLEMENTATION_VERIFICATION_LATER
POST,/api/v1/savings/{goalId}/withdraw,SAV,SAV-PHASE1,YES,USER,AUTHENTICATED_USER_EQUALS_OWNER_OR_PRIVILEGED_POLICY,PHASE1_SCHEMA_CONTRACT_REQUIRED,STANDARD_API_ENVELOPE_FINAL,201_OR_200,ERROR_TAXONOMY_FINAL,YES,TRANSACTION_OR_IDEMPOTENCY_OR_OPTIMISTIC_VERSION,AUTH_MIDDLEWARE_RATE_LIMIT_POLICY,N/A,PHASE2_DB_MAPPING_REQUIRED,AUDIT_OR_DOMAIN_EVENT_REQUIRED,services/api/src/routes/savings.routes.ts,apps/mobile,PASS_CONTRACT_FROZEN_IMPLEMENTATION_VERIFICATION_LATER
GET,/api/v1/uploads,WRITE,WRITE-PHASE1,YES,USER,AUTHENTICATED_USER_EQUALS_OWNER_OR_PRIVILEGED_POLICY,PHASE1_SCHEMA_CONTRACT_REQUIRED,STANDARD_API_ENVELOPE_FINAL,200,ERROR_TAXONOMY_FINAL,NO,READ_CONSISTENCY,AUTH_MIDDLEWARE_RATE_LIMIT_POLICY,CURSOR_DEFAULT_20_MAX_100,PHASE2_DB_MAPPING_REQUIRED,REQUEST_TRACE_ONLY,services/api/src/routes/uploads.routes.ts,apps/mobile,PASS_CONTRACT_FROZEN_IMPLEMENTATION_VERIFICATION_LATER
GET,/api/v1/uploads/quota,WRITE,WRITE-PHASE1,YES,USER,AUTHENTICATED_USER_EQUALS_OWNER_OR_PRIVILEGED_POLICY,PHASE1_SCHEMA_CONTRACT_REQUIRED,STANDARD_API_ENVELOPE_FINAL,200,ERROR_TAXONOMY_FINAL,NO,READ_CONSISTENCY,AUTH_MIDDLEWARE_RATE_LIMIT_POLICY,CURSOR_DEFAULT_20_MAX_100,PHASE2_DB_MAPPING_REQUIRED,REQUEST_TRACE_ONLY,services/api/src/routes/uploads.routes.ts,apps/mobile,PASS_CONTRACT_FROZEN_IMPLEMENTATION_VERIFICATION_LATER
POST,/api/v1/uploads/prepare,WRITE,WRITE-PHASE1,YES,USER,AUTHENTICATED_USER_EQUALS_OWNER_OR_PRIVILEGED_POLICY,PHASE1_SCHEMA_CONTRACT_REQUIRED,STANDARD_API_ENVELOPE_FINAL,201_OR_200,ERROR_TAXONOMY_FINAL,NO,TRANSACTION_OR_IDEMPOTENCY_OR_OPTIMISTIC_VERSION,AUTH_MIDDLEWARE_RATE_LIMIT_POLICY,N/A,PHASE2_DB_MAPPING_REQUIRED,AUDIT_OR_DOMAIN_EVENT_REQUIRED,services/api/src/routes/uploads.routes.ts,apps/mobile,PASS_CONTRACT_FROZEN_IMPLEMENTATION_VERIFICATION_LATER
POST,/api/v1/uploads/direct,WRITE,WRITE-PHASE1,YES,USER,AUTHENTICATED_USER_EQUALS_OWNER_OR_PRIVILEGED_POLICY,PHASE1_SCHEMA_CONTRACT_REQUIRED,STANDARD_API_ENVELOPE_FINAL,201_OR_200,ERROR_TAXONOMY_FINAL,NO,TRANSACTION_OR_IDEMPOTENCY_OR_OPTIMISTIC_VERSION,AUTH_MIDDLEWARE_RATE_LIMIT_POLICY,N/A,PHASE2_DB_MAPPING_REQUIRED,AUDIT_OR_DOMAIN_EVENT_REQUIRED,services/api/src/routes/uploads.routes.ts,apps/mobile,PASS_CONTRACT_FROZEN_IMPLEMENTATION_VERIFICATION_LATER
GET,/api/v1/uploads/{attachmentId},WRITE,WRITE-PHASE1,YES,USER,AUTHENTICATED_USER_EQUALS_OWNER_OR_PRIVILEGED_POLICY,PHASE1_SCHEMA_CONTRACT_REQUIRED,STANDARD_API_ENVELOPE_FINAL,200,ERROR_TAXONOMY_FINAL,NO,READ_CONSISTENCY,AUTH_MIDDLEWARE_RATE_LIMIT_POLICY,N/A,PHASE2_DB_MAPPING_REQUIRED,REQUEST_TRACE_ONLY,services/api/src/routes/uploads.routes.ts,apps/mobile,PASS_CONTRACT_FROZEN_IMPLEMENTATION_VERIFICATION_LATER
PATCH,/api/v1/uploads/{attachmentId},WRITE,WRITE-PHASE1,YES,USER,AUTHENTICATED_USER_EQUALS_OWNER_OR_PRIVILEGED_POLICY,PHASE1_SCHEMA_CONTRACT_REQUIRED,STANDARD_API_ENVELOPE_FINAL,200,ERROR_TAXONOMY_FINAL,NO,TRANSACTION_OR_IDEMPOTENCY_OR_OPTIMISTIC_VERSION,AUTH_MIDDLEWARE_RATE_LIMIT_POLICY,N/A,PHASE2_DB_MAPPING_REQUIRED,AUDIT_OR_DOMAIN_EVENT_REQUIRED,services/api/src/routes/uploads.routes.ts,apps/mobile,PASS_CONTRACT_FROZEN_IMPLEMENTATION_VERIFICATION_LATER
DELETE,/api/v1/uploads/{attachmentId},WRITE,WRITE-PHASE1,YES,USER,AUTHENTICATED_USER_EQUALS_OWNER_OR_PRIVILEGED_POLICY,PHASE1_SCHEMA_CONTRACT_REQUIRED,STANDARD_API_ENVELOPE_FINAL,200,ERROR_TAXONOMY_FINAL,NO,TRANSACTION_OR_IDEMPOTENCY_OR_OPTIMISTIC_VERSION,AUTH_MIDDLEWARE_RATE_LIMIT_POLICY,N/A,PHASE2_DB_MAPPING_REQUIRED,AUDIT_OR_DOMAIN_EVENT_REQUIRED,services/api/src/routes/uploads.routes.ts,apps/mobile,PASS_CONTRACT_FROZEN_IMPLEMENTATION_VERIFICATION_LATER
POST,/api/v1/uploads/{attachmentId}/finalize,WRITE,WRITE-PHASE1,YES,USER,AUTHENTICATED_USER_EQUALS_OWNER_OR_PRIVILEGED_POLICY,PHASE1_SCHEMA_CONTRACT_REQUIRED,STANDARD_API_ENVELOPE_FINAL,201_OR_200,ERROR_TAXONOMY_FINAL,YES,TRANSACTION_OR_IDEMPOTENCY_OR_OPTIMISTIC_VERSION,AUTH_MIDDLEWARE_RATE_LIMIT_POLICY,N/A,PHASE2_DB_MAPPING_REQUIRED,AUDIT_OR_DOMAIN_EVENT_REQUIRED,services/api/src/routes/uploads.routes.ts,apps/mobile,PASS_CONTRACT_FROZEN_IMPLEMENTATION_VERIFICATION_LATER
POST,/api/v1/uploads/{attachmentId}/scan,WRITE,WRITE-PHASE1,YES,USER,AUTHENTICATED_USER_EQUALS_OWNER_OR_PRIVILEGED_POLICY,PHASE1_SCHEMA_CONTRACT_REQUIRED,STANDARD_API_ENVELOPE_FINAL,201_OR_200,ERROR_TAXONOMY_FINAL,NO,TRANSACTION_OR_IDEMPOTENCY_OR_OPTIMISTIC_VERSION,AUTH_MIDDLEWARE_RATE_LIMIT_POLICY,N/A,PHASE2_DB_MAPPING_REQUIRED,AUDIT_OR_DOMAIN_EVENT_REQUIRED,services/api/src/routes/uploads.routes.ts,apps/mobile,PASS_CONTRACT_FROZEN_IMPLEMENTATION_VERIFICATION_LATER
GET,/api/v1/uploads/{attachmentId}/download,WRITE,WRITE-PHASE1,YES,USER,AUTHENTICATED_USER_EQUALS_OWNER_OR_PRIVILEGED_POLICY,PHASE1_SCHEMA_CONTRACT_REQUIRED,STANDARD_API_ENVELOPE_FINAL,200,ERROR_TAXONOMY_FINAL,NO,READ_CONSISTENCY,AUTH_MIDDLEWARE_RATE_LIMIT_POLICY,N/A,PHASE2_DB_MAPPING_REQUIRED,REQUEST_TRACE_ONLY,services/api/src/routes/uploads.routes.ts,apps/mobile,PASS_CONTRACT_FROZEN_IMPLEMENTATION_VERIFICATION_LATER
GET,/api/v1/uploads/{attachmentId}/content,WRITE,WRITE-PHASE1,YES,USER,AUTHENTICATED_USER_EQUALS_OWNER_OR_PRIVILEGED_POLICY,PHASE1_SCHEMA_CONTRACT_REQUIRED,STANDARD_API_ENVELOPE_FINAL,200,ERROR_TAXONOMY_FINAL,NO,READ_CONSISTENCY,AUTH_MIDDLEWARE_RATE_LIMIT_POLICY,N/A,PHASE2_DB_MAPPING_REQUIRED,REQUEST_TRACE_ONLY,services/api/src/routes/uploads.routes.ts,apps/mobile,PASS_CONTRACT_FROZEN_IMPLEMENTATION_VERIFICATION_LATER
POST,/api/v1/uploads/{attachmentId}/attach,WRITE,WRITE-PHASE1,YES,USER,AUTHENTICATED_USER_EQUALS_OWNER_OR_PRIVILEGED_POLICY,PHASE1_SCHEMA_CONTRACT_REQUIRED,STANDARD_API_ENVELOPE_FINAL,201_OR_200,ERROR_TAXONOMY_FINAL,NO,TRANSACTION_OR_IDEMPOTENCY_OR_OPTIMISTIC_VERSION,AUTH_MIDDLEWARE_RATE_LIMIT_POLICY,N/A,PHASE2_DB_MAPPING_REQUIRED,AUDIT_OR_DOMAIN_EVENT_REQUIRED,services/api/src/routes/uploads.routes.ts,apps/mobile,PASS_CONTRACT_FROZEN_IMPLEMENTATION_VERIFICATION_LATER
GET,/api/v1/users,PROF,PROF-PHASE1,YES,USER,AUTHENTICATED_USER_EQUALS_OWNER_OR_PRIVILEGED_POLICY,PHASE1_SCHEMA_CONTRACT_REQUIRED,STANDARD_API_ENVELOPE_FINAL,200,ERROR_TAXONOMY_FINAL,NO,READ_CONSISTENCY,AUTH_MIDDLEWARE_RATE_LIMIT_POLICY,CURSOR_DEFAULT_20_MAX_100,PHASE2_DB_MAPPING_REQUIRED,REQUEST_TRACE_ONLY,services/api/src/routes/users.routes.ts,apps/mobile,PASS_CONTRACT_FROZEN_IMPLEMENTATION_VERIFICATION_LATER
GET,/api/v1/users/me,PROF,PROF-PHASE1,YES,USER,AUTHENTICATED_USER_EQUALS_OWNER_OR_PRIVILEGED_POLICY,PHASE1_SCHEMA_CONTRACT_REQUIRED,STANDARD_API_ENVELOPE_FINAL,200,ERROR_TAXONOMY_FINAL,NO,READ_CONSISTENCY,AUTH_MIDDLEWARE_RATE_LIMIT_POLICY,N/A,PHASE2_DB_MAPPING_REQUIRED,REQUEST_TRACE_ONLY,services/api/src/routes/users.routes.ts,apps/mobile,PASS_CONTRACT_FROZEN_IMPLEMENTATION_VERIFICATION_LATER
PATCH,/api/v1/users/me,PROF,PROF-PHASE1,YES,USER,AUTHENTICATED_USER_EQUALS_OWNER_OR_PRIVILEGED_POLICY,PHASE1_SCHEMA_CONTRACT_REQUIRED,STANDARD_API_ENVELOPE_FINAL,200,ERROR_TAXONOMY_FINAL,NO,TRANSACTION_OR_IDEMPOTENCY_OR_OPTIMISTIC_VERSION,AUTH_MIDDLEWARE_RATE_LIMIT_POLICY,N/A,PHASE2_DB_MAPPING_REQUIRED,AUDIT_OR_DOMAIN_EVENT_REQUIRED,services/api/src/routes/users.routes.ts,apps/mobile,PASS_CONTRACT_FROZEN_IMPLEMENTATION_VERIFICATION_LATER
GET,/api/v1/users/me/profile,PROF,PROF-PHASE1,YES,USER,AUTHENTICATED_USER_EQUALS_OWNER_OR_PRIVILEGED_POLICY,PHASE1_SCHEMA_CONTRACT_REQUIRED,STANDARD_API_ENVELOPE_FINAL,200,ERROR_TAXONOMY_FINAL,NO,READ_CONSISTENCY,AUTH_MIDDLEWARE_RATE_LIMIT_POLICY,CURSOR_DEFAULT_20_MAX_100,PHASE2_DB_MAPPING_REQUIRED,REQUEST_TRACE_ONLY,services/api/src/routes/users.routes.ts,apps/mobile,PASS_CONTRACT_FROZEN_IMPLEMENTATION_VERIFICATION_LATER
PATCH,/api/v1/users/me/profile,PROF,PROF-PHASE1,YES,USER,AUTHENTICATED_USER_EQUALS_OWNER_OR_PRIVILEGED_POLICY,PHASE1_SCHEMA_CONTRACT_REQUIRED,STANDARD_API_ENVELOPE_FINAL,200,ERROR_TAXONOMY_FINAL,NO,TRANSACTION_OR_IDEMPOTENCY_OR_OPTIMISTIC_VERSION,AUTH_MIDDLEWARE_RATE_LIMIT_POLICY,N/A,PHASE2_DB_MAPPING_REQUIRED,AUDIT_OR_DOMAIN_EVENT_REQUIRED,services/api/src/routes/users.routes.ts,apps/mobile,PASS_CONTRACT_FROZEN_IMPLEMENTATION_VERIFICATION_LATER
POST,/api/v1/users/me/onboarding-complete,PROF,PROF-PHASE1,YES,USER,AUTHENTICATED_USER_EQUALS_OWNER_OR_PRIVILEGED_POLICY,PHASE1_SCHEMA_CONTRACT_REQUIRED,STANDARD_API_ENVELOPE_FINAL,201_OR_200,ERROR_TAXONOMY_FINAL,YES,TRANSACTION_OR_IDEMPOTENCY_OR_OPTIMISTIC_VERSION,AUTH_MIDDLEWARE_RATE_LIMIT_POLICY,N/A,PHASE2_DB_MAPPING_REQUIRED,AUDIT_OR_DOMAIN_EVENT_REQUIRED,services/api/src/routes/users.routes.ts,apps/mobile,PASS_CONTRACT_FROZEN_IMPLEMENTATION_VERIFICATION_LATER
GET,/api/v1/users/me/summary,PROF,PROF-PHASE1,YES,USER,AUTHENTICATED_USER_EQUALS_OWNER_OR_PRIVILEGED_POLICY,PHASE1_SCHEMA_CONTRACT_REQUIRED,STANDARD_API_ENVELOPE_FINAL,200,ERROR_TAXONOMY_FINAL,NO,READ_CONSISTENCY,AUTH_MIDDLEWARE_RATE_LIMIT_POLICY,CURSOR_DEFAULT_20_MAX_100,PHASE2_DB_MAPPING_REQUIRED,REQUEST_TRACE_ONLY,services/api/src/routes/users.routes.ts,apps/mobile,PASS_CONTRACT_FROZEN_IMPLEMENTATION_VERIFICATION_LATER
GET,/api/v1/users/me/my-page-summary,PROF,PROF-PHASE1,YES,USER,AUTHENTICATED_USER_EQUALS_OWNER_OR_PRIVILEGED_POLICY,PHASE1_SCHEMA_CONTRACT_REQUIRED,STANDARD_API_ENVELOPE_FINAL,200,ERROR_TAXONOMY_FINAL,NO,READ_CONSISTENCY,AUTH_MIDDLEWARE_RATE_LIMIT_POLICY,CURSOR_DEFAULT_20_MAX_100,PHASE2_DB_MAPPING_REQUIRED,REQUEST_TRACE_ONLY,services/api/src/routes/users.routes.ts,apps/mobile,PASS_CONTRACT_FROZEN_IMPLEMENTATION_VERIFICATION_LATER
GET,/api/v1/users/me/activity,PROF,PROF-PHASE1,YES,USER,AUTHENTICATED_USER_EQUALS_OWNER_OR_PRIVILEGED_POLICY,PHASE1_SCHEMA_CONTRACT_REQUIRED,STANDARD_API_ENVELOPE_FINAL,200,ERROR_TAXONOMY_FINAL,NO,READ_CONSISTENCY,AUTH_MIDDLEWARE_RATE_LIMIT_POLICY,CURSOR_DEFAULT_20_MAX_100,PHASE2_DB_MAPPING_REQUIRED,REQUEST_TRACE_ONLY,services/api/src/routes/users.routes.ts,apps/mobile,PASS_CONTRACT_FROZEN_IMPLEMENTATION_VERIFICATION_LATER
POST,/api/v1/users/me/withdrawal-request,PROF,PROF-PHASE1,YES,USER,AUTHENTICATED_USER_EQUALS_OWNER_OR_PRIVILEGED_POLICY,PHASE1_SCHEMA_CONTRACT_REQUIRED,STANDARD_API_ENVELOPE_FINAL,201_OR_200,ERROR_TAXONOMY_FINAL,NO,TRANSACTION_OR_IDEMPOTENCY_OR_OPTIMISTIC_VERSION,AUTH_MIDDLEWARE_RATE_LIMIT_POLICY,N/A,PHASE2_DB_MAPPING_REQUIRED,AUDIT_OR_DOMAIN_EVENT_REQUIRED,services/api/src/routes/users.routes.ts,apps/mobile,PASS_CONTRACT_FROZEN_IMPLEMENTATION_VERIFICATION_LATER
POST,/api/v1/users/me/support-tickets,PROF,PROF-PHASE1,YES,USER,AUTHENTICATED_USER_EQUALS_OWNER_OR_PRIVILEGED_POLICY,PHASE1_SCHEMA_CONTRACT_REQUIRED,STANDARD_API_ENVELOPE_FINAL,201_OR_200,ERROR_TAXONOMY_FINAL,NO,TRANSACTION_OR_IDEMPOTENCY_OR_OPTIMISTIC_VERSION,AUTH_MIDDLEWARE_RATE_LIMIT_POLICY,N/A,PHASE2_DB_MAPPING_REQUIRED,AUDIT_OR_DOMAIN_EVENT_REQUIRED,services/api/src/routes/users.routes.ts,apps/mobile,PASS_CONTRACT_FROZEN_IMPLEMENTATION_VERIFICATION_LATER
POST,/api/v1/users/me/withdraw,PROF,PROF-PHASE1,YES,USER,AUTHENTICATED_USER_EQUALS_OWNER_OR_PRIVILEGED_POLICY,PHASE1_SCHEMA_CONTRACT_REQUIRED,STANDARD_API_ENVELOPE_FINAL,201_OR_200,ERROR_TAXONOMY_FINAL,NO,TRANSACTION_OR_IDEMPOTENCY_OR_OPTIMISTIC_VERSION,AUTH_MIDDLEWARE_RATE_LIMIT_POLICY,N/A,PHASE2_DB_MAPPING_REQUIRED,AUDIT_OR_DOMAIN_EVENT_REQUIRED,services/api/src/routes/users.routes.ts,apps/mobile,PASS_CONTRACT_FROZEN_IMPLEMENTATION_VERIFICATION_LATER
POST,/api/v1/users/me/restore,PROF,PROF-PHASE1,YES,USER,AUTHENTICATED_USER_EQUALS_OWNER_OR_PRIVILEGED_POLICY,PHASE1_SCHEMA_CONTRACT_REQUIRED,STANDARD_API_ENVELOPE_FINAL,201_OR_200,ERROR_TAXONOMY_FINAL,NO,TRANSACTION_OR_IDEMPOTENCY_OR_OPTIMISTIC_VERSION,AUTH_MIDDLEWARE_RATE_LIMIT_POLICY,N/A,PHASE2_DB_MAPPING_REQUIRED,AUDIT_OR_DOMAIN_EVENT_REQUIRED,services/api/src/routes/users.routes.ts,apps/mobile,PASS_CONTRACT_FROZEN_IMPLEMENTATION_VERIFICATION_LATER
POST,/api/v1/users/me/privacy-export,PROF,PROF-PHASE1,YES,USER,AUTHENTICATED_USER_EQUALS_OWNER_OR_PRIVILEGED_POLICY,PHASE1_SCHEMA_CONTRACT_REQUIRED,STANDARD_API_ENVELOPE_FINAL,201_OR_200,ERROR_TAXONOMY_FINAL,NO,TRANSACTION_OR_IDEMPOTENCY_OR_OPTIMISTIC_VERSION,AUTH_MIDDLEWARE_RATE_LIMIT_POLICY,N/A,PHASE2_DB_MAPPING_REQUIRED,AUDIT_OR_DOMAIN_EVENT_REQUIRED,services/api/src/routes/users.routes.ts,apps/mobile,PASS_CONTRACT_FROZEN_IMPLEMENTATION_VERIFICATION_LATER
GET,/api/v1/users/me/privacy-exports,PROF,PROF-PHASE1,YES,USER,AUTHENTICATED_USER_EQUALS_OWNER_OR_PRIVILEGED_POLICY,PHASE1_SCHEMA_CONTRACT_REQUIRED,STANDARD_API_ENVELOPE_FINAL,200,ERROR_TAXONOMY_FINAL,NO,READ_CONSISTENCY,AUTH_MIDDLEWARE_RATE_LIMIT_POLICY,CURSOR_DEFAULT_20_MAX_100,PHASE2_DB_MAPPING_REQUIRED,REQUEST_TRACE_ONLY,services/api/src/routes/users.routes.ts,apps/mobile,PASS_CONTRACT_FROZEN_IMPLEMENTATION_VERIFICATION_LATER
GET,/api/v1/users/me/privacy-exports/{exportId},PROF,PROF-PHASE1,YES,USER,AUTHENTICATED_USER_EQUALS_OWNER_OR_PRIVILEGED_POLICY,PHASE1_SCHEMA_CONTRACT_REQUIRED,STANDARD_API_ENVELOPE_FINAL,200,ERROR_TAXONOMY_FINAL,NO,READ_CONSISTENCY,AUTH_MIDDLEWARE_RATE_LIMIT_POLICY,N/A,PHASE2_DB_MAPPING_REQUIRED,REQUEST_TRACE_ONLY,services/api/src/routes/users.routes.ts,apps/mobile,PASS_CONTRACT_FROZEN_IMPLEMENTATION_VERIFICATION_LATER
GET,/api/v1/users/settings,PROF,PROF-PHASE1,YES,USER,AUTHENTICATED_USER_EQUALS_OWNER_OR_PRIVILEGED_POLICY,PHASE1_SCHEMA_CONTRACT_REQUIRED,STANDARD_API_ENVELOPE_FINAL,200,ERROR_TAXONOMY_FINAL,NO,READ_CONSISTENCY,AUTH_MIDDLEWARE_RATE_LIMIT_POLICY,CURSOR_DEFAULT_20_MAX_100,PHASE2_DB_MAPPING_REQUIRED,REQUEST_TRACE_ONLY,services/api/src/routes/users.routes.ts,apps/mobile,PASS_CONTRACT_FROZEN_IMPLEMENTATION_VERIFICATION_LATER
PUT,/api/v1/users/settings,PROF,PROF-PHASE1,YES,USER,AUTHENTICATED_USER_EQUALS_OWNER_OR_PRIVILEGED_POLICY,PHASE1_SCHEMA_CONTRACT_REQUIRED,STANDARD_API_ENVELOPE_FINAL,200,ERROR_TAXONOMY_FINAL,NO,TRANSACTION_OR_IDEMPOTENCY_OR_OPTIMISTIC_VERSION,AUTH_MIDDLEWARE_RATE_LIMIT_POLICY,N/A,PHASE2_DB_MAPPING_REQUIRED,AUDIT_OR_DOMAIN_EVENT_REQUIRED,services/api/src/routes/users.routes.ts,apps/mobile,PASS_CONTRACT_FROZEN_IMPLEMENTATION_VERIFICATION_LATER
PATCH,/api/v1/users/settings,PROF,PROF-PHASE1,YES,USER,AUTHENTICATED_USER_EQUALS_OWNER_OR_PRIVILEGED_POLICY,PHASE1_SCHEMA_CONTRACT_REQUIRED,STANDARD_API_ENVELOPE_FINAL,200,ERROR_TAXONOMY_FINAL,NO,TRANSACTION_OR_IDEMPOTENCY_OR_OPTIMISTIC_VERSION,AUTH_MIDDLEWARE_RATE_LIMIT_POLICY,N/A,PHASE2_DB_MAPPING_REQUIRED,AUDIT_OR_DOMAIN_EVENT_REQUIRED,services/api/src/routes/users.routes.ts,apps/mobile,PASS_CONTRACT_FROZEN_IMPLEMENTATION_VERIFICATION_LATER
GET,/api/v1/users/consents,PROF,PROF-PHASE1,YES,USER,AUTHENTICATED_USER_EQUALS_OWNER_OR_PRIVILEGED_POLICY,PHASE1_SCHEMA_CONTRACT_REQUIRED,STANDARD_API_ENVELOPE_FINAL,200,ERROR_TAXONOMY_FINAL,NO,READ_CONSISTENCY,AUTH_MIDDLEWARE_RATE_LIMIT_POLICY,CURSOR_DEFAULT_20_MAX_100,PHASE2_DB_MAPPING_REQUIRED,REQUEST_TRACE_ONLY,services/api/src/routes/users.routes.ts,apps/mobile,PASS_CONTRACT_FROZEN_IMPLEMENTATION_VERIFICATION_LATER
POST,/api/v1/users/consents,PROF,PROF-PHASE1,YES,USER,AUTHENTICATED_USER_EQUALS_OWNER_OR_PRIVILEGED_POLICY,PHASE1_SCHEMA_CONTRACT_REQUIRED,STANDARD_API_ENVELOPE_FINAL,201_OR_200,ERROR_TAXONOMY_FINAL,NO,TRANSACTION_OR_IDEMPOTENCY_OR_OPTIMISTIC_VERSION,AUTH_MIDDLEWARE_RATE_LIMIT_POLICY,N/A,PHASE2_DB_MAPPING_REQUIRED,AUDIT_OR_DOMAIN_EVENT_REQUIRED,services/api/src/routes/users.routes.ts,apps/mobile,PASS_CONTRACT_FROZEN_IMPLEMENTATION_VERIFICATION_LATER
PUT,/api/v1/users/consents,PROF,PROF-PHASE1,YES,USER,AUTHENTICATED_USER_EQUALS_OWNER_OR_PRIVILEGED_POLICY,PHASE1_SCHEMA_CONTRACT_REQUIRED,STANDARD_API_ENVELOPE_FINAL,200,ERROR_TAXONOMY_FINAL,NO,TRANSACTION_OR_IDEMPOTENCY_OR_OPTIMISTIC_VERSION,AUTH_MIDDLEWARE_RATE_LIMIT_POLICY,N/A,PHASE2_DB_MAPPING_REQUIRED,AUDIT_OR_DOMAIN_EVENT_REQUIRED,services/api/src/routes/users.routes.ts,apps/mobile,PASS_CONTRACT_FROZEN_IMPLEMENTATION_VERIFICATION_LATER
PATCH,/api/v1/users/consents,PROF,PROF-PHASE1,YES,USER,AUTHENTICATED_USER_EQUALS_OWNER_OR_PRIVILEGED_POLICY,PHASE1_SCHEMA_CONTRACT_REQUIRED,STANDARD_API_ENVELOPE_FINAL,200,ERROR_TAXONOMY_FINAL,NO,TRANSACTION_OR_IDEMPOTENCY_OR_OPTIMISTIC_VERSION,AUTH_MIDDLEWARE_RATE_LIMIT_POLICY,N/A,PHASE2_DB_MAPPING_REQUIRED,AUDIT_OR_DOMAIN_EVENT_REQUIRED,services/api/src/routes/users.routes.ts,apps/mobile,PASS_CONTRACT_FROZEN_IMPLEMENTATION_VERIFICATION_LATER
GET,/api/v1/users/privacy/export,PROF,PROF-PHASE1,YES,USER,AUTHENTICATED_USER_EQUALS_OWNER_OR_PRIVILEGED_POLICY,PHASE1_SCHEMA_CONTRACT_REQUIRED,STANDARD_API_ENVELOPE_FINAL,200,ERROR_TAXONOMY_FINAL,NO,READ_CONSISTENCY,AUTH_MIDDLEWARE_RATE_LIMIT_POLICY,CURSOR_DEFAULT_20_MAX_100,PHASE2_DB_MAPPING_REQUIRED,REQUEST_TRACE_ONLY,services/api/src/routes/users.routes.ts,apps/mobile,PASS_CONTRACT_FROZEN_IMPLEMENTATION_VERIFICATION_LATER
POST,/api/v1/users/privacy/export,PROF,PROF-PHASE1,YES,USER,AUTHENTICATED_USER_EQUALS_OWNER_OR_PRIVILEGED_POLICY,PHASE1_SCHEMA_CONTRACT_REQUIRED,STANDARD_API_ENVELOPE_FINAL,201_OR_200,ERROR_TAXONOMY_FINAL,NO,TRANSACTION_OR_IDEMPOTENCY_OR_OPTIMISTIC_VERSION,AUTH_MIDDLEWARE_RATE_LIMIT_POLICY,N/A,PHASE2_DB_MAPPING_REQUIRED,AUDIT_OR_DOMAIN_EVENT_REQUIRED,services/api/src/routes/users.routes.ts,apps/mobile,PASS_CONTRACT_FROZEN_IMPLEMENTATION_VERIFICATION_LATER
GET,/api/v1/users/privacy/export/{exportId},PROF,PROF-PHASE1,YES,USER,AUTHENTICATED_USER_EQUALS_OWNER_OR_PRIVILEGED_POLICY,PHASE1_SCHEMA_CONTRACT_REQUIRED,STANDARD_API_ENVELOPE_FINAL,200,ERROR_TAXONOMY_FINAL,NO,READ_CONSISTENCY,AUTH_MIDDLEWARE_RATE_LIMIT_POLICY,N/A,PHASE2_DB_MAPPING_REQUIRED,REQUEST_TRACE_ONLY,services/api/src/routes/users.routes.ts,apps/mobile,PASS_CONTRACT_FROZEN_IMPLEMENTATION_VERIFICATION_LATER
GET,/api/v1/variable-expenses,EXP,EXP-PHASE1,YES,USER,AUTHENTICATED_USER_EQUALS_OWNER_OR_PRIVILEGED_POLICY,PHASE1_SCHEMA_CONTRACT_REQUIRED,STANDARD_API_ENVELOPE_FINAL,200,ERROR_TAXONOMY_FINAL,NO,READ_CONSISTENCY,AUTH_MIDDLEWARE_RATE_LIMIT_POLICY,CURSOR_DEFAULT_20_MAX_100,PHASE2_DB_MAPPING_REQUIRED,REQUEST_TRACE_ONLY,services/api/src/routes/variable-expenses.routes.ts,apps/mobile,PASS_CONTRACT_FROZEN_IMPLEMENTATION_VERIFICATION_LATER
POST,/api/v1/variable-expenses,EXP,EXP-PHASE1,YES,USER,AUTHENTICATED_USER_EQUALS_OWNER_OR_PRIVILEGED_POLICY,PHASE1_SCHEMA_CONTRACT_REQUIRED,STANDARD_API_ENVELOPE_FINAL,201_OR_200,ERROR_TAXONOMY_FINAL,YES,TRANSACTION_OR_IDEMPOTENCY_OR_OPTIMISTIC_VERSION,AUTH_MIDDLEWARE_RATE_LIMIT_POLICY,N/A,PHASE2_DB_MAPPING_REQUIRED,AUDIT_OR_DOMAIN_EVENT_REQUIRED,services/api/src/routes/variable-expenses.routes.ts,apps/mobile,PASS_CONTRACT_FROZEN_IMPLEMENTATION_VERIFICATION_LATER
GET,/api/v1/variable-expenses/today,EXP,EXP-PHASE1,YES,USER,AUTHENTICATED_USER_EQUALS_OWNER_OR_PRIVILEGED_POLICY,PHASE1_SCHEMA_CONTRACT_REQUIRED,STANDARD_API_ENVELOPE_FINAL,200,ERROR_TAXONOMY_FINAL,NO,READ_CONSISTENCY,AUTH_MIDDLEWARE_RATE_LIMIT_POLICY,CURSOR_DEFAULT_20_MAX_100,PHASE2_DB_MAPPING_REQUIRED,REQUEST_TRACE_ONLY,services/api/src/routes/variable-expenses.routes.ts,apps/mobile,PASS_CONTRACT_FROZEN_IMPLEMENTATION_VERIFICATION_LATER
GET,/api/v1/variable-expenses/recent,EXP,EXP-PHASE1,YES,USER,AUTHENTICATED_USER_EQUALS_OWNER_OR_PRIVILEGED_POLICY,PHASE1_SCHEMA_CONTRACT_REQUIRED,STANDARD_API_ENVELOPE_FINAL,200,ERROR_TAXONOMY_FINAL,NO,READ_CONSISTENCY,AUTH_MIDDLEWARE_RATE_LIMIT_POLICY,CURSOR_DEFAULT_20_MAX_100,PHASE2_DB_MAPPING_REQUIRED,REQUEST_TRACE_ONLY,services/api/src/routes/variable-expenses.routes.ts,apps/mobile,PASS_CONTRACT_FROZEN_IMPLEMENTATION_VERIFICATION_LATER
GET,/api/v1/variable-expenses/summary,EXP,EXP-PHASE1,YES,USER,AUTHENTICATED_USER_EQUALS_OWNER_OR_PRIVILEGED_POLICY,PHASE1_SCHEMA_CONTRACT_REQUIRED,STANDARD_API_ENVELOPE_FINAL,200,ERROR_TAXONOMY_FINAL,NO,READ_CONSISTENCY,AUTH_MIDDLEWARE_RATE_LIMIT_POLICY,CURSOR_DEFAULT_20_MAX_100,PHASE2_DB_MAPPING_REQUIRED,REQUEST_TRACE_ONLY,services/api/src/routes/variable-expenses.routes.ts,apps/mobile,PASS_CONTRACT_FROZEN_IMPLEMENTATION_VERIFICATION_LATER
GET,/api/v1/variable-expenses/calendar,EXP,EXP-PHASE1,YES,USER,AUTHENTICATED_USER_EQUALS_OWNER_OR_PRIVILEGED_POLICY,PHASE1_SCHEMA_CONTRACT_REQUIRED,STANDARD_API_ENVELOPE_FINAL,200,ERROR_TAXONOMY_FINAL,NO,READ_CONSISTENCY,AUTH_MIDDLEWARE_RATE_LIMIT_POLICY,CURSOR_DEFAULT_20_MAX_100,PHASE2_DB_MAPPING_REQUIRED,REQUEST_TRACE_ONLY,services/api/src/routes/variable-expenses.routes.ts,apps/mobile,PASS_CONTRACT_FROZEN_IMPLEMENTATION_VERIFICATION_LATER
GET,/api/v1/variable-expenses/categories,EXP,EXP-PHASE1,YES,USER,AUTHENTICATED_USER_EQUALS_OWNER_OR_PRIVILEGED_POLICY,PHASE1_SCHEMA_CONTRACT_REQUIRED,STANDARD_API_ENVELOPE_FINAL,200,ERROR_TAXONOMY_FINAL,NO,READ_CONSISTENCY,AUTH_MIDDLEWARE_RATE_LIMIT_POLICY,CURSOR_DEFAULT_20_MAX_100,PHASE2_DB_MAPPING_REQUIRED,REQUEST_TRACE_ONLY,services/api/src/routes/variable-expenses.routes.ts,apps/mobile,PASS_CONTRACT_FROZEN_IMPLEMENTATION_VERIFICATION_LATER
POST,/api/v1/variable-expenses/impact,EXP,EXP-PHASE1,YES,USER,AUTHENTICATED_USER_EQUALS_OWNER_OR_PRIVILEGED_POLICY,PHASE1_SCHEMA_CONTRACT_REQUIRED,STANDARD_API_ENVELOPE_FINAL,201_OR_200,ERROR_TAXONOMY_FINAL,YES,TRANSACTION_OR_IDEMPOTENCY_OR_OPTIMISTIC_VERSION,AUTH_MIDDLEWARE_RATE_LIMIT_POLICY,N/A,PHASE2_DB_MAPPING_REQUIRED,AUDIT_OR_DOMAIN_EVENT_REQUIRED,services/api/src/routes/variable-expenses.routes.ts,apps/mobile,PASS_CONTRACT_FROZEN_IMPLEMENTATION_VERIFICATION_LATER
GET,/api/v1/variable-expenses/{expenseId},EXP,EXP-PHASE1,YES,USER,AUTHENTICATED_USER_EQUALS_OWNER_OR_PRIVILEGED_POLICY,PHASE1_SCHEMA_CONTRACT_REQUIRED,STANDARD_API_ENVELOPE_FINAL,200,ERROR_TAXONOMY_FINAL,NO,READ_CONSISTENCY,AUTH_MIDDLEWARE_RATE_LIMIT_POLICY,N/A,PHASE2_DB_MAPPING_REQUIRED,REQUEST_TRACE_ONLY,services/api/src/routes/variable-expenses.routes.ts,apps/mobile,PASS_CONTRACT_FROZEN_IMPLEMENTATION_VERIFICATION_LATER
PATCH,/api/v1/variable-expenses/{expenseId},EXP,EXP-PHASE1,YES,USER,AUTHENTICATED_USER_EQUALS_OWNER_OR_PRIVILEGED_POLICY,PHASE1_SCHEMA_CONTRACT_REQUIRED,STANDARD_API_ENVELOPE_FINAL,200,ERROR_TAXONOMY_FINAL,YES,TRANSACTION_OR_IDEMPOTENCY_OR_OPTIMISTIC_VERSION,AUTH_MIDDLEWARE_RATE_LIMIT_POLICY,N/A,PHASE2_DB_MAPPING_REQUIRED,AUDIT_OR_DOMAIN_EVENT_REQUIRED,services/api/src/routes/variable-expenses.routes.ts,apps/mobile,PASS_CONTRACT_FROZEN_IMPLEMENTATION_VERIFICATION_LATER
DELETE,/api/v1/variable-expenses/{expenseId},EXP,EXP-PHASE1,YES,USER,AUTHENTICATED_USER_EQUALS_OWNER_OR_PRIVILEGED_POLICY,PHASE1_SCHEMA_CONTRACT_REQUIRED,STANDARD_API_ENVELOPE_FINAL,200,ERROR_TAXONOMY_FINAL,YES,TRANSACTION_OR_IDEMPOTENCY_OR_OPTIMISTIC_VERSION,AUTH_MIDDLEWARE_RATE_LIMIT_POLICY,N/A,PHASE2_DB_MAPPING_REQUIRED,AUDIT_OR_DOMAIN_EVENT_REQUIRED,services/api/src/routes/variable-expenses.routes.ts,apps/mobile,PASS_CONTRACT_FROZEN_IMPLEMENTATION_VERIFICATION_LATER
POST,/api/v1/variable-expenses/{expenseId}/refund,EXP,EXP-PHASE1,YES,USER,AUTHENTICATED_USER_EQUALS_OWNER_OR_PRIVILEGED_POLICY,PHASE1_SCHEMA_CONTRACT_REQUIRED,STANDARD_API_ENVELOPE_FINAL,201_OR_200,ERROR_TAXONOMY_FINAL,YES,TRANSACTION_OR_IDEMPOTENCY_OR_OPTIMISTIC_VERSION,AUTH_MIDDLEWARE_RATE_LIMIT_POLICY,N/A,PHASE2_DB_MAPPING_REQUIRED,AUDIT_OR_DOMAIN_EVENT_REQUIRED,services/api/src/routes/variable-expenses.routes.ts,apps/mobile,PASS_CONTRACT_FROZEN_IMPLEMENTATION_VERIFICATION_LATER
POST,/api/v1/variable-expenses/{expenseId}/void,EXP,EXP-PHASE1,YES,USER,AUTHENTICATED_USER_EQUALS_OWNER_OR_PRIVILEGED_POLICY,PHASE1_SCHEMA_CONTRACT_REQUIRED,STANDARD_API_ENVELOPE_FINAL,201_OR_200,ERROR_TAXONOMY_FINAL,YES,TRANSACTION_OR_IDEMPOTENCY_OR_OPTIMISTIC_VERSION,AUTH_MIDDLEWARE_RATE_LIMIT_POLICY,N/A,PHASE2_DB_MAPPING_REQUIRED,AUDIT_OR_DOMAIN_EVENT_REQUIRED,services/api/src/routes/variable-expenses.routes.ts,apps/mobile,PASS_CONTRACT_FROZEN_IMPLEMENTATION_VERIFICATION_LATER
GET,/,OPS,OPS-PHASE1,YES,PUBLIC_OR_SYSTEM,PUBLIC_OR_SYSTEM_POLICY,PHASE1_SCHEMA_CONTRACT_REQUIRED,STANDARD_API_ENVELOPE_FINAL,200,ERROR_TAXONOMY_FINAL,NO,READ_CONSISTENCY,AUTH_MIDDLEWARE_RATE_LIMIT_POLICY,CURSOR_DEFAULT_20_MAX_100,PHASE2_DB_MAPPING_REQUIRED,REQUEST_TRACE_ONLY,services/api/src/app.ts,apps/mobile,PASS_CONTRACT_FROZEN_IMPLEMENTATION_VERIFICATION_LATER
GET,/partners,ADS,ADS-PHASE1,NO_PUBLIC_ALLOWLIST,PUBLIC_OR_SYSTEM,PUBLIC_OR_SYSTEM_POLICY,PHASE1_SCHEMA_CONTRACT_REQUIRED,STANDARD_API_ENVELOPE_FINAL,200,ERROR_TAXONOMY_FINAL,NO,READ_CONSISTENCY,AUTH_MIDDLEWARE_RATE_LIMIT_POLICY,CURSOR_DEFAULT_20_MAX_100,PHASE2_DB_MAPPING_REQUIRED,REQUEST_TRACE_ONLY,services/api/src/app.ts,apps/mobile,PASS_CONTRACT_FROZEN_IMPLEMENTATION_VERIFICATION_LATER
GET,/privacy,SEC,SEC-PHASE1,NO_PUBLIC_ALLOWLIST,PUBLIC_OR_SYSTEM,PUBLIC_OR_SYSTEM_POLICY,PHASE1_SCHEMA_CONTRACT_REQUIRED,STANDARD_API_ENVELOPE_FINAL,200,ERROR_TAXONOMY_FINAL,NO,READ_CONSISTENCY,AUTH_MIDDLEWARE_RATE_LIMIT_POLICY,CURSOR_DEFAULT_20_MAX_100,PHASE2_DB_MAPPING_REQUIRED,REQUEST_TRACE_ONLY,services/api/src/app.ts,apps/mobile,PASS_CONTRACT_FROZEN_IMPLEMENTATION_VERIFICATION_LATER
GET,/support,PROF,PROF-PHASE1,NO_PUBLIC_ALLOWLIST,PUBLIC_OR_SYSTEM,PUBLIC_OR_SYSTEM_POLICY,PHASE1_SCHEMA_CONTRACT_REQUIRED,STANDARD_API_ENVELOPE_FINAL,200,ERROR_TAXONOMY_FINAL,NO,READ_CONSISTENCY,AUTH_MIDDLEWARE_RATE_LIMIT_POLICY,CURSOR_DEFAULT_20_MAX_100,PHASE2_DB_MAPPING_REQUIRED,REQUEST_TRACE_ONLY,services/api/src/app.ts,apps/mobile,PASS_CONTRACT_FROZEN_IMPLEMENTATION_VERIFICATION_LATER
GET,/terms,SEC,SEC-PHASE1,NO_PUBLIC_ALLOWLIST,PUBLIC_OR_SYSTEM,PUBLIC_OR_SYSTEM_POLICY,PHASE1_SCHEMA_CONTRACT_REQUIRED,STANDARD_API_ENVELOPE_FINAL,200,ERROR_TAXONOMY_FINAL,NO,READ_CONSISTENCY,AUTH_MIDDLEWARE_RATE_LIMIT_POLICY,CURSOR_DEFAULT_20_MAX_100,PHASE2_DB_MAPPING_REQUIRED,REQUEST_TRACE_ONLY,services/api/src/app.ts,apps/mobile,PASS_CONTRACT_FROZEN_IMPLEMENTATION_VERIFICATION_LATER
GET,/health,OPS,OPS-PHASE1,NO_PUBLIC_ALLOWLIST,PUBLIC_OR_SYSTEM,PUBLIC_OR_SYSTEM_POLICY,PHASE1_SCHEMA_CONTRACT_REQUIRED,STANDARD_API_ENVELOPE_FINAL,200,ERROR_TAXONOMY_FINAL,NO,READ_CONSISTENCY,AUTH_MIDDLEWARE_RATE_LIMIT_POLICY,N/A,PHASE2_DB_MAPPING_REQUIRED,REQUEST_TRACE_ONLY,services/api/src/app.ts,apps/mobile,PASS_CONTRACT_FROZEN_IMPLEMENTATION_VERIFICATION_LATER
GET,/live,OPS,OPS-PHASE1,NO_PUBLIC_ALLOWLIST,PUBLIC_OR_SYSTEM,PUBLIC_OR_SYSTEM_POLICY,PHASE1_SCHEMA_CONTRACT_REQUIRED,STANDARD_API_ENVELOPE_FINAL,200,ERROR_TAXONOMY_FINAL,NO,READ_CONSISTENCY,AUTH_MIDDLEWARE_RATE_LIMIT_POLICY,N/A,PHASE2_DB_MAPPING_REQUIRED,REQUEST_TRACE_ONLY,services/api/src/app.ts,apps/mobile,PASS_CONTRACT_FROZEN_IMPLEMENTATION_VERIFICATION_LATER
GET,/_health,OPS,OPS-PHASE1,NO_PUBLIC_ALLOWLIST,PUBLIC_OR_SYSTEM,PUBLIC_OR_SYSTEM_POLICY,PHASE1_SCHEMA_CONTRACT_REQUIRED,STANDARD_API_ENVELOPE_FINAL,200,ERROR_TAXONOMY_FINAL,NO,READ_CONSISTENCY,AUTH_MIDDLEWARE_RATE_LIMIT_POLICY,N/A,PHASE2_DB_MAPPING_REQUIRED,REQUEST_TRACE_ONLY,services/api/src/app.ts,apps/mobile,PASS_CONTRACT_FROZEN_IMPLEMENTATION_VERIFICATION_LATER
GET,/api/v1/health,OPS,OPS-PHASE1,NO_PUBLIC_ALLOWLIST,PUBLIC_OR_SYSTEM,PUBLIC_OR_SYSTEM_POLICY,PHASE1_SCHEMA_CONTRACT_REQUIRED,STANDARD_API_ENVELOPE_FINAL,200,ERROR_TAXONOMY_FINAL,NO,READ_CONSISTENCY,AUTH_MIDDLEWARE_RATE_LIMIT_POLICY,N/A,PHASE2_DB_MAPPING_REQUIRED,REQUEST_TRACE_ONLY,services/api/src/app.ts,apps/mobile,PASS_CONTRACT_FROZEN_IMPLEMENTATION_VERIFICATION_LATER
GET,/api/v1/ready,OPS,OPS-PHASE1,NO_PUBLIC_ALLOWLIST,PUBLIC_OR_SYSTEM,PUBLIC_OR_SYSTEM_POLICY,PHASE1_SCHEMA_CONTRACT_REQUIRED,STANDARD_API_ENVELOPE_FINAL,200,ERROR_TAXONOMY_FINAL,NO,READ_CONSISTENCY,AUTH_MIDDLEWARE_RATE_LIMIT_POLICY,N/A,PHASE2_DB_MAPPING_REQUIRED,REQUEST_TRACE_ONLY,services/api/src/app.ts,apps/mobile,PASS_CONTRACT_FROZEN_IMPLEMENTATION_VERIFICATION_LATER
GET,/api/v1/app-config,OPS,OPS-PHASE1,NO_PUBLIC_ALLOWLIST,PUBLIC_OR_SYSTEM,PUBLIC_OR_SYSTEM_POLICY,PHASE1_SCHEMA_CONTRACT_REQUIRED,STANDARD_API_ENVELOPE_FINAL,200,ERROR_TAXONOMY_FINAL,NO,READ_CONSISTENCY,AUTH_MIDDLEWARE_RATE_LIMIT_POLICY,N/A,PHASE2_DB_MAPPING_REQUIRED,REQUEST_TRACE_ONLY,services/api/src/app.ts,apps/mobile,PASS_CONTRACT_FROZEN_IMPLEMENTATION_VERIFICATION_LATER
GET,/api/v1/public/app-config,OPS,OPS-PHASE1,NO_PUBLIC_ALLOWLIST,PUBLIC_OR_SYSTEM,PUBLIC_OR_SYSTEM_POLICY,PHASE1_SCHEMA_CONTRACT_REQUIRED,STANDARD_API_ENVELOPE_FINAL,200,ERROR_TAXONOMY_FINAL,NO,READ_CONSISTENCY,AUTH_MIDDLEWARE_RATE_LIMIT_POLICY,N/A,PHASE2_DB_MAPPING_REQUIRED,REQUEST_TRACE_ONLY,services/api/src/app.ts,apps/mobile,PASS_CONTRACT_FROZEN_IMPLEMENTATION_VERIFICATION_LATER
GET,/api/v1/public/server-authority-smoke,FIN,FIN-PHASE1,YES,PUBLIC_OR_SYSTEM,PUBLIC_OR_SYSTEM_POLICY,PHASE1_SCHEMA_CONTRACT_REQUIRED,STANDARD_API_ENVELOPE_FINAL,200,ERROR_TAXONOMY_FINAL,NO,READ_CONSISTENCY,AUTH_MIDDLEWARE_RATE_LIMIT_POLICY,CURSOR_DEFAULT_20_MAX_100,PHASE2_DB_MAPPING_REQUIRED,REQUEST_TRACE_ONLY,services/api/src/app.ts,apps/mobile,PASS_CONTRACT_FROZEN_IMPLEMENTATION_VERIFICATION_LATER
GET,/api/v1/mobile/bootstrap,REL,REL-PHASE1,YES,PUBLIC_OR_SYSTEM,PUBLIC_OR_SYSTEM_POLICY,PHASE1_SCHEMA_CONTRACT_REQUIRED,STANDARD_API_ENVELOPE_FINAL,200,ERROR_TAXONOMY_FINAL,NO,READ_CONSISTENCY,AUTH_MIDDLEWARE_RATE_LIMIT_POLICY,CURSOR_DEFAULT_20_MAX_100,PHASE2_DB_MAPPING_REQUIRED,REQUEST_TRACE_ONLY,services/api/src/app.ts,apps/mobile,PASS_CONTRACT_FROZEN_IMPLEMENTATION_VERIFICATION_LATER
GET,/api/v1/manifest,REL,REL-PHASE1,NO_PUBLIC_ALLOWLIST,PUBLIC_OR_SYSTEM,PUBLIC_OR_SYSTEM_POLICY,PHASE1_SCHEMA_CONTRACT_REQUIRED,STANDARD_API_ENVELOPE_FINAL,200,ERROR_TAXONOMY_FINAL,NO,READ_CONSISTENCY,AUTH_MIDDLEWARE_RATE_LIMIT_POLICY,N/A,PHASE2_DB_MAPPING_REQUIRED,REQUEST_TRACE_ONLY,services/api/src/app.ts,apps/mobile,PASS_CONTRACT_FROZEN_IMPLEMENTATION_VERIFICATION_LATER
GET,/manifest,REL,REL-PHASE1,NO_PUBLIC_ALLOWLIST,PUBLIC_OR_SYSTEM,PUBLIC_OR_SYSTEM_POLICY,PHASE1_SCHEMA_CONTRACT_REQUIRED,STANDARD_API_ENVELOPE_FINAL,200,ERROR_TAXONOMY_FINAL,NO,READ_CONSISTENCY,AUTH_MIDDLEWARE_RATE_LIMIT_POLICY,N/A,PHASE2_DB_MAPPING_REQUIRED,REQUEST_TRACE_ONLY,services/api/src/app.ts,apps/mobile,PASS_CONTRACT_FROZEN_IMPLEMENTATION_VERIFICATION_LATER
